split,image,sha256,brightness,contrast,saturation,box_count,box_area_total,box_area_median,box_area_min,object_extent,slice_id,slice
train,018af02b9d44a36dd403786a1b149b73_png.rf.96c09b6a655516f9f62e87c5be5db6d9.jpg,01e182e6c75d21c59e4ae22c7c373f15c14b4a1762b911267f92576c02f6af5c,0.10436126395922608,0.09288891419940214,0.194238655239928,10.0,0.04084488824503312,0.0017565190397350993,0.0007734892384105961,0.047824399834437085,2,dark_small_objects_many_parts
train,019f3875a78b812eba2b17e6defe9204_JPG.rf.476dc19ee9ea2e0642dc05ce4b2b00b9.jpg,8e47b867e9c94efc7a5fcbd8d1db3a62f48916bfa4e2011897e1a23dcf894d5a,0.8741236663308275,0.06962289186813042,0.043342392117369406,5.0,0.24693895476504174,0.02940711462450593,0.02363636363636364,0.5825625823451911,2,dark_small_objects_many_parts
train,0hqa3bm5g5231_jpg.rf.c09b8638aea155732c04fd9f6947d14b.jpg,b2a920af9e884a0c34762b2db6fba778b14321ec6c6a99e04088f04cd7393b46,0.16975464854151537,0.12872866335077188,0.30350114410998774,9.0,0.10598668981481482,0.004993730709876543,0.00018229166666666665,0.12989293981481484,2,dark_small_objects_many_parts
train,0oHgn8L_png.rf.91d6f0b9cc21a57c012a3a8c734d89c5.jpg,e7fd6f9e68893bd5f85fd86ccf0ea1195a9b9c2449e478f6b9f00bec432801b7,0.015552966518397483,0.06728846052202225,0.05936160742067823,3.0,0.047137345679012344,0.015541087962962961,0.007173514660493828,0.07614728009259258,2,dark_small_objects_many_parts
train,0tl9ybZ_png.rf.289046ff673fb725fce8f49230eaff53.jpg,0221a8b99272f787d2bbeaeb19f9763cb1d809bf85093868972bcdb20ebb92ab,0.04242608932461874,0.10258807794292905,0.09050079794491038,7.0,0.09071805555555557,0.000688888888888889,0.0005555555555555556,0.1983986111111111,2,dark_small_objects_many_parts
train,0zkwkwu_jpg.rf.0fd053a2e058217dbe33e8ba5c1a4277.jpg,ec7fcad258c37155bb03f2f107eb8d61f8a24642a1ab190dd48bc9b3b5a8c358,0.24331172468987594,0.15000540983521513,0.19576309802485448,18.0,0.1416326530612245,0.0002868480725623583,0.000163265306122449,0.3127936507936508,2,dark_small_objects_many_parts
train,10NThrusterObj-hres_jpg.rf.4a7ebb8913d7cd3ab0c5e3dfee3bb021.jpg,01085e5de27e1a766a58a5f7a2aa6a305f806931f7648de9c0fd3d10f3121ca8,0.8737258050180174,0.24753536850373803,0.04906948687983494,1.0,0.2744150316619952,0.2744150316619952,0.2744150316619952,0.2744150316619952,1,bright_large_objects_few_parts
train,11-4-magellan-rocket-350x2541_jpg.rf.12b6b5641371cd90bf73b35bae2601f7.jpg,24cba96e8676b5b8a1f8316889155339ab55b5a63c00d6655e4306221e79be4e,0.6643189307218951,0.3618853228216978,0.15572752111098345,2.0,0.26762654668166475,0.13381327334083237,0.12148481439820022,0.32193475815523054,1,bright_large_objects_few_parts
train,1200pxIXOFlyby1Large_jpg.rf.5d29f972e55a5c17102e3a324ff8e289.jpg,4c53b3c5638e77cbd7d39d180dcc38bc05dd93cc6b3b00bf30ce9bc5c9d1f6fc,0.15511043028322438,0.2725493975667343,0.22008439606311275,5.0,0.5910156249999999,0.050703125,0.0027194940476190474,0.5823908730158729,0,bright_large_objects_many_parts
train,123_jpg.rf.9207a6099e7d6a5c9f906fb2cd632da6.jpg,55fb7ef5e9e7c327ee8536c63e22c51bfb2e2b5ecceef7c16d40fedc5d75b361,0.8459029771602531,0.2513093331215304,0.14500333000631893,3.0,0.13390481499849768,0.023718419785621975,0.015660238704609385,0.5562896166752945,0,bright_large_objects_many_parts
train,1414652659_b1c63b8fa937f4fa2397dbeaeb5df05f_1_jpg.rf.924a007f6e55baddd26e8cfe41a438fe.jpg,6a903028be2873c0b9d6c98e4d85592a1e05eeb7b63281eb39806ecdd67a50ee,0.9096866625510774,0.23027633303826617,0.03595034655402688,1.0,0.054971514242878564,0.054971514242878564,0.054971514242878564,0.05497151424287855,1,bright_large_objects_few_parts
train,1414652659_d164db8c23666dae7e85c2c828865ac9_2_jpg.rf.283aaeaf3e991cbd4dd4cbec0cbc3a3e.jpg,6668aa2ae2a428406ca374ee60c025527671feefb803bdee95a3aca66e047de3,0.8951087926624922,0.23933647309496195,0.04999336167877796,1.0,0.08620689655172414,0.08620689655172414,0.08620689655172414,0.08620689655172414,1,bright_large_objects_few_parts
train,1443582845_563754c1e4e881e2f517b2cbe5bbd185_3_jpg.rf.8fa22fb8b213508e3d0ddfb0565d2116.jpg,ef5e87783e314299b6219ce4fa2a994fce93341ee9d0efa85810cbb830e4781f,0.8998803513822808,0.23926601042588927,0.041156551884669886,1.0,0.13801125919117646,0.13801125919117646,0.13801125919117646,0.13801125919117646,1,bright_large_objects_few_parts
train,1468849352244_jpg.rf.781e93d77513ed85070a85fc390bd991.jpg,161fa844429198a638d7e4fda75e60d7fedb377d046010cc6f35791fbf077fca,0.8694227413897001,0.24034126155952978,0.04538332247266583,1.0,0.05123404255319149,0.05123404255319149,0.05123404255319149,0.05123404255319147,1,bright_large_objects_few_parts
train,15634658asd6aFSDACapture_PNG.rf.3494bb2552ba5c77649d29bee02de25b.jpg,639180d52698cd20fbae6d8c9ad532686ddc63fc169e65b2620f3a1eaa1767c5,0.4238919244993832,0.19595710498850297,0.18055847766352634,1.0,0.0731233907704496,0.0731233907704496,0.0731233907704496,0.0731233907704496,2,dark_small_objects_many_parts
train,16229135687_8404a1ab2a_b_jpg.rf.b1a5eba04fa20c602d28b4a3f91b9f53.jpg,9bd7c7d5121779785f0ed2017b6e326332bd4ad3e5929d8e0bfb09ee0a9a2d21,0.13477368323631536,0.09866237060243158,0.18757639866249234,12.0,0.09199523925781251,0.0012122260199652778,0.0003306070963541667,0.07022772894965279,2,dark_small_objects_many_parts
train,1654165415a5s4dfCapture_PNG.rf.a6f8d142b6fdb9c932972a4ab8b3454b.jpg,4ec8df69fbe43cba1af04845be193a8cbf87efa63d7d4bd9641f627a50bec0cd,0.6388568706834961,0.1720200434885165,0.06448029910816866,1.0,0.16366396761133603,0.16366396761133603,0.16366396761133603,0.16366396761133603,1,bright_large_objects_few_parts
train,17533052711593694977gol1_png.rf.6658a1116818b3f650fcfc11e9f995c1.jpg,4ccc5e3cd6a41500676413b8730e2d537405a6110c98db4a4c9f85a0a2203f7f,0.09300345898390219,0.1644520234806321,0.2164062649595971,17.0,0.17508728780864197,0.0006148726851851852,1.1574074074074075e-05,0.19572723765432098,2,dark_small_objects_many_parts
train,1913783_orig_png.rf.85a37081bb76a0acd67f60021427b958.jpg,159a810091f1a2a1c0ee55676302af6bdd568897a2b9a2170c4bf5c66188197b,0.7291662606822147,0.3326370357026948,0.16539747948740044,1.0,0.26735547355473555,0.26735547355473555,0.26735547355473555,0.26735547355473555,1,bright_large_objects_few_parts
train,20131014_ksp1832_mpsmc1_jpg.rf.aaa447d2bf4fd7ae926fc9c4227d906a.jpg,e4a3226f1e8ef2ce1637e3a70f2865381ed9215b203b9d96a22efdb49bcb5779,0.04346747890094549,0.07235851559039645,0.3916577208275889,10.0,0.2433058252427185,0.013812297734627832,0.0022071197411003235,0.39922330097087383,2,dark_small_objects_many_parts
train,220n-atv-thruster-cluster_jpg.rf.f0b8c7f93213fe07ea381f846b63c046.jpg,9df16308485cef29db4b740a012665a53bb286344721ab001624f7fd1a0214f7,0.5253397518349188,0.2330366995688989,0.12866584927428001,5.0,0.17508479468860505,0.03935916865122321,0.019744533448798444,0.5238507613480552,0,bright_large_objects_many_parts
train,30648777498_6b0074fdf4_o_jpg.rf.a6ce3339db4e559173cef7fe0614696f.jpg,a74532aa8ace079d53df5489a78648f4f87e2e6f9ae925f9fc17c7191a759f13,0.4083022289444624,0.24719705344571222,0.22189042334463083,0.0,0.0,0.0,0.0,0.0,2,dark_small_objects_many_parts
train,3229222435_jpg.rf.4ac98880d7468fa16072b48d3a7d3ff7.jpg,0b6560859638a75ff5058a6ebc0fc210a0534df1dc9d1812e87cb2e612488a5f,0.4562301785138928,0.26177755563022226,0.11798391903147978,1.0,0.4163342833227716,0.4163342833227716,0.4163342833227716,0.41633428332277156,1,bright_large_objects_few_parts
train,38da520b31cf0ab32afbc94cd54456bc_jpg.rf.7c1defdb26a4b82316f4eac6189b5a0f.jpg,49cbae6c7689694d57c4e04f383c0d9e2d78c45d38e1bb4c477b53b3342c510c,0.3839220276349142,0.18572467763585893,0.3325835882448683,1.0,0.03570721402594481,0.03570721402594481,0.03570721402594481,0.035707214025944845,2,dark_small_objects_many_parts
train,3D-printed_platinum_thruster_chamber_and_nozzle_jpg.rf.39b40571e5639fe202db95b4cb069fc3.jpg,448b526fb31072d9a2406cd7d667b01a98bc6cdaac3c9f2f2355bf025cdd5c25,0.5124905739201632,0.10107369841329752,0.22379958208869485,1.0,0.2900517892050391,0.2900517892050391,0.2900517892050391,0.29005178920503905,1,bright_large_objects_few_parts
train,3D-printed_platinum_thruster_chamber_and_nozzle_pillars_jpg.rf.75a470013a52cf40514ef7fd3225e84b.jpg,66fa01ffdca1e8225f2cc2e489150e2a2c7bf721f85f2398b80574bf2ffe58e6,0.44407924000185994,0.23204424233759804,0.2307172737869562,1.0,0.12762209111766634,0.12762209111766634,0.12762209111766634,0.12762209111766637,1,bright_large_objects_few_parts
train,487090main_thrust_test_jpg.rf.9e9fce452fd5276217673efcd5f68bf3.jpg,79cf68cd18d132d81cf639dd99cfdd56527c092cbc87e6900a9f7eed2c2a4227,0.1564475535584604,0.1771886017796186,0.39261456657858457,1.0,0.00794849537037037,0.00794849537037037,0.00794849537037037,0.007948495370370377,2,dark_small_objects_many_parts
train,49438910138_4a3bd45349_c_d_jpg.rf.38ceca432bf6d2eda29fd5be6571820d.jpg,91fb5d671678ec14e5e19c5ee7f470758fd6c64b4118492e63861eb711a32466,0.06560512254901961,0.11727696457640106,0.28186223647173714,17.0,0.25862291666666665,0.0028333333333333335,0.0002291666666666667,0.4128374999999999,2,dark_small_objects_many_parts
train,5021412_orig_png.rf.1d3f1daf0b6e47f1ca7a22e022468846.jpg,5b96f499d5ac3a880026cb2ec964ae1028c6acd5384e45d56f45b0855f21123b,0.6372009517991291,0.14317214289236918,0.18666176889456954,1.0,0.06916401282598465,0.06916401282598465,0.06916401282598465,0.0691640128259847,2,dark_small_objects_many_parts
train,53hi36nplsi21_png.rf.4e3e9dd8050092dc8af5adbeb9263abe.jpg,88a0821e28eb49f32b58d81b4a66c3a4fdfc9985a9220a719f164caea73f2278,0.051834897346284194,0.10123232904090959,0.11171759063122319,23.0,0.12412905092592595,0.0008743248456790125,9.403935185185185e-05,0.2474049961419753,2,dark_small_objects_many_parts
train,54as6dfasdfaCapture_PNG.rf.990964bee88c5373af818985521f171f.jpg,cba2ed9860be8ea78748df5823c213145d1fdb51bd915731e1622eabc9920f70,0.7129498763995862,0.31612447433795704,0.23690158619600185,11.0,0.3553369801528859,0.018327605956471933,0.004733852303808121,0.8512518409425627,0,bright_large_objects_many_parts
train,55c0ab50627fecec10f96a5477319cc3_jpg.rf.612c538ae30492d1a19817f9c600691c.jpg,54b683d1befcdf7243ab78588e2e390eb3501120b021a88d14e97829f569ddcd,0.3129013112745098,0.2850622649402906,0.3180323881261489,6.0,0.5749593749999999,0.07680000000000001,0.00050625,0.88359375,0,bright_large_objects_many_parts
train,6807423517_3525e1609b_b_jpg.rf.e8d03779269fa79953fb31a241dab92a.jpg,6dfc660811f8fd0e637f567c96bed1ab691532235127ec19e06a19e0756f95c5,0.41820707632825266,0.10607327417004958,0.6558679318895527,32.0,0.013254801432291666,0.00040880839029947913,0.000286102294921875,0.26363118489583337,2,dark_small_objects_many_parts
train,6988500429_a49e78b0ae_o_jpg.rf.ec98d343c04caf71a0cc40edc363ce37.jpg,95b3f6212b3ac788f2c9776e57d847bf51f673fd673bf8fea533f487338f03ad,0.5384014179720801,0.22080352669093886,0.11803401872223498,4.0,0.19417317708333334,0.05103812839673913,0.030570652173913044,0.798828125,0,bright_large_objects_many_parts
train,6PxdzGM_jpg.rf.cbfc454f1a83890663f1713ce6aae4f9.jpg,3d1fbdbd3fdbad8537450f617fbaeed2c86443011d90636c6291a427e5b27d6d,0.053556091140159766,0.1144320991839217,0.14524756038890166,4.0,0.16746759259259258,0.03474768518518519,0.02849074074074074,0.21910725308641976,2,dark_small_objects_many_parts
train,74MVJ3J_jpg.rf.bb93393c536574c9522bed3816bdf67f.jpg,6982135e663db27a3f703b05cbed7aa2f1a55525c2342fd1a277cffa5ec215c2,0.0518438161916001,0.1172138634107322,0.1390534195245481,9.0,0.05469762731481481,0.005462962962962963,0.0013503086419753086,0.07215856481481481,2,dark_small_objects_many_parts
train,77QePjU_png.rf.3a6c0457f72b006abfd7c6aaba42aa0f.jpg,b56d18b221b77beac7d8ab926f6f85e0b165b8f21a2ce8f87f1daf794f5f8b90,0.06872688163807189,0.09205354818875237,0.14799686506682752,6.0,0.0991525607638889,0.017428385416666664,0.0037337239583333337,0.2383615451388889,2,dark_small_objects_many_parts
train,77j9t555i7a31_png.rf.87961ae163d90249f8d96b7d87d0fff2.jpg,e49813b15afe1c2a112db4317bf912ba74c1b759fb8e9fd4f2c1c173cc4778a1,0.030590039488017428,0.07484959443657166,0.04867112402822457,4.0,0.05853009259259259,0.013344907407407406,0.008722993827160493,0.06666666666666668,2,dark_small_objects_many_parts
train,7924SyZ_jpg.rf.25f002ff8916071e0ca918121d9ffa96.jpg,76dd6645e357244e05c336e9b58bdef863946721eac4510b905f7ecd93afc93d,0.10759267391370128,0.10914798727556961,0.17951232311772367,11.0,0.04243827160493827,0.00013937114197530863,8.777006172839507e-05,0.07434606481481482,2,dark_small_objects_many_parts
train,7bERfDF_png.rf.08b1cea14b04f6063b522f88d8bf99f9.jpg,7cdc526796e3861d17d736e2287bba7d09a32e727af0ff3fc33f01cbdbcb0ce3,0.03922407860849418,0.0745934369554937,0.1287768195657169,16.0,0.11784489949544272,9.1552734375e-05,3.814697265625e-05,0.17810821533203125,2,dark_small_objects_many_parts
train,8737463b866d51defa7dbfb24c516dca_png.rf.ab41c3b9f7d230e11f1a6aea67c54fd5.jpg,b78090049df04b217c350e174702d599b239a6ba66d479e31ebfa4ed2ccb87fc,0.06282042817126851,0.11129128241911283,0.15946831796683517,16.0,0.20778458049886622,0.0039016439909297053,0.0017125850340136053,0.3086099773242631,2,dark_small_objects_many_parts
train,8fb617d63a24f787078e5e5b3a7917a7_jpg.rf.86de73231dbcee75eec145b737060cef.jpg,45249433f75a6e93a180c442dcd38657c14a094c08ace5fe5c69630abdfe624c,0.15547120665395786,0.15211961116951983,0.23018459245270373,3.0,0.2035768711419753,0.048632812500000004,0.04400848765432098,0.4486805555555555,2,dark_small_objects_many_parts
train,952bb5087346388b388c49c6edddd30b_jpg.rf.4be96e4d006cd030d69f6d08315d01cc.jpg,0ac0155c02761228de8f9ad5f8657fca63f764926ba5064fca5e57d5b967bd8d,0.2129728370098039,0.0940805701774283,0.6396234250536152,4.0,0.06393958333333333,0.012151562499999997,0.0005531249999999999,0.0912333333333333,2,dark_small_objects_many_parts
train,9t8NX5b_jpg.rf.d298a0b011b7600a5f00fee1aac21e81.jpg,26b28697ac34bef271458fabb5c9bed4bdd9c673b5b5963ebedb8950f5e35705,0.12308085398511256,0.11125393218540924,0.17945238001206343,13.0,0.10299864969135801,0.00015576774691358024,0.00012297453703703702,0.17745225694444441,2,dark_small_objects_many_parts
train,A19731131000cp06_JPG.rf.654d2d20968ce711d276cf1424fbf275.jpg,2b6fda6c75f7061e1ed5b2b7b24ea905d00b11a7fcdaea4411a65bfa1d04c312,0.43941227123766663,0.18107535480300244,0.07138722737630208,0.0,0.0,0.0,0.0,0.0,2,dark_small_objects_many_parts
train,A19731643000cp08_JPG.rf.3226e7e7f8248ae6546d9cc4c7abb45b.jpg,604487571ad904a8270adf25e1197a4e8af841439f7f49cd2ea9f10dccb2b320,0.4470068600783893,0.14692880295078697,0.10176655638451669,1.0,0.376159525029274,0.376159525029274,0.376159525029274,0.376159525029274,1,bright_large_objects_few_parts
train,A19740784000D_JPG.rf.b61d7455e2b7d521216233fcae2631f4.jpg,9db299a2f0974376cb85d785a157d20140b3d6862370fe2450ee3d0b12e21f7e,0.7430607709142883,0.30486513938791693,0.15213810041839002,1.0,0.21328321943811693,0.21328321943811693,0.21328321943811693,0.21328321943811693,1,bright_large_objects_few_parts
train,A19800081000cp01_JPG.rf.c0f0e18799e246940346090a4f2e6ddf.jpg,efc4c493f9ac93c6948185bd56cf08b0604c9977d997713fde982c86e6dbb997,0.6731070985137476,0.22488158895057067,0.06049003975064147,4.0,0.28782486815998326,0.07260848246919381,0.042238163768796994,0.7417869217314119,0,bright_large_objects_many_parts
train,A89SD4F8ASD4FADFCapture_PNG.rf.bae1f3ce8e84664362cc4a22cc8394bb.jpg,676211e7c8dd2f4c66480c66b6d46269095ab6dd9bb216f6cd505ef39fc0de2e,0.6850761523987012,0.23341738119404798,0.03947627123664407,1.0,0.171164118622214,0.171164118622214,0.171164118622214,0.171164118622214,1,bright_large_objects_few_parts
train,ADS54FA6SDF84A8S6DFCapture_PNG.rf.4db564e8b42c6849acf8f398332489f3.jpg,6dc043f91f47f178d7f423039854cc9992e636603e632c97decdd7cef5975b05,0.6793612025229672,0.24508136333845176,0.29969629025926775,1.0,0.12272727272727274,0.12272727272727274,0.12272727272727274,0.12272727272727274,1,bright_large_objects_few_parts
train,AS54DF89ASD4FCapture_PNG.rf.5036f2dbe912a700bde34e2c21cd620d.jpg,702a91dece0a39880930b52528354ca6a2a090adb6efabfc44d7a88ad587e8e6,0.6619339201428753,0.24948873389344478,0.03745475843840954,1.0,0.36356678147722926,0.36356678147722926,0.36356678147722926,0.3635667814772293,1,bright_large_objects_few_parts
train,AS564DF4A68DSFACapture_PNG.rf.ceaca7d5383a4adf075e1bf59665c01a.jpg,0bef315ca8b054d97cc29118c80dd5cc104b3ad64b10e1082ceccd8ad838e2e7,0.657943457103121,0.2387236347582455,0.03850253236060049,1.0,0.12137862137862138,0.12137862137862138,0.12137862137862138,0.12137862137862139,1,bright_large_objects_few_parts
train,Antenna_100_jpg.rf.c59ce02213b7e47c2106953118d1dad7.jpg,7a13688657c5b28c39408baed662b696545c971cdabbd0727b49823035e8484f,0.025967811572935488,0.13221604740542278,0.027575618145512598,7.0,0.07207534135185954,0.007569617769247621,0.0009703948915832356,0.1141127942937555,2,dark_small_objects_many_parts
train,Antenna_101_jpg.rf.5906581d37a812dc7ee528707fc277fe.jpg,26bcc73b562a9a35f8affd9c11548b9a6fddfc1a51e1debafc7d3f5f61feeef3,0.03542983905522931,0.1398850108760829,0.014996451022578221,8.0,0.2173738318636286,0.009937811396629425,0.002991826909507316,0.38872917246282734,2,dark_small_objects_many_parts
train,Antenna_102_jpg.rf.03044d2c533f4cc5bea8b2cb8b5b2a9a.jpg,d9704d84c40b249d9908967683f97854c00c7720b6e86df3affb99fa3a183258,0.01733327883394069,0.11908070480745428,0.03136574988271676,8.0,0.05960133167210329,0.005365396685872959,0.0006491699897987574,0.17466839241049043,2,dark_small_objects_many_parts
train,Antenna_103_jpg.rf.2310b58066f6edb390846a7428148878.jpg,dc2fd223a66f43a04b7a2b26fdaf63c839c0791067338798696f0a1c07588a6c,0.06661027508041362,0.20525687142297333,0.03829047633152382,6.0,0.18318152432640214,0.010264412447397743,0.00033869738598196037,0.3077253916860544,2,dark_small_objects_many_parts
train,Antenna_104_jpg.rf.1d5ec1b5af852bf94104514a52981e3a.jpg,f3185fda89abbcc2b6827de21769f32f6c3cc6129e63f04cd22f58b0df8969db,0.06386308403260824,0.22884298641208364,0.06875180263145297,5.0,0.23091097500493935,0.05269163619062211,0.005505176559452815,0.31224001279523456,2,dark_small_objects_many_parts
train,Antenna_105_jpg.rf.a628531f28a84cf5698d4584e82b8cb9.jpg,cd6b68bbd20530e7936d51079993699d8ac2dbe194ea4bff7e42ac056ed78dea,0.08387925622665444,0.23099046054476488,0.01604784236234777,8.0,0.2288545980186203,0.024253152103351088,0.002247230275245388,0.34314211715435067,2,dark_small_objects_many_parts
train,Antenna_106_jpg.rf.f626539dd541598020bf166a7863922b.jpg,b8ef2c692ca659d4048e65a1f4e7410f496afbf80f1f4315e75724e1d19ef713,0.028916212902562546,0.11738697754511658,0.004933407259922401,9.0,0.20493611118951327,0.0031047260381679696,0.0012795234581540725,0.3730550101004399,2,dark_small_objects_many_parts
train,Antenna_107_jpg.rf.c10b0677d094e031f86bf18e7d4e60af.jpg,be367e05bf467cb914f483ead70204f55c649e30145423c6818886c7658b87a8,0.022516155261812262,0.13297904789170795,0.03130294388415767,5.0,0.09576130973741545,0.018676741569862387,0.0022216935675721445,0.138825607135225,2,dark_small_objects_many_parts
train,Antenna_108_jpg.rf.5b0d117a8cadc1faaff9a75130e92501.jpg,b92cbb8285178227069fccd33df4ac3949064a98e1409377f4492613b986253f,0.11428557423477437,0.21704320286099518,0.021221536748549517,9.0,0.5817907145842826,0.016233281856706812,0.0067416908257361624,0.8681875792141953,0,bright_large_objects_many_parts
train,Antenna_109_jpg.rf.05b4767b72df14a324a82755e9e81d3c.jpg,11c11674db72058ad9e8fab687b91e31ce3095cb969ae801cefe27ca823c03ff,0.11426849178491494,0.2072649950320575,0.06808206146838618,11.0,0.6171724950841838,0.008171746455437773,0.0005913763882224705,1.0,0,bright_large_objects_many_parts
train,Antenna_110_jpg.rf.2914369121802b1cda5e739016f40529.jpg,2fa53dc768a88b4825260409d4803d37e42fd32a4cd056b15c7d29bb7436e7d8,0.07739023386169018,0.21847144840336338,0.07204716252345665,10.0,0.29485220294424797,0.005131534205075891,0.0012701151974323513,0.43982274836800267,2,dark_small_objects_many_parts
train,Antenna_111_jpg.rf.8d3e963346f2a6097efc6136f028e174.jpg,4a14ad987d4c5f885b70fae37b0cdb800b6fbac621fe2ca451206787383c19db,0.04328821927372075,0.16857208768434787,0.07739518857469746,9.0,0.23647394516596842,0.01074960989318936,0.0033587490776544396,0.2954637398911598,2,dark_small_objects_many_parts
train,Antenna_112_jpg.rf.9858ec7fb73f3adc4adbe140f19ec391.jpg,6e5beeef6de2a756cf67d139a09007811eb65c0ff524c90fad273328b387ec41,0.061142357341712535,0.21542382160672596,0.10625290964163986,8.0,0.24482310453787295,0.021802300185342738,0.0036127721171409105,0.3127776276936186,2,dark_small_objects_many_parts
train,Antenna_113_jpg.rf.78bda13b389a1c18c711fa9b0553036b.jpg,d0bc2287d4cc0383ff5dd797cf63993ea74b64c9cbdab967d194714bb73e9d53,0.06356619938181138,0.22598108465979538,0.08074177012724035,8.0,0.18673650284196674,0.014713847750148851,0.0023708817018737224,0.31110430132239825,2,dark_small_objects_many_parts
train,Antenna_114_jpg.rf.f95f1cfc3ccc05871eb8df98c1585827.jpg,fd68aa029daa8f8a9bfa97f04c336923b791bed2c40d67488b5bfca110b1a3d2,0.05024795510662603,0.18712880213666155,0.08881653430415135,8.0,0.26949290818747174,0.02049589598226946,0.00369610242639044,0.3420373185381714,2,dark_small_objects_many_parts
train,Antenna_115_jpg.rf.cb7a67589dbef26d126ae0970d4aa7af.jpg,11c64f399dbf80dd52494ecd5f62155537e4a627ff3d3e2d8123e431c633b0d4,0.021830723254281807,0.0792694736109396,0.008516335019878312,6.0,0.2326631571381741,0.021255261224969194,0.0021860050101061095,0.4653193022314081,2,dark_small_objects_many_parts
train,Antenna_116_jpg.rf.0f4cfd00b39825b83111f6cf2e46c919.jpg,6f311da7d814009816450abba5547a354694f92d837cfd717c4ae793b0e098ef,0.014881972331501849,0.0828133245206629,0.01332844004911535,7.0,0.1309920115278019,0.015049601452895712,0.001595240223894595,0.20487617605141228,2,dark_small_objects_many_parts
train,Antenna_117_jpg.rf.68e10d229e7af2f51496ec4ab0e38163.jpg,90019829fad27956f657a67529b9fd9709a563351b1703d9934ea78e753b5860,0.04112698411225294,0.18080793157224703,0.058394420848173256,5.0,0.2253180400633188,0.011275368263835203,0.007143520782824698,0.2092394210154493,2,dark_small_objects_many_parts
train,Antenna_118_jpg.rf.ec8e4410cafdb5d5487ac03e09dccf8b.jpg,ff66157883a579afa1115d86b7f32c52d04b92bf85e9f335fcf39db8879abb9e,0.09717040956907651,0.28985454717556897,0.0,4.0,0.17333950393288067,0.02471044636925078,0.001277945190350725,0.1884206595880073,2,dark_small_objects_many_parts
train,Antenna_119_jpg.rf.8e6407a95cd991b462fca2dc640d97c2.jpg,58f2b170822756074fa0dafa7d0b70484fc0505090ac9c590862b8880557991c,0.03870824795567095,0.16263940770455765,0.07307728786094515,5.0,0.28651215625640947,0.021106255269990028,0.01025862174750678,0.25779783222630676,2,dark_small_objects_many_parts
train,Antenna_120_jpg.rf.addfc802043251ad7ba8930e7c9fb841.jpg,8b66f908c4bafd8e9824878cd4d691f85a24c97547d8ecdf0807a3aebcd81597,0.033962069717806784,0.1318021213951105,0.07475166320800782,5.0,0.24565472340112227,0.010859904601128588,0.0037409259755945778,0.16895872885649318,2,dark_small_objects_many_parts
train,Antenna_121_jpg.rf.54d6448a9624423a321c5cd993f44172.jpg,c2e3b86ec847a7e350c1ca41f7043f43d88732e4a43679cbad39f23e69480c6b,0.03260752824831521,0.09719833764497901,0.0,4.0,0.29839056038510153,0.0795130835993528,0.0021404267179948354,0.6876502111502033,2,dark_small_objects_many_parts
train,Antenna_122_jpg.rf.9c66c6926f184753550cf15d79bc7ec7.jpg,fe36ca0d9f454fa1ac7ead66db46303e193c73fc3970fdb59746b4c43533c485,0.023853863208821068,0.08927248098991966,0.00014114834222139097,5.0,0.1885100631609948,0.017459991901088094,0.0008098911905926405,0.2756838058575118,2,dark_small_objects_many_parts
train,Antenna_123_jpg.rf.98318c682a2ce6959e3f7f53a890a221.jpg,9c07fee9a4e3d676dd0a83ab4ef89015a98c33dacdaa4d8f8a42fd909b1fdc73,0.11588207899020503,0.22600359570186826,0.13392344456092983,8.0,0.34811297105603145,0.027825547333932867,0.012397295454266566,0.5155956644526135,0,bright_large_objects_many_parts
train,Antenna_124_jpg.rf.3d059e131084d4532bcb72527ddf6f2a.jpg,d4e4973265283ba2ce667842588601d6df51219035778f48622f6e698b0c4550,0.08544020019800777,0.21481362000746224,0.14242667403875614,11.0,0.21600779739397347,0.012789969970917544,0.004601654492003639,0.4982198170908076,2,dark_small_objects_many_parts
train,Antenna_125_jpg.rf.7a7b22411e994f03cb34168874213ad4.jpg,6639795b20c2f1af719317d90742f8823d49ad21213ab3c560fbc0de85431a6a,0.19010157737669567,0.2761015872467967,0.28059686398973654,13.0,0.7297610470385505,0.04630053274011432,0.0021737339314607668,0.6945675934837067,0,bright_large_objects_many_parts
train,Antenna_126_jpg.rf.53c00177387cfc19160121392cc8eb2f.jpg,8a82c6c94a4f7cfde515badfb12d34fe8cfc216aa14b4146ab8569c483837536,0.09195144076384268,0.2609694811730992,0.07059830310297947,8.0,0.21542930368640734,0.02173558630337262,0.011441904331164859,0.29844490373338806,2,dark_small_objects_many_parts
train,Antenna_127_jpg.rf.f3c9b0d86a40ef5902bacc6bed5bf95e.jpg,f73c39273ff149c01de9aa4f96e5d911ca6692cd89d2e309fc412d63537ef566,0.05600254935955453,0.18485711140444694,0.0822998046875,4.0,0.3008798363388711,0.043502726808976114,0.015850727587313106,0.6108192347404754,2,dark_small_objects_many_parts
train,Antenna_128_jpg.rf.649c314093b9b30f456da4fe9aba2d5c.jpg,52a20ed99f75de5e0f84357846e50645312bec36aca8857f7db019efb575574a,0.039859474494666154,0.16618921601497136,0.0515103396247415,4.0,0.26567235869414685,0.04766437548098246,0.01695512466539398,0.38531186946377144,2,dark_small_objects_many_parts
train,Antenna_129_jpg.rf.d85814c85a01738ea1c8787f179b9d12.jpg,aabca117bcdbb3c57c00b64f78efdc414af678fa775600015837f250a96ab681,0.02321683954966585,0.10257629104011158,0.09388753105612362,4.0,0.27803809994618256,0.028950980546834326,0.009950091770138154,0.27209539185936643,2,dark_small_objects_many_parts
train,Antenna_130_jpg.rf.449faf96920d898ca80510ab63158c19.jpg,981e00ac0c69f00186bc772dc6e1888acdde0f44ae52a1c0b0171c8244c300c5,0.09284125551764583,0.19470460510271886,0.2990835152420343,4.0,0.5790441530939772,0.07089089783976427,0.027013903132105176,0.6122304087846899,0,bright_large_objects_many_parts
train,Antenna_131_jpg.rf.ebd95e1600dae4c982d2ef1df85dc116.jpg,07187385aa536e0dc031a82c1e941eabd585218fbe36c5210a8eb00292f0d340,0.02630778333207357,0.10951474726027001,0.00400997517155666,3.0,0.15325525421292424,0.05055859703004837,0.018357533653433185,0.2879163182556837,2,dark_small_objects_many_parts
train,Antenna_132_jpg.rf.9e6acc6d99dc62051e8cde363a3f12b0.jpg,a787da239c2d011cff46bf85a582e76889e2efb1906106b08ec8c6a9b86c4b26,0.026695356929758246,0.1337344508946941,0.03368232951444738,8.0,0.06719467365066342,0.007212764726609132,0.0005399274603950936,0.27659011266603206,2,dark_small_objects_many_parts
train,Antenna_133_jpg.rf.87b24fe796323d54e20bc9671328ab44.jpg,dabefc204c22dcf34d5ce4929adc89fa5ccb87eb74f79beb64ae6980aa6b6975,0.11525421223679524,0.23756704938953135,0.11703821070053998,8.0,0.2947004717353233,0.00973096536575703,0.0011394573027818536,0.7756653992395437,0,bright_large_objects_many_parts
train,Antenna_134_jpg.rf.cbc7e21445a17114451733ba24d8b2fa.jpg,ef3ecf826c8b787f9b795b167334f3e176276c019abcac9eaaee7d1219d5641f,0.04310262777415317,0.14787871397783392,0.0765504425647212,4.0,0.16484441148783324,0.0363048626778649,0.023570989066468928,0.4409103737945856,2,dark_small_objects_many_parts
train,Antenna_135_jpg.rf.7b749fd6539910932ebc3a162cbe4a05.jpg,3534ead02c03662455658c9d45b465685eb9d8fa81408862b4a99d07bf7aff48,0.0569873292004203,0.15042247516571475,0.04239488489487592,4.0,0.28124260448385213,0.0643679430341469,0.04956113363730548,0.3846983155315043,2,dark_small_objects_many_parts
train,Antenna_136_jpg.rf.9ea997b1a737e1d42888ddfda1ccd1cb.jpg,4f9a61cac0e00556ab0882934155e8fcc6c014f157e0e816f38e8bb5e14c2a13,0.07053348634715322,0.1445619126422137,0.06521574282178692,5.0,0.45307802477706083,0.09171754781776396,0.006184623637252891,0.6225188317231926,2,dark_small_objects_many_parts
train,Antenna_137_jpg.rf.e97fece3f97fdcbd3c3dc7d45492c79a.jpg,64f32ffc6fcff70957901cb35d79cdc8441c8c98201df8d048a1ac5f6f3aa50e,0.06510650041658077,0.22611431541940857,0.10463420643525966,4.0,0.368234034011924,0.09468013680499678,0.016492329699341043,0.6960716771233787,0,bright_large_objects_many_parts
train,Antenna_138_jpg.rf.3ff376af59c9201455310565a45f9ff2.jpg,865b29d46553a80b4e4bfb6028096616e1b9382d4cfdcbbeb77adb53900ee12f,0.030792329799022074,0.15017326103610174,0.04661104164871515,5.0,0.08518582795597136,0.020208713517644934,0.002983625122053407,0.3552740219512067,2,dark_small_objects_many_parts
train,Antenna_139_jpg.rf.861743f24d9c857f8213d8b9a8494fdd.jpg,6f2068269e47c4d55045b7600bc4021908e39d7b9e6f53451b0a62a36ba90978,0.019582469158946802,0.1188114766511822,0.030831445432176776,5.0,0.07423476677062024,0.009029760871737427,0.0031291250545624747,0.14694441376674783,2,dark_small_objects_many_parts
train,Antenna_140_jpg.rf.a130805a746981265a422c186955087b.jpg,a22c3d1576664fe66bd87a6b75eb7d6dfd489954a70b1d0b7f8036c7958dd3a8,0.04222757268749375,0.14512992077412776,0.027563777624392043,8.0,0.1045110238111516,0.007920104759951406,0.0014918125610267035,0.28765336657042634,2,dark_small_objects_many_parts
train,Antenna_141_jpg.rf.0358ee4eceb4d7dfbf17e76b33228f6c.jpg,d4cc036c64f61b9ec88ce2f4d9b20df922c117311576a38ce74609381649ee55,0.08721705238585345,0.2298065891778999,0.09369056552064185,15.0,0.45072197767715494,0.004021407773202418,0.0008642345388791598,0.5500633713561469,0,bright_large_objects_many_parts
train,Antenna_142_jpg.rf.3ab5a91b3ec19ae7cd4a8d469e4485a9.jpg,0ff9123c65b103c50d8add9fb840fdf001a0b27e701da675d3087d062fc4319d,0.048524739646036784,0.14824686604257337,0.10879128400017234,18.0,0.18769315992546196,0.0018222551788334412,0.0006258250109124949,0.8174273858921162,2,dark_small_objects_many_parts
train,Antenna_143_jpg.rf.d9baf85e1c1e98a21b03e19ae4260adc.jpg,6bcab934ba015eb57a6e6ab154a7c84dde29a2a9ac2bd8aac49fead07a9fb5da,0.037273886041276814,0.13182142626365154,0.09079796286190257,13.0,0.4862993406924745,0.001367348763338224,0.000666144269318622,0.7205927982792442,0,bright_large_objects_many_parts
train,Antenna_144_jpg.rf.56a6a9b9ea46707c0909f8dece57eb18.jpg,0601424f9a1a83f1e2ae7bc23bc4c0b6cb65f06accf8029935e38d21e2ac8a87,0.03924763232631087,0.14647478828700622,0.06866991379681756,6.0,0.14055644082622928,0.020760035551067847,0.007246948445692588,0.19472624100047856,2,dark_small_objects_many_parts
train,Antenna_145_jpg.rf.d163d7dfa0505f40c69de8d704942325.jpg,b20efe3f0e691b712f22153ee16511e46d5405cb1b022665aa909601961d3859,0.050140376671242715,0.15715487998145963,0.05998376958510455,5.0,0.18902720147533425,0.0460165449200364,0.006941924490794061,0.3154981970279448,2,dark_small_objects_many_parts
train,Antenna_146_jpg.rf.fd7bf53034ebba9b4328ac4f7bcab1fd.jpg,98c555800580c0479bc5ff3ce3cf2c1832b91471a3f346a757efe70fc4f99456,0.25072974592302005,0.3185559658020697,0.10471747155283012,15.0,0.6835131046354876,0.027609926952021836,0.0004996082019889666,0.9847908745247148,0,bright_large_objects_many_parts
train,Antenna_147_jpg.rf.49f586b61ab4a31dbc6eedff1b10ace7.jpg,3ae0c26161a1c40584c9929d8e5eb213d92e25adff669424a0a6d8e4b4dfc4fe,0.09474133408348465,0.26973290845147097,0.07045388315238205,10.0,0.23759437774236697,0.012603274274384823,0.0008659875501142088,0.3756913438058224,2,dark_small_objects_many_parts
train,Antenna_148_jpg.rf.08f858cea831ad8f47476728d97cdc7c.jpg,5f76742628acf6cadc842aeb4eca755d38b455904629225f9e80042c68ca513f,0.07142057877762664,0.19054447555917556,0.12190760444192325,9.0,0.3142342759274744,0.03158926245558308,0.0005890117749764658,0.44987877927309633,2,dark_small_objects_many_parts
train,Antenna_149_jpg.rf.d9b194ab4a1694a1e8dd796f7167032c.jpg,20e8f29573ba0bc2e822d8ac4cffecfbe6531db3f0d579f80c720737ff4d5de5,0.07306518517281099,0.17915116020924532,0.1494411692899816,9.0,0.3733002364812156,0.04789927898647903,0.004319419683160749,0.5517094489058579,2,dark_small_objects_many_parts
train,Antenna_150_jpg.rf.bc0a671f353c9cbb14999f49677083f0.jpg,0227af71c73645e680a1f10a7b3a203945c2eaa0ee75f747defb72c388986d90,0.05278078969168897,0.15881437901636875,0.09569954217648974,10.0,0.2246974740861114,0.016237266564641414,0.0008642345388791597,0.45479071675370375,2,dark_small_objects_many_parts
train,Antenna_151_jpg.rf.db14ceff9f50a96c3ed79eb2f7360bc0.jpg,151892d8be04936c675c2251bc30ee0af276c607b25eac2d3b0f60277f80ee94,0.051209142936651984,0.202942387655998,0.05248408972048292,3.0,0.0930533423788713,0.026994620008519637,0.010838868466308,0.2013841776711947,2,dark_small_objects_many_parts
train,Antenna_152_jpg.rf.9adae090cb1b43962ce14b4c4f3bd032.jpg,c449db99f9181bc0cd8b93aa36c75e5990e5e198f3b7b916b5c45e228a673d2f,0.06580654311099754,0.17803431654376034,0.06435846814922258,5.0,0.1974276313136891,0.03486739346512472,0.010668826376508247,0.36718047425965955,2,dark_small_objects_many_parts
train,Antenna_153_jpg.rf.5234a8cdc1e7f384df377f2de480ade8.jpg,b3bb2edf3b1f98a7d318e4fa995dc95adb3858cd7975339cac6eebea53f53125,0.1673198970865538,0.23197639708583231,0.2168448803471584,3.0,0.4389855674585019,0.1462274321716128,0.07687129566813394,0.7452050760193322,0,bright_large_objects_many_parts
train,Antenna_154_jpg.rf.bb1ed43c37e704a6480ea231cc3320cc.jpg,b4c9d06f3e246a3effe19e346f71fdd7ae605a7702916218de71a18b08c9b0a3,0.02595561368678302,0.08118287028077903,0.12653452555338543,5.0,0.21864958532519235,0.048041272896517995,0.0015777101115441049,0.36942082261805226,2,dark_small_objects_many_parts
train,Antenna_155_jpg.rf.9db1770fb52f1b9183736bb26327989d.jpg,ffef4257cc4af8bb471024d115d64c26719f4162c282817740279a87261f61d4,0.06392035114396186,0.1210614771450072,0.29686075846354165,6.0,0.5731820835239733,0.08864013659463543,0.0027890408749629675,0.7378774890568274,0,bright_large_objects_many_parts
train,Antenna_156_jpg.rf.b2f14badb023d3e526eb87e105f9b8d4.jpg,fb96f0855caab8b054878a862a1028790ebebbe2b04595f149eec44636c170d8,0.006167196643210345,0.05908727462243685,0.02828368766635072,4.0,0.09273254132285734,0.02379362149332015,0.001290216268996068,0.09814408700545363,2,dark_small_objects_many_parts
train,Antenna_157_jpg.rf.f727f74224fd20c7b43067301284a201.jpg,9d60f749b8f0ca7f6d7f57500ef3323c7eeb985e87e240a85ca444406fb61c21,0.14432011470055628,0.29694404655757894,0.03772538503011068,9.0,0.4181492759187093,0.004838311008735254,0.0034709622453970306,0.5311203319502076,0,bright_large_objects_many_parts
train,Antenna_158_jpg.rf.e7c4fb017076350dec6a8b4c6ccd9a70.jpg,90fdbdb8e14763825c3a76c285494ee2886489150c52d2fe0d916d2298b33f19,0.11478593137675967,0.2253191391329793,0.007993786007750268,9.0,0.3888669762484508,0.00858274300679993,0.0020983544483536595,0.44307884869234143,2,dark_small_objects_many_parts
train,Antenna_159_jpg.rf.f98242ec20c515c652fa527ef8e431d7.jpg,7a90a14221e1111840afdebb3a8ffcf4a33657302e67b919c3df2a212cc4c463,0.12660696735346555,0.2646100523775926,0.36562607709099265,8.0,0.511533937421005,0.005211702401800693,0.0033938297510548747,0.6527722996176684,0,bright_large_objects_many_parts
train,Antenna_160_jpg.rf.547badc8a29a37e6d590840ec457a896.jpg,8b10dd26b29116e1aba8f177b64ab48beb2d9bf8fd39ecc787832ce8c25ca8b4,0.11096058587972824,0.23807586272291675,0.42646394617417277,9.0,0.4679768672637423,0.007527430243300429,0.0031554202230882097,0.6651888781955202,0,bright_large_objects_many_parts
train,Antenna_161_jpg.rf.821459e1d2a7c46019448c9686d5f9ff.jpg,cd3bf9009fd8e146758b1f1c8b283eace4327e32eaf6a8d83e093616911a0916,0.08456476013633202,0.22833053949102342,0.1505852643181296,6.0,0.36567639061998747,0.060319363586801227,0.05223272275952017,0.6373247646144165,0,bright_large_objects_many_parts
train,Antenna_162_jpg.rf.fb5bfd7568caadecf1e22e700560414b.jpg,55c2ab05fed5cce4093e48ce25f7a450363b123e82033404f0948fe8c2db93f6,0.058055559250628254,0.18568036855086062,0.0822048636043773,9.0,0.22405236595161337,0.012793475993387642,0.0007152285838999943,0.4097944243724658,2,dark_small_objects_many_parts
train,Antenna_163_jpg.rf.662e25739093934acc88ddfc7fda4674.jpg,a1c7d8aea013c505f3ab0eef6a178ade53fdd90c59c8551f8948a3601e6c9d95,0.05799013412151468,0.20067330801958155,0.0345974791283701,3.0,0.18225006004063476,0.07266582171525136,0.0063108404461764194,0.1551450003243071,2,dark_small_objects_many_parts
train,Antenna_164_jpg.rf.505ddfa1944268c03084953e86bdd0d6.jpg,015f90d3560144347e682affb71cbd70afaf95aac9b8fef14f714cdac497bad6,0.1474164206349771,0.3156048706059633,0.02144200194115732,4.0,0.30021895110325764,0.03920960229434111,0.0027609926952021835,0.2546248818908681,2,dark_small_objects_many_parts
train,Antenna_165_jpg.rf.251efa403da42c097f39409f30edaee0.jpg,82b9fddc9490dab8833b0b88332e77b96c81990bde98501dcc140fbd76f10d0d,0.06228314176873403,0.1845772370460417,0.09286119049670649,5.0,0.21852862754997396,0.008235646782260228,0.0028977275715360057,0.2228398256104424,2,dark_small_objects_many_parts
train,Antenna_166_jpg.rf.e2e746c0676f26818fcf7a31f3fbce13.jpg,2c55611f127bfcc9b5bf9a174a34343842f029b268c06ca2be72f9d83d28955a,0.09901438490083989,0.22585703951129832,0.13053202909581801,5.0,0.254910622722181,0.004663009885230354,0.0017389871451686135,0.24009943079725202,2,dark_small_objects_many_parts
train,Antenna_167_jpg.rf.1f01301d39e1f933b3da94af45d29317.jpg,cb55ea1c9c320eb48d055935de0d42fc2a6cf5d3b82c2c2123ca01e897223c7b,0.08795161908976988,0.2264054923214108,0.057028770446777344,9.0,0.2257335037260254,0.0031028298860367397,0.0016092643137749871,0.4147414220777741,2,dark_small_objects_many_parts
train,Antenna_168_jpg.rf.aedd4dd74d23d7fe0d8ae64d29f2543d.jpg,3ae58c8db7aa002d653d2888cf243775e27c3fe72d0d53d3e3295d77d2808d6e,0.08797600313232172,0.22769764430523282,0.07773468167174097,5.0,0.21565193611325856,0.011622464488374906,0.006170599547372499,0.2699760012761922,2,dark_small_objects_many_parts
train,Antenna_169_jpg.rf.6605ce5151287c92dc071f894617a1b5.jpg,42011339c6b21d55c01db93fc1ffcc8d5e1f4be25ce3b9f2e2a920d4a3900333,0.05729987391724488,0.19961986404896434,0.07355687758501839,5.0,0.17862132678408335,0.02559396403171548,0.009371598062571982,0.36931038291024404,2,dark_small_objects_many_parts
train,Antenna_170_jpg.rf.2c1644778e2aa9d7e31c6fa4858fb6c2.jpg,bd7f5c6aea55cce94eac260d53cb2d76dee5638ad15f9000c495c2025d04ec24,0.08578476658672592,0.25735472099191276,0.08297520805807675,3.0,0.1813770604455804,0.07011343735702003,0.038075404025264395,0.38844099451833386,2,dark_small_objects_many_parts
train,Antenna_171_jpg.rf.065ce738e8f1bdfb34e238a73ea21b5e.jpg,b5227ffdbaae23a604b05bb2a7caabf79f083c5cc6187f42f70a0dc76cd2592a,0.031527989557002714,0.13976140812815466,0.05025971356560202,5.0,0.15276441106711053,0.02365513360575128,0.009389128174922472,0.34960303060582326,2,dark_small_objects_many_parts
train,Antenna_172_jpg.rf.6a562a4fe41dd4fb931d276ebdad0314.jpg,02a2f209f55c0e0dae2693b999c824a5fa892cbd17aeaef8d214d9803c1f838c,0.04098864059031519,0.13775912078995073,0.04083580690271714,4.0,0.13900327287197584,0.044175883123234935,0.005413298693831329,0.3698941356515154,2,dark_small_objects_many_parts
train,Antenna_173_jpg.rf.1bf92f85d3fd5974f2f24ed5086d422a.jpg,2c74cfbe3bfadbd35974c14414f8988b248c90c274c5f3d7a58539283e4ab0ce,0.033445584486084305,0.1281604638657529,0.027686448190726486,4.0,0.12130662445415613,0.03227731936533981,0.015314306149388111,0.312323493681271,2,dark_small_objects_many_parts
train,Antenna_174_jpg.rf.207b70da6c7df7593fb21ffb487dffe2.jpg,2588bd38fdc8288f01d487b0b81465555ea3433450fb513f57021297b4578e2a,0.025309027523204453,0.1256153393139928,0.03486083535587087,4.0,0.06898099209917836,0.013647192464856506,0.0071803340187607265,0.26215231213416845,2,dark_small_objects_many_parts
train,Antenna_175_jpg.rf.f219ff24b55cbdf87ece936b68c90720.jpg,2876becaf0410e387d4d9f202b3389a96aa29ab9deffa82bf721e311055468e9,0.014185765638140602,0.09539154934771249,0.041575293447457105,4.0,0.05800188273406645,0.014226562678040204,0.009480284759145021,0.31569979331997544,2,dark_small_objects_many_parts
train,Antenna_176_jpg.rf.5697ea9a3ab038bcec87658a38c8790d.jpg,963c656c11df6efbab70041a5a8dfbbeb1ebd0741d63c35578f5f63087067e2f,0.04187349879078316,0.1394814932725424,0.023857335483326633,4.0,0.12845189824821585,0.03649331138563267,0.00981686291627443,0.2872063487054888,2,dark_small_objects_many_parts
train,Antenna_177_jpg.rf.6f2b7827918278dcef8b8814b73657ae.jpg,c6d319ee3abe15e561a2d3ab1681ec80e40b3260040fe1bc51765f3f9030e025,0.08383389881694772,0.21785637218844903,0.04309026680740655,11.0,0.23217056098112537,0.006673713771831564,0.0006854273929041611,0.6565272496831432,2,dark_small_objects_many_parts
train,Antenna_178_jpg.rf.654a3f4df28ef227fbd71d476f7f72ee.jpg,5be550824084fb70b8a86c8455cdc85aa58da11aaf9a2a575ee3334d67753411,0.1085649894714489,0.23255266787381376,0.05604390163047641,7.0,0.3363046873767414,0.036771163666387933,0.013573565992984449,0.6907477820025347,0,bright_large_objects_many_parts
train,Antenna_179_jpg.rf.47ae480ec0e531c692f1d25c3dc2451f.jpg,347538fe99225bae11229e244dc9d1ac85a0a7968f67b495fd49a8ee59afe6d6,0.05148735613148506,0.18883611732810274,0.10614692837584253,6.0,0.25531907433994744,0.03221333445526053,0.005031142244590645,0.371419255426008,2,dark_small_objects_many_parts
train,Antenna_180_jpg.rf.069b941fc2612e1ca0eed75ef1fc8da7.jpg,4e9dbbb860d84c174ef97f7133c0daeae7a5a21eb7ed2be190c05b1387ce2d3f,0.07082247884244337,0.20254512481491596,0.0544226515526865,9.0,0.22628745527630087,0.012541042375540584,0.0019826557068404254,0.32634057151672285,2,dark_small_objects_many_parts
train,Antenna_181_jpg.rf.c93d67187164c191e7127566cc023c49.jpg,623e1402d352c8f639998712319ec6f114c1839d40894c66197c30dc79773a9e,0.05656098311894865,0.16493107056130793,0.03559718412511489,7.0,0.3496976932125158,0.017153214934954517,0.007064635277247492,0.58665572787656,2,dark_small_objects_many_parts
train,Antenna_182_jpg.rf.efd41a4e6cc3274dc8f5684c5f476e0b.jpg,ee5645b9575d1c01c2fd71f9cf33285def00f0ac6bbf8bde909d6a6771f3045c,0.11210239427993121,0.25970695223226964,0.08190229079302619,9.0,0.3415689801155936,0.01149098864574623,0.0025418662908210585,0.4422179974651458,2,dark_small_objects_many_parts
train,Antenna_183_jpg.rf.9bfa51343663fafadbd0ded777159a05.jpg,9d7cce0b93c9b6e0f34b6bc381f05a0e96a9d75535aee209bb7cf4a714179d85,0.03695482424739017,0.12452340361046202,0.022565454595229205,9.0,0.33676222330908917,0.009597736511893305,0.003162432268028406,0.6392741131077908,2,dark_small_objects_many_parts
train,Antenna_184_jpg.rf.37f11da76c2a168ebebd6a2eeec88798.jpg,e2eb460efd1945cfe0a53c7a1a19fc023da52db512f2639a578d8957282d6637,0.055328423733201036,0.1758443534190205,0.04050258187686696,9.0,0.19858286571758638,0.005262539727617114,0.001840661796801456,0.24583878958080246,2,dark_small_objects_many_parts
train,Antenna_185_jpg.rf.615a5f916fc0614872ddd6fe69a23fbe.jpg,2ac68b024ad1e77b9e9eb29f3f3a1a00827946e841f791fca82b9352c239d2cd,0.015931097996524708,0.10079593113899031,0.05779560313505285,14.0,0.19662825819050672,0.00011043970780808733,7.362647187205824e-05,0.44070702449132,2,dark_small_objects_many_parts
train,Antenna_186_jpg.rf.6765e910a8af17633526ab240248099f.jpg,c6b322373bf81f4124b48c37c3ab1c9b7f9e20bf1ba58a56dfdb8b3613a1b321,0.020468764141172123,0.110347327394923,0.07312325122309667,12.0,0.06766097463918647,0.00020860833697083166,0.00017354811226985155,0.06392355468606195,2,dark_small_objects_many_parts
train,Antenna_187_jpg.rf.ff02365d3106f3f5be2efc9e13c8398a.jpg,7a00714b2d60a9837aae1060e57748cf9193c72247cba0f85af045dcb5841bb2,0.029037572427291884,0.13210191022417056,0.0866276834525314,15.0,0.2238560286932879,0.0002734697526676449,0.00014199391003896943,0.37135614702154623,2,dark_small_objects_many_parts
train,Antenna_189_jpg.rf.7af0b6d31f9ab17b0d7053212eb4e519.jpg,e77a3e074c0d00d41fec362d43491f596b20519679da4304f6d94a0b078a1113,0.04498507998388742,0.15236830492260353,0.13872128654928767,4.0,0.3515839333014285,0.09881023127477223,0.012200958195941077,0.47674017042775224,2,dark_small_objects_many_parts
train,Antenna_190_jpg.rf.59dfccc66f03cd18e316db17c7a7f368.jpg,54b094cd84584bbcd0aa8dcc2346f067f865527c93666acb624473b1e0e06abf,0.060028941184307585,0.20625971297494525,0.03929682712928922,4.0,0.17138489640580107,0.02653883708740689,0.006731563142588181,0.42306471942178675,2,dark_small_objects_many_parts
train,Antenna_191_jpg.rf.8051caaf0f732910eab4061c42f314b9.jpg,678160b279d0af70724208ba14b5ed1a2fd248f54e8c848fc30f9b238f4f29f6,0.08462370943570671,0.23983930246683233,0.13095923031077666,4.0,0.2669257617272069,0.07783369883617583,0.005025883210885499,0.4276891630598461,2,dark_small_objects_many_parts
train,Antenna_192_jpg.rf.dc87bd64bf3121249c2b16018ad81a7e.jpg,3f4f2c5a82580e515603ef53a74af9005c4fb79e2fd8387936db10badc8413c1,0.04642821382901066,0.17305875451270947,0.0883624506931679,4.0,0.23196370565538957,0.06585624957270352,0.004677033975110746,0.22536186534419497,2,dark_small_objects_many_parts
train,Antenna_193_jpg.rf.131a286ef1335c4320bc2d31402ccda1.jpg,6bfa7515e284835efb54e8d5cc4e6bc847df84e73c8ffec963acef5bcb407caa,0.06560808849008228,0.20552223582135604,0.08681310017903646,8.0,0.20173127389573442,0.017101501103520572,0.011683819881601621,0.3642617105533029,2,dark_small_objects_many_parts
train,Antenna_194_jpg.rf.f1804a8084a5dc47e3d0ed330ac305c9.jpg,816e37c10ba910c19e92fa369e69842ec4460776a29f5f61f816c0150131fff8,0.11450714071940213,0.2851275300081216,0.16476289337756586,9.0,0.3176754369818756,0.017882467608734905,0.002191264043811257,0.44609753403909563,0,bright_large_objects_many_parts
train,Antenna_195_jpg.rf.2dba95e3b2d7238b1a346e02f0249284.jpg,10c6ebb96e98185b0bb3cff4c290acd4c9cbd7b41757ed7e7f763b0ab91d1838,0.05087790630787408,0.16930833117683117,0.10587653365789675,8.0,0.19611637890987244,0.020111421394099716,0.001945842470904396,0.3753056813341116,2,dark_small_objects_many_parts
train,Antenna_196_jpg.rf.244dc6dad45e6e6fa6f8cb5a9195f579.jpg,3ecd0e73912640467852cde86dd1a8706a73db6836c34b32d01c711afe451c92,0.04614942317165311,0.14825778884398333,0.0015631085517359715,4.0,0.17287144993312262,0.022770739437669052,0.002243854380862727,0.27958425585549584,2,dark_small_objects_many_parts
train,Antenna_197_jpg.rf.bb0257db16e9774bbb7d51fccdad0c2e.jpg,1cd17bb06c6a2e75e100406defc743cea2cd07c3801b95cce7385113cde82cf7,0.0629952011833032,0.154820817969041,0.024775198394177005,7.0,0.2561675317777111,0.0453013163361364,0.0007327586962504843,0.34347275031685676,2,dark_small_objects_many_parts
train,Antenna_198_jpg.rf.59cdd1fe1b1c4c81e2fa0ed964670c6e.jpg,09512d0edb4996549f2623caa808a83fe21e019a2a85bf6b1760ff971aa50045,0.13470752227776517,0.29945337533033406,0.08174715229109222,8.0,0.2456669944797676,0.009886106860058865,0.00024542157290686074,0.3029045643153527,2,dark_small_objects_many_parts
train,Antenna_199_jpg.rf.6cca71bf5239f371825b66e23f0bac90.jpg,df3c487d0d97d99d93be3d696edd7cbf816abfe9fbdba4dce211c4216ceabfd7,0.07199482401090551,0.19431023398043965,0.03153423234528186,4.0,0.23179015754311974,0.020746887966804982,0.0008098911905926406,0.29171509360203485,2,dark_small_objects_many_parts
train,Antenna_200_jpg.rf.870847f1bb4abc9871668c70ea08918a.jpg,3660f80221e2ca86de4a26d0645c7a4288b1c5a603f1071d4da7a5a4bf5115d0,0.040260707830876485,0.15623484570568077,0.024633835811241,3.0,0.2465540181647024,0.0733109298497494,0.037875560744468816,0.20443967625388507,2,dark_small_objects_many_parts
train,Antenna_201_jpg.rf.0fdb095f702017af6b2fbad5ed5e294f.jpg,bf154aa051345c5d55224ae0b681ffe0bf12c3f80238ec7cbeee302d293a8ec6,0.07711333496054024,0.18241193377780282,0.02409836451212565,2.0,0.3919294868760814,0.1959647434380407,0.15966952232196857,0.28272565198870364,1,bright_large_objects_few_parts
train,Antenna_202_jpg.rf.82bd97316bf1e402f82651ff888ded02.jpg,0bb150f8939bcd5e4ccd0f073a8bd2df47d6cd6c8b160aa7a725b121a3136554,0.02395911262846264,0.09929240065160166,0.11071251513911229,6.0,0.2992390178228652,0.01029894100591291,0.0005784937075661718,0.6268768176535243,2,dark_small_objects_many_parts
train,Antenna_203_jpg.rf.f0ce8c1c479d4615fad2aaed6bd35eda.jpg,d3269522a0ab61d7a115cf7fd5f9d789cd8020b56d860f7d20d42f74018d35fa,0.02689113734922084,0.09016733374082667,0.04327125549316406,7.0,0.1380548937938143,0.0013147584262867542,0.0007660659097164153,0.30370919647224026,2,dark_small_objects_many_parts
train,Antenna_204_jpg.rf.994f6dcb9040d45ba636c81780b02fda.jpg,3e485cff60f1f404458e66b291c725dd427e691b7d9d3de58b390ef2bc47d066,0.06941332591706463,0.14816397451189373,0.07156222474341299,9.0,0.5198642468099578,0.002287679661738952,0.0007012044940196022,0.8849095533853277,0,bright_large_objects_many_parts
train,Antenna_205_jpg.rf.f8841612092a319d027c8da390e69e20.jpg,7555f6e6671664fd0f1df1c1c9b0d251e2976d6f00451f72f6d6e90dba069dc4,0.026563391184690685,0.10198825854576592,0.06183457094080308,6.0,0.1435300719614445,0.006991483462071698,0.001161946259985476,0.2935839880284324,2,dark_small_objects_many_parts
train,Antenna_206_jpg.rf.6aa90716e2fd608e5576d7f2ef6092b3.jpg,13569a07fafa3de78d271df8818e773199f6bd5a6bfe629c23b5f2af991fa73b,0.025758128079030298,0.10028079253221941,0.03429160772585401,8.0,0.13841464756497437,0.004012895842961203,0.00101010101010101,0.24164080896107037,2,dark_small_objects_many_parts
train,Antenna_207_jpg.rf.e7f7a49d33aefdedb2c690860a1775d9.jpg,6fb2605a0daf0c37b32f799798f28223507ab7c443120b31ddff1e6eb525eadd,0.03599942782949319,0.15337934932160993,0.009443337309594247,6.0,0.33096542769745385,0.007674787086551792,0.004929468981756564,0.4657754010695187,2,dark_small_objects_many_parts
train,Antenna_208_jpg.rf.00049daa36d2ea8a1f27abbc123a3773.jpg,d05b6c9508ca282d6b2527de4ab9058ec44a94db794c08efbdd96b02feddb5a8,0.019694635275821996,0.10303864691813391,0.11489958669625076,12.0,0.2211240949803041,0.019447195264188727,0.006355493937193283,0.4027475187605907,2,dark_small_objects_many_parts
train,Antenna_209_jpg.rf.9ae64d7a228ea857d5f684075c95ca60.jpg,b22d90c6affb0a907c134fdb49033113f81900b33d90d7343d2d7fd627eee627,0.04998262344923885,0.13431192817554483,0.008794510598276175,5.0,0.2623830901608679,0.015790805660086706,0.0013379987236196388,0.5631302128034154,2,dark_small_objects_many_parts
train,Antenna_210_jpg.rf.d96a33d2912966f2afd7619bd01a4c76.jpg,2211bd41b14647e3464c481115a38e69b8c4aec83ff182260c6267151b8a8a20,0.09407833299028993,0.17720709066937662,0.030915011611639284,6.0,0.5426685152175348,0.024593428841794857,0.0017979357848638894,0.6573677956030898,0,bright_large_objects_many_parts
train,Antenna_211_jpg.rf.aa0baf4e4dd10d85c18325b677b91db4.jpg,321bf35e057f565776530deaffe253066521a9e4278054890b485ae1edbe33d2,0.0782808347475783,0.19429353052450846,0.0613775328093884,9.0,0.4173642745538171,0.011853832442067735,0.002772826302238067,0.746312801214762,0,bright_large_objects_many_parts
train,Antenna_213_jpg.rf.51dcb14d06c7fd570a8cbeb5409ea100.jpg,49a7d5baa5c9641f40a856cf3ad8c22d05391c909d3c3a454a8cdb2205b64ff2,0.03876691646267451,0.16547039919664072,0.014092348136153876,12.0,0.09458858739904492,0.0014227239717435796,0.00014524328249818446,0.3016702977487291,2,dark_small_objects_many_parts
train,Antenna_214_jpg.rf.440d6caa22ea7a56ae7e54f9fd3c07d5.jpg,d9962800ef6c6b4dfc90849d01037a5ec3a784d4823544262547f2ad722e52e7,0.08558421154602111,0.22827272745093063,0.03004419476378198,9.0,0.24543363922448885,0.009985475671750182,0.0006293875574921327,0.550966362976167,2,dark_small_objects_many_parts
train,Antenna_215_jpg.rf.2301146fbc6b3364e2385d0a2f18e28a.jpg,960ad5bff1a5797c34c945d15628481db867b3158c2dd5e16ff1cf7696927931,0.03287176519779365,0.14469594653327586,0.01705777972352271,14.0,0.1348946986201888,0.000470940340221386,3.961180431768667e-05,0.1882749059219647,2,dark_small_objects_many_parts
train,Antenna_217_jpg.rf.94c0bd8aaf0a64a25c956d12e86ed358.jpg,eb3407bb2a946bccb27cc6c6f24d6ed5ec3d5bfd1dd27a4ddced68437b96320b,0.024316590657741496,0.12911418609171013,0.02540129306269627,4.0,0.08846196166457604,0.01532481679540503,0.0015052485640720936,0.17663453709205343,2,dark_small_objects_many_parts
train,Antenna_218_jpg.rf.9c07fb87694ffbfb93be6a39d16e9737.jpg,48bfd3acd6b5feb5079cdcca6228d4a93cbf561135ed5b68775712e257003fce,0.10514914189526518,0.26533580843551163,0.11285443025476792,3.0,0.27936445060628073,0.10995796747430735,0.007860742501265377,0.33370304350696506,2,dark_small_objects_many_parts
train,Antenna_219_jpg.rf.fa5e188403a40d826cb131e1e6fb054e.jpg,3208400a9ab1fce11a44638a5fb42dcf845bfc096df817a177fb1ee43c70c670,0.0714493691669137,0.18083068067562344,0.04477239870557598,3.0,0.2290420545322506,0.05355956074910324,0.0038929601021104286,0.4276402367905635,2,dark_small_objects_many_parts
train,Antenna_220_jpg.rf.f4c58907cc00935b71d28ebdb34061a6.jpg,c5de0470629c73f737494210a90441843d2775b349a7231fcb8e97bd97f34c1a,0.06535340590319445,0.18230091391794637,0.04470064873788871,3.0,0.5125239321317753,0.06402808036794964,0.0027442177768975153,0.48569353667392884,2,dark_small_objects_many_parts
train,Antenna_221_jpg.rf.11b144d6746be736cc588696d4d53513.jpg,516061365f9b2fe09b6262eb369b065e0b3625495c6f6bf4b76f7c417c3e8c70,0.07167111328587684,0.19389416739443247,0.12528047000660616,6.0,0.17057943267093595,0.0019816905437820467,0.0003961180431768667,0.20974340353425328,2,dark_small_objects_many_parts
train,Antenna_222_jpg.rf.6b386ac4801d3a26c3a6155b00e78aa3.jpg,78a3e28262be3679cde23109a45d183e9a3ca510ebfd73befd6ef9d2105bad04,0.02387557923633792,0.11002157542996592,0.05890600915048637,5.0,0.09347395523866112,0.018269844413635262,0.00285204991087344,0.11678220109592659,2,dark_small_objects_many_parts
train,Antenna_223_jpg.rf.d24087b373d634c5df23655520e76d4f.jpg,202f4e0991f9b29ec068f7a17ff0819137772f282a59c29279a2afb628adf6e7,0.03231851601581193,0.13118963701151268,0.08497534359202666,5.0,0.15927356352192956,0.032041548381417664,0.00622895622895623,0.17387931603617873,2,dark_small_objects_many_parts
train,Antenna_224_jpg.rf.04b491f79bad188e9a5251627a647d9f.jpg,2fee07dad212efe137371089260c04c2e30609b9bb0f78c2f2c62cc97bc48e45,0.07650100043538464,0.1474429041648401,0.054943353989545037,4.0,0.6223157500935279,0.16358574855306882,0.01258665082194494,0.5047468145507361,0,bright_large_objects_many_parts
train,Antenna_225_jpg.rf.1642679727ba48ab650d30e0dc4d9e0d.jpg,42daffb1342e49d6f11975b7ee941aec8110ba133852e269a4e3a48a79bebe83,0.1604283425480401,0.26142935912048876,0.23903193754308363,106.0,0.7974351356704297,0.002653990889285007,0.0004885455865848023,0.530718954248366,0,bright_large_objects_many_parts
train,Antenna_226_jpg.rf.51c6139342f242f9a14ecb0cf2923092.jpg,f48f512658de53d8521cd9ba2667083ce46cfd24fa982a4dea05e657a581864e,0.046088739934696615,0.1925928694888726,0.02038111032224169,9.0,0.17350300389516077,0.002102726612530534,0.001161946259985476,0.3874914724587926,2,dark_small_objects_many_parts
train,Antenna_227_jpg.rf.96f44582c180feceb69b8a03ec7895b3.jpg,cf731fa93b087b174e8af64055d6ae18e54c7b546d7d4349f14a47898c816e71,0.07734292387759004,0.1851570369506537,0.09256300832711015,5.0,0.24355978081468277,0.03063202834444664,0.005618274245725225,0.38921568627450986,2,dark_small_objects_many_parts
train,Antenna_228_jpg.rf.e53f9eb3f6b30533dfd90c425ca71ef5.jpg,11532299e259282cc92d2de0ecffc29da074e9cfea0f6ae5173e2f607ca26d9d,0.139318370599929,0.25683372935202076,0.05856556611902573,6.0,0.42341607799124137,0.04781089764749895,0.0021984551396316103,0.4888954908562752,0,bright_large_objects_many_parts
train,Antenna_229_jpg.rf.097219ab2f9ed6a825a4ece23082a9e8.jpg,2080ee2fa725247c5515f28fd17c4983ee0e7e4811819969e32c59514c796083,0.01000687812811355,0.06097290309942132,0.02951499340580959,7.0,0.13207235756255364,0.017722981448471647,0.003492440747342708,0.2588840474461389,2,dark_small_objects_many_parts
train,Antenna_230_jpg.rf.8c27f11f15570548085706e52e83c8c9.jpg,b17e0c9898b7a1fd6e67ab1329519bd787912df7d40cb4d93eec21602506dfda,0.01839851805249729,0.07229745340581321,0.03794772578220741,6.0,0.26327325543011815,0.034184987126163593,0.003956779120177813,0.39257058603463835,2,dark_small_objects_many_parts
train,Antenna_231_jpg.rf.7ea51d6b81cd530db48c18fd8dc1416b.jpg,8239727b0cebabf96a8e52b4f7f201b2ceb43a0c5a22195c114151ae9393370d,0.040895994849602435,0.12544922888408264,0.0647433037851371,8.0,0.24460729297330602,0.019172663453709205,0.007042098545366519,0.5759358288770053,2,dark_small_objects_many_parts
train,Antenna_232_jpg.rf.bcc859c479e82012a44f5908ce6aa5ba.jpg,d3ae54084486c4cc0b55378dc96202c58f45082b89dac0e8277e5859b655aec0,0.054513217095557225,0.15562193148700432,0.022373006858077703,5.0,0.4438183578706455,0.03664091899386017,0.012224642943597193,0.8733962720890824,0,bright_large_objects_many_parts
train,Antenna_233_jpg.rf.59f7157def25e9fcfe478567d31a4d2a.jpg,87d9dda6788835c5a5bcbf608f1d3793ae250af2171162cdd86ab48067ed0a28,0.19173160543018292,0.30891868923309207,0.07465936997357536,8.0,0.7188827270526617,0.04837261503928171,0.006988182478378556,0.9911764705882353,0,bright_large_objects_many_parts
train,Antenna_234_jpg.rf.e413870350d75354d41c7583290be3b9.jpg,2e589da7900c706044ebe79f9b5fe0b528d7c5a15e6d89c0f90c9500b665ef5b,0.02376977515770288,0.13102093759292308,0.0747965793983609,6.0,0.26763385488875685,0.014876433177086774,0.0017594243084439163,0.5198125041262294,2,dark_small_objects_many_parts
train,Antenna_235_jpg.rf.26c675a2a9f80c999653ad70d68dbdda.jpg,0b676b686d76c712cd7b9b29a67913bdf5e936efc88d9ffc0d24265143d52dca,0.039985359166443364,0.18466579853503728,0.016902766508214612,5.0,0.11699896569177616,0.016835016835016835,0.005542351620782993,0.19200281683941814,2,dark_small_objects_many_parts
train,Antenna_236_jpg.rf.07fc3370932d7570849a0d9c0d67bbab.jpg,d225c456db1b2d188c7b3237381acc53e5ef36aa4971f8427399a5a4e68408e0,0.10865260749664184,0.24365542837609352,0.1244915158140893,3.0,0.28750577672146305,0.01558944565480513,0.006562355581963425,0.5147058823529411,2,dark_small_objects_many_parts
train,Antenna_237_jpg.rf.54b0399c00544425be477a5642fe052b.jpg,9cd79b25406fc16c0daadea45ec1e8409452f437daa2ad4ed5ddc7bf3764a5af,0.027217132666318877,0.1414263776831482,0.02466554641723633,4.0,0.11864945753834642,0.020462797913778308,0.0012400695407231354,0.28072665654365,2,dark_small_objects_many_parts
train,Antenna_238_jpg.rf.843332d0be3539d874cd091ceb76f1d4.jpg,5257c2c3f9846049ab3a07df8531f671659429b9ef4e9aef5e132eae30da0f6f,0.061091784175213625,0.1832910998258606,0.02307864357443417,4.0,0.2177108778415968,0.04416551132237406,0.0026870007262164127,0.29599920776391364,2,dark_small_objects_many_parts
train,Antenna_239_jpg.rf.cba80c1ef35dffea37e0b8a8d041b9e3.jpg,88d2fc778f73dfb40bc471fefbd3f31ff1a31262cfa33a47d914d4e9af146037,0.16595504793761875,0.32023058599430776,0.11188231823491115,2.0,0.38070575031359344,0.19035287515679672,0.043837063444906586,0.33686868686868693,0,bright_large_objects_many_parts
train,Antenna_240_jpg.rf.60cb102b0573160f9a9156ce106755e8.jpg,8efb1afcd965f1c9b667479a6cfc1d8b115fbd14b8e95005b232686c6db29f77,0.05836669484369087,0.18125103960641814,0.09447008020737592,3.0,0.17745978301533855,0.05388525780682643,0.01218283048348408,0.22673796791443845,2,dark_small_objects_many_parts
train,Antenna_241_jpg.rf.122e5af592cca6d2a15bbf9f3341c8d4.jpg,c2e56a9019489aca5a76339bde4489f475d8d5cacb86ba3eead6775e0e1bafe4,0.008721751238731888,0.08590248453170968,0.013218916163725012,4.0,0.05129948724719966,0.0039116656763715585,0.001056314781804978,0.05971809599260583,2,dark_small_objects_many_parts
train,Antenna_242_jpg.rf.73acb1f67a0df664289941a0511f963e.jpg,810fc7b3f59506ce6aae7e32cc17f452648a8e8df0fa5e3015f78214129c6335,0.05880140203349225,0.21406624902019203,0.05577020458146638,10.0,0.18790079443674215,0.011553993089940802,0.0015712682379349049,0.48076296736427454,2,dark_small_objects_many_parts
train,Antenna_243_jpg.rf.5c181c8bccecd3b843fb522074d970f1.jpg,20bdaa927460d16479b14ced6d77dfbf05da9f6976f9d6bcedb464774fe49f3d,0.10545059290413641,0.28034640141139083,0.08895894966873469,10.0,0.28793930591316214,0.016194625998547568,0.0037411148522259632,0.6428665742391232,0,bright_large_objects_many_parts
train,Antenna_244_jpg.rf.18c7c01854bebf4266006fd4fa4bcb44.jpg,b9d42e3085d029e34fa67bf1d548c71bd12bd04a0671388f22e4e07a3403253c,0.10008287842326033,0.2820898380409662,0.042155759474810435,7.0,0.20202240267599741,0.01193635703439625,0.006073809995378623,0.3315298959089809,2,dark_small_objects_many_parts
train,Antenna_245_jpg.rf.beaa6ad363ad93c7a5ad91cac4dc5449.jpg,77d0c237504f2c9df468f64066efea983c4f7f440472b55ae311bf098ea15316,0.09405994241185833,0.25239355700993726,0.1860977472043505,9.0,0.5138773354459629,0.011443410136220593,0.0017605246363416299,0.679731960124117,0,bright_large_objects_many_parts
train,Antenna_246_jpg.rf.50fb5c02a96a9ce2b8953f8e60974550.jpg,816e9d16f92ce1d398692ff0b29fba492c9035231a9a939a02719f647969e77f,0.03833948869704348,0.14378520297808475,0.10210753796147365,6.0,0.4816916441099448,0.10090777051561366,0.016367377478488588,0.6766334367641559,0,bright_large_objects_many_parts
train,Antenna_247_jpg.rf.0af3e8a3caaa68d2ee17a6b259537903.jpg,4fde7f567a152a221af27734f3f5de06bf96cef4831e90930202f98604a7f4f9,0.026405539438988112,0.11703143328348758,0.047318406198538984,5.0,0.16284962918949847,0.027186901696705616,0.003203054510244053,0.23436984221297943,2,dark_small_objects_many_parts
train,Antenna_248_jpg.rf.f7da12e71dfbc43130834994a0f573f6.jpg,979aede3bc1c00f0868b75cb68c8f95cffc8cd47a6abd5e68c8095055dd9b6c7,0.03276395463887454,0.14359957882369817,0.0293397211561016,5.0,0.18137585000330098,0.04871701767126604,0.004962478818687969,0.3035672630443872,2,dark_small_objects_many_parts
train,Antenna_249_jpg.rf.4d7efc33d9b976af69fa2f0b57a41d69.jpg,47c6e94b2a98764e8f5661ea4ecf51b2286dcf977296e7e33d51233dfcccdfc3,0.020465525000960088,0.10484986765028938,0.050449008567660464,2.0,0.009766510420105191,0.0048832552100525955,0.004405712902444929,0.012125613432802978,2,dark_small_objects_many_parts
train,Antenna_250_jpg.rf.cb4dfdad147b62e36e5b06a68b63ee8a.jpg,a3c469da6cf18516554af72d876ea6477e6b0a1ca86eaa1df6d96047af219cd0,0.03791271681313972,0.13271381864791262,0.0,4.0,0.10303030303030303,0.030542351620782993,0.0077705156136528685,0.20739530380053253,2,dark_small_objects_many_parts
train,Antenna_251_jpg.rf.087ad71756515ef7fbcca29f81c70c51.jpg,7dce5cee48015fdbd1300e85a0bd5d255ee7d172bdb1ce369d7c243eb21e490a,0.06319448075068203,0.15324628856558048,0.041002748526778876,8.0,0.4558284994048527,0.010100850736352368,0.0018511798642117498,0.7971380338576589,0,bright_large_objects_many_parts
train,Antenna_252_jpg.rf.b6c295b190244deb546e1aec55d61f24.jpg,cf4c51d1a731612809ca3426dc2e4e28604fb45120526cf3d75d87202ae573c1,0.039935713297006126,0.138843845228488,0.015863583134669883,8.0,0.2405972859880059,0.006496659637091614,0.0010325236174438643,0.39480617831279674,2,dark_small_objects_many_parts
train,Antenna_253_jpg.rf.d0b135005d7cfb416bdd6e324fc82f89.jpg,9cb776383ba8fd8912ac7b1c6c362b2f606ac255a9aa34baaf0d638efddacbaa,0.19845050993206326,0.2582966129982968,0.16217337215647978,11.0,0.7862570931217098,0.011079031005509714,0.004738389368337461,1.0,0,bright_large_objects_many_parts
train,Antenna_254_jpg.rf.6cfcaae2e33294608816a962824b45ae.jpg,f57573707e1afe9cf0741d1a8968d0560582618464bf7e0b26b8c0e9e5a717e3,0.14429589564729717,0.25712265237493903,0.04531932905608532,15.0,0.5061083676485283,0.004233522132643348,0.000660885235613475,0.5577152653971359,0,bright_large_objects_many_parts
train,Antenna_255_jpg.rf.1e72a354265ca99fe878978cc3b3623c.jpg,817e669e0bb3aef04e80652127fc131f1a141ac24a2aab90a7b79673a4f8380f,0.011435222264810084,0.09158765631631127,0.03938193227730545,11.0,0.08974891620080393,0.004296630537105111,0.0028468902457195852,0.10338559059825013,2,dark_small_objects_many_parts
train,Antenna_256_jpg.rf.0f31014df5c297000753ae680e20ebbf.jpg,ca4823f1139f71184391d3200e821ef40dea9b69b178d6ebcba2c9bbe26861c6,0.049565918326794085,0.17437273662737154,0.14180689793007045,15.0,0.3356788623658289,0.016716715137427313,0.0016303004485955749,0.6342675130204909,2,dark_small_objects_many_parts
train,Antenna_257_jpg.rf.9623da401b5aa778904d763f23f37bbf.jpg,925b4b228b90518bd7a7c3ee30cce84fa099e19fe950fe714027847961f8bb90,0.030944866668306373,0.16598154721510616,0.032931971082500386,4.0,0.2721947140247794,0.03976585022336657,0.014558438414647563,0.42254791927994534,2,dark_small_objects_many_parts
train,Antenna_258_jpg.rf.c68c74a51296191ecd45a9372dc2645e.jpg,ac40887e60dbe75ebc0b9552f8ca6e04008785eb78667dcf90417f82da564eba,0.06868894852234593,0.23662647505603335,0.05480993308273016,4.0,0.12894742633304723,0.019437292313109304,0.012400695407231356,0.1449880064259149,2,dark_small_objects_many_parts
train,Antenna_259_jpg.rf.2c970fed7dd6b9611b525dd34f48f729.jpg,17f0b3ff8eb144d42ffe3554dfa82e817e553ad367a19aa2c5dfac09fdf1463b,0.04129165550157476,0.1869817032248371,0.04815616233676088,5.0,0.24055808630972034,0.016376180101670298,0.0005611672278338945,0.2673213617658062,2,dark_small_objects_many_parts
train,Antenna_260_jpg.rf.c7a8948f23c6741167983b701dff938c.jpg,325a7cec08a4728dd5f55837d8bbeb3130107e04368a90354c5a6a822d8b79b6,0.04441023934936533,0.1803413146675507,0.0247035868027631,4.0,0.09097621091085144,0.009034792368125702,0.005507141128056161,0.2068000264078695,2,dark_small_objects_many_parts
train,Antenna_261_jpg.rf.6688de5aafaf912d44f7b046b752b6a6.jpg,872017a96d10522fb7d19254bb9bf06ef62dba2c86765cd538d911f496a71da3,0.07402405014733607,0.238691368566934,0.07199659160539215,5.0,0.3669098391320614,0.07757311678880306,0.02002596773838604,0.49391188574195105,2,dark_small_objects_many_parts
train,Antenna_262_jpg.rf.91969917a934392d94aed8d82108823c.jpg,ef666dea34ab1d6b9163f5e059dde9fe0b2c7cc5b6fd4528f1ebe6e419c8a3b5,0.02259830998264934,0.11155911814268374,0.09025650772393919,13.0,0.38547897273387466,0.0008021390374331551,0.00015844721727074668,0.820268039875883,2,dark_small_objects_many_parts
train,Antenna_264_jpg.rf.c1932036682a2e1efd9c4d6b85ec8b06.jpg,89aa246b8f292ab71f339e2c8520559cf5b5debc211bb14334d0092f860d6e64,0.04285814270691882,0.15862470717247865,0.07972955890730316,3.0,0.27556721903127135,0.09946964195330209,0.05290486564996369,0.355599568671464,2,dark_small_objects_many_parts
train,Antenna_265_jpg.rf.1ff4d276c247a221902a3ec49c271085.jpg,e398676093d8eda117c7523135915068c5cfb1f2992a5c593318054e6afe3bfb,0.04801436553583164,0.20421479591125705,0.021995826795989392,7.0,0.10079333641425144,0.0008098413327171498,0.0001540459056798926,0.27866904337492576,2,dark_small_objects_many_parts
train,Antenna_266_jpg.rf.db4d09f750bfe8a4f49929312533127d.jpg,ecb93a67c836dd610714c303087808b0b5524f9c57b3c6258ad28f0ce0f8dc00,0.07564501005613398,0.2321326283754431,0.017336088068345013,9.0,0.25183094562179525,0.007526242820360468,0.0003367003367003367,0.6745098039215687,2,dark_small_objects_many_parts
train,Antenna_267_jpg.rf.9f2416c0b4ef005c2c49de497575a1e1.jpg,8e76c4bfe2f0eca29fb3c7dcbee32d5f60eec21ff2a0b812db0dedc7bd7c722c,0.012835916083385007,0.09212927897682933,0.02224259283028397,10.0,0.32858101714310867,0.003176096476750072,0.0002244668911335578,0.6809753306485333,2,dark_small_objects_many_parts
train,Antenna_268_jpg.rf.7f736e5733ade4b88951d3446c76d404.jpg,971b85586198bd37cf696a927df2aaa4124022bca10e26b3906fb469c98905d2,0.04712567600046775,0.19803698749949064,0.02941449670230641,9.0,0.4077639136462665,0.0029158689289408243,0.0003763121410180234,0.8165148214167822,0,bright_large_objects_many_parts
train,Antenna_269_jpg.rf.c9b13e915348e9efd4aa06729044699b.jpg,d802c9e1e6ae7fc18910eb2d24c2328397f26e18ba05460d0060bb0236c3360b,0.05551895994418101,0.2093210854986731,0.010134274351830575,5.0,0.35160977971435486,0.012121212121212121,0.011443410136220593,0.7347989700930877,2,dark_small_objects_many_parts
train,Antenna_270_jpg.rf.5c084a522a584b0cd098905a7ce71d8a.jpg,b47bb8c953164a0588ce65a47dd93a6c4fdadbe399301c8b80b29d1ecd67c308,0.03983676312011568,0.15868382842422707,0.009397357117895987,10.0,0.1258654078915517,0.00853414317466605,0.00016945049624788187,0.29639532580709055,2,dark_small_objects_many_parts
train,Antenna_271_jpg.rf.9090721347e85001a7a3cf9829ae1abd.jpg,10148249bb3d3b6be8b82a656effdbb4c8329d933fbe82b2f854febf7c5bfcde,0.028158335889977567,0.12324367488146092,0.0025875224786646228,9.0,0.06243920688365133,0.001442529873902423,9.902951079421667e-05,0.07981778570013869,2,dark_small_objects_many_parts
train,Antenna_272_jpg.rf.2701525418cb0b10ecc8af9c8f9868d4.jpg,32ff95360d706319f4870cb0eefa83837aba2c8e69a941de927c9ce1e2df24c6,0.14928878688202024,0.2867436524787537,0.19821451224532782,6.0,0.4061618362271957,0.004966329966329966,0.000708611166127506,0.3875750973790189,0,bright_large_objects_many_parts
train,Antenna_273_jpg.rf.f73563b02bdec1e8bece070e310684f6.jpg,71f20ec45d2c78bcf70f9499ef8d8036d7758f95d73771a713482f3f55268cd2,0.16997489957889803,0.264035456969943,0.2716042612113205,9.0,0.4083272815298959,0.0006271869016967056,0.0002244668911335578,0.410131819282146,0,bright_large_objects_many_parts
train,Antenna_274_jpg.rf.986949749f55b68b78f2c16083b0b35d.jpg,7dcd4a608339ccf23e8b5fdb0eb71db754f1f5102ca28069223ae9a2f6aa7c23,0.114989016138574,0.2386883521607735,0.19317791508693322,6.0,0.28036904997689316,0.004952575867608548,0.001232367245439141,0.25863537334125575,2,dark_small_objects_many_parts
train,Antenna_275_jpg.rf.6096a1e4962228d1728969a6bd9ed574.jpg,e130cd29337459ec7f18d6d0c9fd41361f1b2200e8200385b271dd130228ac17,0.03121133588005304,0.14047917923884742,0.015500565136180205,5.0,0.06671288043837063,0.01675139191479061,0.0004302282080059858,0.28674985145573384,2,dark_small_objects_many_parts
train,Antenna_276_jpg.rf.4211d989f27aaaf8aba4ee69fa370db2.jpg,68c74d5657e6c9d879684d05ad8eae87aada74e68f5f281e8d83d05d23e7b86f,0.040469002900119136,0.14326964489088334,0.013918604570276596,4.0,0.09249686406549153,0.025397768535023436,0.0008021390374331551,0.13543716027376151,2,dark_small_objects_many_parts
train,Antenna_277_jpg.rf.bd3c34746841ae183d40c1a3b2f90ff0.jpg,538deed1089cba22f32da74dbb578aa6da05fbeb0dd9bfc0e663349fa508bbbf,0.05789014498869683,0.1956109679987101,0.02843794916190353,4.0,0.18401223564622257,0.03141876279131181,0.0018023370964547437,0.24734270812702186,2,dark_small_objects_many_parts
train,Antenna_278_jpg.rf.8094d9b18537a62f11a0fb565c3bd5d6.jpg,88bdfbcff56538000ec26a6b6b6857ee094c349b39c770396d5048bef6e1218b,0.03767954654408582,0.16334408456727187,0.04055247587316176,5.0,0.25347263484518384,0.06322043969102792,0.0008098413327171498,0.40972469795999206,2,dark_small_objects_many_parts
train,Antenna_279_jpg.rf.e799664dd6f0142b5bb2e985a8da732c.jpg,7d1d1b148e981664de7099bd65c09ce018a3a859f15320ba163995bef595d029,0.3076221599751011,0.3160310280872837,0.25098568785424324,4.0,0.6073809523809524,0.14367063492063492,0.0873015873015873,0.4527142857142857,0,bright_large_objects_many_parts
train,Antenna_280_jpg.rf.9128941977b3d64464ab8cee3b8328a4.jpg,5c811ebff1a2c64fa6336d463ba7f0e1d3ff3122309efd3b2c7a2a276af952f3,0.33527574723846654,0.27340277173337013,0.2825966629327512,7.0,0.12422027290448344,0.01555190058479532,0.00042641325536062376,0.15787646198830407,2,dark_small_objects_many_parts
train,Antenna_281_jpg.rf.c1fc062724ebf3fc3a27d092c6de8fad.jpg,e11399a5948a2360548f59f31ada335f97e89fc9913f1aadbedb1e71d2d16c8d,0.1267092870679123,0.14874447902767216,0.7139312744140625,6.0,0.30209618379274783,0.046519505733411536,0.00024268408599106112,0.5916300955231527,0,bright_large_objects_many_parts
train,Antenna_282_jpg.rf.121d47e7b27eafad53b96fd971d4a9a9.jpg,33eb19bdbc58c0d531d99fa975b45801d738c69c8f98456217c135fdc9ccc75f,0.3693699937484049,0.21552181461141318,0.3495488484700521,2.0,0.1901046849500458,0.0950523424750229,0.05827329538669745,0.41913784181825425,0,bright_large_objects_many_parts
train,Antenna_283_jpg.rf.aaaab0b82669c3da8cbf1b1933ddce36.jpg,28b4ba2fd0b323acf1c698043d2120c423bbaa03c9961ae142cd64206ce015a8,0.3570049483086267,0.22961466574354267,0.43247677672143076,39.0,0.6504424778761062,0.00034721603960043444,0.0002893466996670287,0.9391748722423032,0,bright_large_objects_many_parts
train,Antenna_284_jpg.rf.28c1df75fc1de71c5875490579028579.jpg,835c0c436f19367d42343455269f8f7bdb542c294652c1897f14ad507dfb567b,0.33883076797385625,0.29565208750961847,0.443939328661152,3.0,0.059845833333333334,0.0176375,0.01275,0.07083333333333336,2,dark_small_objects_many_parts
train,Antenna_285_jpg.rf.ab74f0ec2b639eccc5836a7819e301d9.jpg,098d8c89be0350ae6ac3c4736f7c9b731844a860610fee59f15d22178b469eec,0.31280686856970064,0.1850044152696097,0.5145026113472733,4.0,0.216258374415371,0.04642775881683732,0.03013019845784351,0.4837441537100241,0,bright_large_objects_many_parts
train,Antenna_286_jpg.rf.d917caacc31f8e5c16538a8bbbfe1bae.jpg,9a7301094abf8f49a2d9e8c871ec9dc61f14ce8defef27bbcbbe1cd3f72033cd,0.09956562032804324,0.16959621319130685,0.16533810484643077,8.0,0.2886443823313783,0.01650419263196481,0.0001718291788856305,0.6327151301319648,2,dark_small_objects_many_parts
train,Antenna_287_jpg.rf.88a94d1896502266eb2712c56d6e6d28.jpg,2d2621f1719feaa6c349d5bf13957a778338f2ceba158b2a5e87e23cbc072ca4,0.16642564906095622,0.2166021128137936,0.29565196317784925,15.0,0.5343269383224988,0.004994450610432853,0.0026755985413033133,0.841029808149675,0,bright_large_objects_many_parts
train,Antenna_288_jpg.rf.ce7df7f227365fd598f3e4633278bc50.jpg,e7dd3c615d0fcaab756753bece0e41ce24d8bb229de510c35adff7485f429f31,0.8500018259731077,0.21123636168182,0.07355657091327741,5.0,0.4849217356845651,0.05040618189023183,0.0315236774321379,0.8476520705369528,0,bright_large_objects_many_parts
train,Antenna_289_jpg.rf.ab48b4cb7cd6b4d9b44a8bae761e0bb7.jpg,59babf4df834eae9d265e69273fc38d2ba41952185dddd071106ec9a08297282,0.8858252690878525,0.27557527971306295,0.0028143885088901892,5.0,0.5683238466743621,0.10568005413366238,0.07033395693189508,0.5448791943637304,0,bright_large_objects_many_parts
train,Antenna_290_jpg.rf.32131759dc60156f9439111f4089aae7.jpg,e68e97d8d18039988b9973a1068444488c9b5fb0bf24d666fcbf3be2c70bc942,0.8915852270956077,0.1681442332909071,0.0033397237459818524,5.0,0.6194554848966614,0.10017885532591417,0.031796502384737683,0.6687996820349761,0,bright_large_objects_many_parts
train,Antenna_291_jpg.rf.a2632568711369fbc07e8ac61382730e.jpg,c54f1a0afa7f19cca61708cbc21ba9cbc883afff1d8d7fdddb258466b29551f1,0.8120998886468168,0.2818994390060261,0.1791458578670726,4.0,0.6939456790123457,0.1574222222222222,0.11559506172839507,0.6543012345679013,0,bright_large_objects_many_parts
train,Antenna_292_jpg.rf.efdbb4a06395f35edfb26fe062654345.jpg,c93e55360f4ac7b22c192340481b6df45ea5cc588893222d0a9421dff77b871e,0.9276692326313242,0.17657023653670115,0.07124116934982,4.0,0.3483259259259259,0.08667654320987654,0.04053333333333334,0.5847901234567902,0,bright_large_objects_many_parts
train,Antenna_293_jpg.rf.94c4081ff9904caecb57ecd30e815805.jpg,b7e5cf961bfc70a720cd22d3a1edf4505edac67e5d937416f90026c3085eb362,0.8922697797495422,0.2504691372075239,0.04455541348924824,8.0,0.4007307677032448,0.044084356010961515,0.011438103181222448,0.5329441201000834,0,bright_large_objects_many_parts
train,Antenna_294_jpg.rf.c63c6d157702a6c39cbc028177e3b144.jpg,f257efd6e51f09ed9a1bd7a8a8b436422ed926251169fd21640627b930197ae0,0.32483398426046467,0.20426483369090254,0.012043097439934225,11.0,0.658243317734539,0.006460011962985118,0.002012596319622814,0.8432989690721651,0,bright_large_objects_many_parts
train,Antenna_295_jpg.rf.bfb1b1fa96959de4babf33ff61ca4433.jpg,a3d86d1f2d85cd1d1007548406c225bbbb844095e35a91c00c3e53f3df44f9ea,0.14467882107880495,0.21966415743422726,0.19092128978056067,16.0,0.6343259411675048,0.005248818777625362,0.0019718792866941014,0.8353909465020575,0,bright_large_objects_many_parts
train,Antenna_296_jpg.rf.13b21244885fc4352f3fd07805a64c31.jpg,3bb71b2abeb807590295307203fa47b56a90610cd700453e503acd0f61f90a5d,0.1843746719160105,0.2547460302807229,0.622879088158701,9.0,0.5704625984251969,0.016929133858267716,0.0018700787401574805,0.89744094488189,0,bright_large_objects_many_parts
train,Antenna_297_jpg.rf.89e42ffd51c47c7fcb432fde3d8cf709.jpg,f957602831e7a00572f49f5a2fddfdb815b548a38b436b9a2199442e16ab132f,0.11442222589926736,0.1767698723728148,0.5804503796147366,6.0,0.44252930145335206,0.04550164088138772,0.002039381153305204,0.6664908579465542,0,bright_large_objects_many_parts
train,Antenna_298_jpg.rf.94ec1c3b2a2b8f925ead0ce1aa291a2a.jpg,9a5cee1896a4062b500d9f298764aa85a7f24903b3a0543064f7cc1a8f29b616,0.04004719337907563,0.13548321879790798,0.0,6.0,0.16076864855773274,0.018564460516356907,0.0056513329408796565,0.21217727693213356,2,dark_small_objects_many_parts
train,Antenna_299_jpg.rf.9d8e6383a81ed0c0db1b50b39d6a28d3.jpg,797ce25966c9aa34d33740f4d1330dc5b7aad5c77423039c7b4dce887c54c473,0.864667298560049,0.23133992147870466,0.026814653359207453,4.0,0.4074169921875,0.10338867187499999,0.07152099609375,0.5406005859374999,0,bright_large_objects_many_parts
train,Antenna_300_jpg.rf.c9ef84eca9c58f1b49b1f6619a30c4e6.jpg,6e3d8c96737184a7a8a175c381cf3182a5a4a5c1ac589569107a091c00d0cd55,0.8840965519478112,0.21148403897114137,0.03823958378212125,7.0,0.37377599243856335,0.029829867674858224,0.00041587901701323253,0.5058778355387523,0,bright_large_objects_many_parts
train,Antenna_84_jpg.rf.bc8b2ba92a673c39fd01ad6965210fc5.jpg,02d5b0bc926d3a0c15442b22cf84436f39148e38405d89dd8aeb2b6e97eed750,0.015626045828982013,0.09460215691773294,0.08666547139485677,9.0,0.16291881880630674,0.0036772859049469977,0.0005927204254684306,0.21064826948484397,2,dark_small_objects_many_parts
train,Antenna_85_jpg.rf.a2c3ece2ec0ce8301f483669c0b065e9.jpg,195f38599117dbb9dd8fa4719197a6fa54a6e1fa8fa13ef426811ffc43847206,0.014285951092276669,0.07564410241053063,0.03621072582170075,11.0,0.1569795182164088,0.003084565479478567,0.0011128628396550127,0.21183774244751868,2,dark_small_objects_many_parts
train,Antenna_86_jpg.rf.da519efd6825e3e2c4f8cd40d335a309.jpg,9f8c56b458329ff2a325fbf6abdbf72904d3555291730a5566319a888f00f160,0.014249013786317105,0.06045617903246943,0.036986343533385035,11.0,0.24338229661020366,0.003419230753722647,0.0003427294977198408,0.3475142703154589,2,dark_small_objects_many_parts
train,Antenna_87_jpg.rf.ed78fbc706d0953b255f70d663c744c0.jpg,5c1c6879c58ba1e01de592bbd0ea492cc9bef82eacdff9e1ea5d1fc5b562cea8,0.009998024265248439,0.07666179431935237,0.05432936350504557,6.0,0.06927436773127857,0.01073616952072976,0.001451560225636973,0.1296081997024302,2,dark_small_objects_many_parts
train,Antenna_88_jpg.rf.64cd249c2acc62ef17513280ef1bbbd7.jpg,0d8fd4adbc34a81f0d760d80810d47fe66095a4a384afff90e25ad146636a144,0.015657306554102756,0.092751685409081,0.049358943864410997,5.0,0.12690668483805023,0.027853827885278355,0.004892295575294982,0.18992859130112213,2,dark_small_objects_many_parts
train,Antenna_89_jpg.rf.287a4f34dca5534860a2e2ecdd1066c7.jpg,f4774ddca5eeaa396c6302e5a796c69b99415eead3916b301029f78cf02ad7aa,0.013886598095994672,0.09013342522284369,0.03907426198323568,6.0,0.07956297284910359,0.011539903793813935,0.0014999455664915387,0.14620437161554622,2,dark_small_objects_many_parts
train,Antenna_90_jpg.rf.62f42011bfb4676d07563e4e27d4bb0d.jpg,b60a8603d084b566e53cfa77c9cebbc52c73c6edb9db5dbd79f4fd811ac559d6,0.01191030464659766,0.07290103125591892,0.015332624024035884,6.0,0.13575313799096,0.0172829749458017,0.0015322024603945824,0.21987105306662258,2,dark_small_objects_many_parts
train,Antenna_91_jpg.rf.a994c25894bf916a6dab8065d9e725e4.jpg,a5956b142306ae40fa417ded74f2dd84e6d18093df364d60eb8c3951f9afcf60,0.02993991073010027,0.14499623064917777,0.08311679316501991,2.0,0.17544927805039334,0.08772463902519667,0.022192743005294162,0.15325653504509923,2,dark_small_objects_many_parts
train,Antenna_92_jpg.rf.c221c5c8979b3fead12b74aca4cdb8a9.jpg,e0f1bf3e35a36a4ae6a703c8b4e0d1c2f72d2c577a469fc8056735ffc717f61a,0.030661980245973046,0.1556448268114085,0.044578024920295264,2.0,0.11849838782732348,0.05924919391366174,0.026456029149479792,0.10925141157511759,2,dark_small_objects_many_parts
train,Antenna_93_jpg.rf.4895f6fde05beba646ee18f0a15b0e48.jpg,81e10953eccc6073dd0afe64b70c85da070789dfdd855117b8a95565fb1a96d4,0.012989740489335499,0.08800899088487252,0.0707932341332529,2.0,0.1138722116267286,0.0569361058133643,0.01882727374140992,0.11902256235324794,2,dark_small_objects_many_parts
train,Antenna_94_jpg.rf.44b9e63788c8df0ba236faca39af34d8.jpg,4a49bf0fda5c7bcb724d11e26205b873c4478843ec08b4bd811291870f4341a8,0.016081210630744296,0.10039895353035419,0.06623932333553538,2.0,0.11693258443577988,0.05846629221788994,0.01879501684750688,0.11928196154171825,2,dark_small_objects_many_parts
train,Antenna_95_jpg.rf.3bdbd990fff488c964f6cce21ee26d00.jpg,74ee4a7d346e53ea87e62a86cae4c7a60a99f4a32792ee10c3afeb2e95bd739d,0.02008071760625807,0.11808128584321415,0.0754425796807981,6.0,0.19610309840906312,0.012992808056696867,0.0015805878012491482,0.38800204831276286,2,dark_small_objects_many_parts
train,Antenna_96_jpg.rf.026827ba9fc8958b5d8a2f0611e0010e.jpg,c8f6ba7013a75ad6f45bb7d4c3f46ae8c7d339322db12da776fb11df3ba18333,0.053296679592878995,0.12893161226368302,0.04284799239214729,42.0,0.5232014429583872,0.0007795416026568928,0.000629009431109355,0.9484843963995928,0,bright_large_objects_many_parts
train,Antenna_97_jpg.rf.5d6740a25e42af260e6098baf0ad9248.jpg,24d1e0bc1654a7d064fc7e63aa9bfb06696539739019af2f4eeb9a621b768cd6,0.09094309433267721,0.17583935142375673,0.04365073933320887,41.0,0.6072938213263765,0.0019918631985129573,0.0017405282335184072,0.9194061505832449,0,bright_large_objects_many_parts
train,Antenna_98_jpg.rf.475681bc1f57d830b894a57d8c66688c.jpg,15ba851ea65f353d3e7b3e83b4e270cb15f40886bea0f16524c3b3994ec3bb8c,0.01683916330571706,0.09494174984625776,0.06719293033375459,4.0,0.11290181673514535,0.023320390254654735,0.0040536163338158425,0.1271459234678311,2,dark_small_objects_many_parts
train,Antenna_99_jpg.rf.e502ec77a73199b089f1b1e4b6d33afe.jpg,2e13e096da031d15be8d25aa5132ab76f2e733572db6c2146fe8c8c614dc9c3a,0.031075174190521283,0.15480571402160712,0.05768832038430607,8.0,0.16093501983126957,0.007924443602181103,0.0002661193747001117,0.26200258861573583,2,dark_small_objects_many_parts
train,Apollo-Command-and-Service-Module-reaction-control-system-RCS-thrusters_JPG.rf.99b090fc89e0622a6b47aef324126959.jpg,7461f7bd308277f33864b14132406f2bf628e8b3e0683968716638e5a90fe89c,0.6482422718893307,0.23754027479737108,0.08871346267999387,4.0,0.13475080475080475,0.03271339771339771,0.029896769896769898,0.543102453102453,0,bright_large_objects_many_parts
train,Artist_pictureUlysses_after_deployment_jpg.rf.1260c5f42cd929ab1370bc6aac7bebb5.jpg,ab74f61dc07d199c9acca2ce53518158fcbf2b0955fb2ab598c0d5a8e6f28302,0.23162662758106864,0.23258198483166542,0.6086691463694853,11.0,0.17773761450165862,7.009103588661038e-05,3.8874019903498196e-05,0.28941413318003617,0,bright_large_objects_many_parts
train,Benefits_0_jpg.rf.37accdf67b43169b12b3b466eef91a80.jpg,49fef968364165619c826f22187b670a3f0fe6e0c60597927898a51539cbe7ad,0.8084452454012941,0.293631886183668,0.1287785997577742,1.0,0.14171448600832562,0.14171448600832562,0.14171448600832562,0.14171448600832562,1,bright_large_objects_few_parts
train,Body_100_jpg.rf.ee310999ea07a31831c79e20277a6a1a.jpg,3b5b313a9e2e8143199f6e1c7d5ffb3de49bc8d597fc667e4b8ee339ec89212f,0.06616463862171794,0.19666811602248752,0.050773844999425555,5.0,0.19932438947001213,0.037640657238972246,0.0010307706062088152,0.18072143424367207,2,dark_small_objects_many_parts
train,Body_101_jpg.rf.f3b39bb6dc930c1a04b7fa8714a29fbe.jpg,5cc1fdcead6b56116f9d66d6f0fa7a608ddf4e3fb7b3c024f0df06da13eff9ae,0.058418088848590254,0.1450858315870141,0.029366485745299094,4.0,0.26070081883154794,0.03417583053289788,0.01117544662343741,0.21421797292298847,2,dark_small_objects_many_parts
train,Body_102_jpg.rf.6c8feef0ef6c678e6f2cdfd8df87a4fc.jpg,00e838f7fa534f15299dd011a60510df7377a53b9e9fb2d7276654b8b5da1cff,0.08177870969229943,0.2515087302211885,0.029570433672736672,4.0,0.27399916206062963,0.04612873763907953,0.038380427980162925,0.2460684340525938,2,dark_small_objects_many_parts
train,Body_103_jpg.rf.fa0892096f0959135ab6e6691cc62b6c.jpg,14a7911a6818ea5c2b7ac86e8e3d94bb7fa4b0dcd5c1ba2093ca99facac513b0,0.07404441724870937,0.2171168607831184,0.03970719505758846,2.0,0.13593024417693494,0.06796512208846747,0.03868194591259136,0.3034146905847519,2,dark_small_objects_many_parts
train,Body_104_jpg.rf.d8befe523aa7b14e597ec46127a4f5e5.jpg,9f095efda882993f92fc4c18b1788ef5dbd2a691b0de287109fafc14f9b8a6c5,0.043956784217069264,0.12739544932662275,0.042264770059024584,4.0,0.22897657451086603,0.030888934467180995,0.004645479772879864,0.16255322580362422,2,dark_small_objects_many_parts
train,Body_105_jpg.rf.f71f9b95dac1967ff394c33db14fe255.jpg,999aaa386ab9d00b333fdc388030c7e0509419d5c40b82dda1a93b0245ba42a7,0.0646684194716651,0.13535652081132651,0.07259771309646906,4.0,0.38132201589279985,0.044659714224108464,0.009592477478188158,0.28241010996639476,2,dark_small_objects_many_parts
train,Body_107_jpg.rf.754eff9482c2e99a9d2f265ba935c113.jpg,677c18d2423872dd2bc1be374ab43cffc3f0f30fb57f2079760694d85c6c92cb,0.037663164528319505,0.14184301465514695,0.1149175157733992,3.0,0.10917052767391186,0.0441530939771793,0.018553870911758676,0.14202546424120036,2,dark_small_objects_many_parts
train,Body_108_jpg.rf.7d71122c3d4ce5a8563cb2257c3ccb7f.jpg,8ddb6915b50854ba0c2e38d3352955569a9d7c29e4bbcba972eb7b6baef20cc7,0.04995191765164415,0.16376430996566718,0.14404033586090687,3.0,0.3373144218481296,0.15281875441539705,0.031433244455663714,0.7286636620054098,0,bright_large_objects_many_parts
train,Body_109_jpg.rf.40ea67b6a73a15dae96ea632450d50e0.jpg,d93d8fef43a1fda3031e6b3fb02d19c970f698bd936fe0ee0e421f2afb784695,0.051984716354360846,0.15533860046124098,0.06534383437212776,3.0,0.17018583672102755,0.03926745166509772,0.029129787692809325,0.19521533113505718,2,dark_small_objects_many_parts
train,Body_110_jpg.rf.3fdc22cb9c61125170206bbc7a97bf1b.jpg,4e94a5ba806173f419c4ffdeb4b79cc11c570c1b5a76e18b08045ce5e51583e0,0.1012424759296949,0.2705112348184275,0.014620354596306296,4.0,0.24862607744453036,0.03432834251034715,0.0008098911905926406,0.2798962918553345,2,dark_small_objects_many_parts
train,Body_111_jpg.rf.4d0e3df0d2cb3a0d3d71e5e871946cbd.jpg,e3e57c2a4a9aba9296923757ffeb2f798545e6b329dda2252650c143bf2f7b3f,0.03659694184783952,0.11420250745377118,0.1183069715312883,4.0,0.47661745964129876,0.10345746405888714,0.006303828401236223,0.26339870312228825,2,dark_small_objects_many_parts
train,Body_112_jpg.rf.6d5e04be116846eb44ce6b06b0f57ec7.jpg,e27e0920dbdf591db0b94c947192fe78ae577d5ef1d47290d3ffe48c29aa9ff8,0.019788719523942646,0.08202317976507076,0.08090993843826594,5.0,0.2978103136663003,0.003933757211449968,0.0005048672356941136,0.17508375011175442,2,dark_small_objects_many_parts
train,Body_113_jpg.rf.ad9de5053a9bed4c4a3bca2279bd4776.jpg,7ac37e59385d384af8367128ce29203432d3ea6df387d29255ac34e198fd3004,0.043018070761639035,0.1284176172110337,0.12302611107919731,6.0,0.1834052944445321,0.0006810448648165385,0.0005048672356941136,0.15650884306517523,2,dark_small_objects_many_parts
train,Body_114_jpg.rf.bfeae201f614c73a331b219fbc3048f5.jpg,be173845161afe4d01e8058f56fd7b7f798c69b35b84336055518afb70249c6e,0.04689157368895931,0.18703880709896858,0.0615391824759689,28.0,0.12466605048304395,6.932065755595169e-05,3.3009836931405556e-05,0.2890451354503642,2,dark_small_objects_many_parts
train,Body_118_jpg.rf.eb52294f64095bd8135b00de41f13807.jpg,e0dbded4e1e6e5fe19bf8b8ac0c2936479602aa69e64dbc43871cc2353eae3b5,0.03925398631537296,0.15213835102723822,0.12776635861864277,7.0,0.1779098171255034,0.007270966748090932,0.0011553442925991946,0.21020224026759973,2,dark_small_objects_many_parts
train,Body_120_jpg.rf.67b3433b4e3463b63f5524149e41b44c.jpg,e748d2844359b9f002b0f8b82e75e902b0a5bfdff93d2de18911128e608e3e90,0.030870795183239118,0.13820948977242528,0.0778890796736175,4.0,0.1926916221033868,0.053995290596597786,0.001355603969983055,0.33750907770515615,2,dark_small_objects_many_parts
train,Body_121_jpg.rf.2142abfbd57a46d4890e20de8667ce53.jpg,6c25f087cfdf93cb1403e4e3df0673e02bf60b80c9434333d5b3676a3e1962de,0.06582610245304081,0.17592395499440586,0.032178549673043046,8.0,0.26812240047534164,0.0012466715081094165,0.0008043396932285821,0.3895061728395062,2,dark_small_objects_many_parts
train,Body_122_jpg.rf.6d22ce6ddce6ec0d131108822daaeb92.jpg,664224c998b8695e5b606e1143918b247a6c0ed7ee52d40a9aafb2d7775d877f,0.11182345907707948,0.30473070807337693,0.07132711971507352,3.0,0.3691820162408398,0.16427015250544663,0.03264232741356924,0.5918553729011244,0,bright_large_objects_many_parts
train,Body_123_jpg.rf.b9069342f90090dd127afe9c6b5e9b6d.jpg,01a6ea36116c0c1e2c8714ab123b70c79e6b9a5a567c53f7370b9fdbd04d7c91,0.045548871602953366,0.20267483255158317,0.028600348678289676,3.0,0.08970423186109461,0.017676767676767676,0.01637287911797716,0.23560441011421407,2,dark_small_objects_many_parts
train,Body_125_jpg.rf.35cf55d121b58df65db4d0e706acc66b.jpg,939d04f4dd03cc101b656a967b35d75672d90042aae66dc1ccf562a4532aa261,0.040323940848098226,0.1630186743148542,0.10799467049393,2.0,0.23240905789925398,0.11620452894962699,0.04588477366255144,0.28209326379261024,2,dark_small_objects_many_parts
train,Body_126_jpg.rf.3e2574280f1d3d7bce384963e38bbe8e.jpg,adf623b161935ad062c8c5ef935a9215475bc6bed223458edc14c8413243d4da,0.023268789393356866,0.1361688198145628,0.004595599454991958,5.0,0.4070971149402522,0.04703901762725292,0.025510001980590214,0.40536079751766024,2,dark_small_objects_many_parts
train,Body_127_jpg.rf.41584c67209212c53bd47fb20e2152e8.jpg,99e7317344eca12eceaf458e0283d55f1f01cf0f9e56964fbe078a4c8594e2b9,0.022782992469010666,0.1356565695097257,0.0036577703906040568,5.0,0.07271186813670474,0.012508527541207279,0.005123126691754142,0.3574965339671222,2,dark_small_objects_many_parts
train,Body_128_jpg.rf.018c7a37997a1e722cab78fb2f79b18c.jpg,5959aacd2d3fd47e3e1e8b137e2798c2334d32dac7e7ad05999bc04a6e2dc6c4,0.14202436600616788,0.3081826805282629,0.1190048890955308,8.0,0.3776182302326093,0.0017720780792676218,0.0007295173961840628,0.47113289760348587,0,bright_large_objects_many_parts
train,Body_129_jpg.rf.76df418df53c3422468bb14bfa5da921.jpg,e5da0ec7d922fade7a1b21a6b52a0779906d776a319cba0000389e55fb075d8d,0.09369691619082879,0.2553594331600884,0.08642689573998545,3.0,0.19640852974186304,0.0675645342312009,0.06057965273651548,0.3151779230210603,2,dark_small_objects_many_parts
train,Body_130_jpg.rf.3c02e2d82cf77218d776f0929cf6ff1d.jpg,764f9e1f601891086cf2cbaed3a60e1f5037de19eb478b5ebb8b0de46cb60131,0.03998324481087521,0.17594941094137417,0.026111402698591645,5.0,0.14815034880394357,0.031045751633986925,0.0015019475803789532,0.36323474395369815,2,dark_small_objects_many_parts
train,Body_132_jpg.rf.cfa162e714c32bf2cdff1aa224ee5b0d.jpg,389e21e577e1878303f1a9e270066e2ccc1d16f3ed959609003bf4af533645e6,0.04949008647714274,0.1784153463079961,0.07710465075922947,3.0,0.16877929623027663,0.01855592966704078,0.010156026495895776,0.2968948746726524,2,dark_small_objects_many_parts
train,Body_133_jpg.rf.61e8723fc5e2f0eec279eab72625db97.jpg,9d417e6f3484d0df3c146af81aae92e2c3adb6452da17d9cc624ba0a57f3157e,0.03781606055859548,0.15716971280335149,0.13012556188246782,13.0,0.1812063995070531,4.621377170396778e-05,1.76052463634163e-05,0.25589225589225595,2,dark_small_objects_many_parts
train,Body_137_jpg.rf.fb357d2b52b420595df51842ecb93aa4.jpg,69ff545c9784e9e9b0055951013acd880a22b07698962021b43eff17becd6e5c,0.04544953572635233,0.14482299777992855,0.027937868529675055,4.0,0.28765542131555205,0.03678286129266521,0.00011443410136220595,0.5108668383178188,2,dark_small_objects_many_parts
train,Body_138_jpg.rf.62aca7caced39361b6c197ad947d3d1b.jpg,af32c23543fddbd66ce9809be06697876efe8699827b466a68d899dba6ce0be8,0.04682502758371014,0.1796945003986909,0.08856658935546875,7.0,0.13768292951299485,0.024975242622301445,0.00039281705948372616,0.3877830593516868,2,dark_small_objects_many_parts
train,Body_140_jpg.rf.acd851cd6c9d781fe8f16230d558fa20.jpg,c39ec350038f5998a7835d2cbd3de2bc93982d0c3529931e9be3b349403b17fa,0.023078143561291068,0.12894035243606217,0.023693385778688916,6.0,0.034331330736559494,0.002525252525252525,0.0005545652604476134,0.0952036706938668,2,dark_small_objects_many_parts
train,Body_142_jpg.rf.b50d23eb3b99ebd5bcb1d055cf9775c5.jpg,a0896ac8794237eb9221a4f176df2b50e9a5edc6b7ba33a6236e4d79094bd0b0,0.0440470333601819,0.16786699295182655,0.10107607374004289,4.0,0.3040668107641902,0.055824642780135575,0.0002278914605563707,0.5367790522169457,2,dark_small_objects_many_parts
train,Body_143_jpg.rf.f9ed78dd2ed4f9bba1a3ff7b808695e8.jpg,f638f7595cf367e380c54e1089ad374b0fc1d06cda5b94dd26d482ee48ae1dee,0.0415554278312192,0.18311554654430287,0.008505409839106541,10.0,0.27982438766752493,0.020950243172465396,0.0023767082590612004,0.4782454171343061,2,dark_small_objects_many_parts
train,Body_145_jpg.rf.0eb12165dff771d16f1651d8bb22680c.jpg,d05609eb03970429f8f1dc54ebb896587efcdd8274f434a2ec87354843b0621e,0.12734000261489686,0.24942477826321452,0.20396794337852328,6.0,0.37770625646442635,0.0008797121542219582,0.0003003895160757906,0.3775665148214168,0,bright_large_objects_many_parts
train,Body_56_jpg.rf.5f11c0d0d3ff01f8a9131114f0fa6bb1.jpg,74a11482897fcce786231a39cad7de18614ae89419a3de6953106b9e813208dc,0.01730394192683868,0.10341414142524806,0.04290293899236941,3.0,0.09542664446317135,0.0339450046839698,0.026611937470011168,0.1405540390335297,2,dark_small_objects_many_parts
train,Body_57_jpg.rf.190cbc6c67fbdddd53e9dec8ed132b3e.jpg,5194e1410b104c1b26eb9ed12c8f5af127d6016f6a9cee06313f605a5be541d7,0.010818867341863542,0.06982054324040265,0.022001178591859107,5.0,0.11495012949798863,0.027555451616675202,0.0037915290708536113,0.2322482920646698,2,dark_small_objects_many_parts
train,Body_58_jpg.rf.b461f470c77bc15c7ca4e4a4d05d4e04.jpg,41e5cbe504349dbb237ff3f1ea751f3d95667ebdc0b04b57e37f253b3e7d64c1,0.008048369106992928,0.045721620837111614,0.0219666555816052,6.0,0.14087929604705207,0.013561335811738016,0.00117468855296918,0.24134608018257403,2,dark_small_objects_many_parts
train,Body_59_jpg.rf.c85fbcd2ad35e4067fe4fbdb58fd7514.jpg,a78b28c82b5fc53c6bd52b5484615ae79b70c15eef3cf33112c4947be420c024,0.0202093551475322,0.1138706993844813,0.05292487050972733,5.0,0.09424254764948047,0.01639456632622203,0.0018735879208684632,0.23012068110431472,2,dark_small_objects_many_parts
train,Body_60_jpg.rf.c00996f3885f2bf7c542bfe2ce425026.jpg,a9d8c6dbc2925b42b230682de00dc55374e74294e0774187da0d010e28b80013,0.23371186429377155,0.14330127525992717,0.6170013427734375,4.0,0.15886789054698286,0.037284937240180796,0.002897744302290105,0.25403244774719186,2,dark_small_objects_many_parts
train,Body_65_jpg.rf.18420ac3130befb2a7ada6b3a7e8dea6.jpg,d34f6bb696b43d97fcd140861a7a189b18c9983e61d9885bf3186c11f97c329e,0.03944966471146143,0.15488223061043302,0.0847213670319202,5.0,0.23368103576886323,0.0007526608577376896,0.0006532021015366378,0.2971857876125463,2,dark_small_objects_many_parts
train,Body_67_jpg.rf.822a14118466ad9e83f41c5045a9182b.jpg,dbcdbfdf046bf6f9241beee8a6196386edd84b29bd52f1beb8ee00a3ce982774,0.03175680663286071,0.12670491040170268,0.02719290864233877,4.0,0.1839825705249944,0.04300112764724936,0.0008386792414791399,0.2947473680390631,2,dark_small_objects_many_parts
train,Body_68_jpg.rf.9ef0400b7c4e5be76418b7fbca92ad20.jpg,8e30db87e34fc45d2fe072efe8fb25a981c4018cd307820331123157af86ee7e,0.02301173605417071,0.11163314368381534,0.06406460182339538,5.0,0.22247982936103128,0.0013252207245167179,0.0009031930292852276,0.21137001748592457,2,dark_small_objects_many_parts
train,Body_69_jpg.rf.a54ccfe9808971b7798a596721762ae9.jpg,25ac020010621bd38463fd21638b17e1c6872b97869a981c346e21b36f8625fe,0.01516775021104679,0.08549222705406329,0.06601801105574065,5.0,0.20870479162718558,0.017940209159076216,0.004181299872182058,0.39282848606300574,2,dark_small_objects_many_parts
train,Body_70_jpg.rf.5396d946888a226710b31b81293330b6.jpg,5138aa218d270ce7454cb2786423ee8c7051a1b6543da91a1f0c6f66974c89c0,0.011588104658968073,0.07771187857465846,0.03456582462086397,5.0,0.06478125121803374,0.012316757321978906,0.004509244960196336,0.15452665024253148,2,dark_small_objects_many_parts
train,Body_71_jpg.rf.6eb4f189efcafe2dd344d327287cfc03.jpg,c1d0ec79c07a117c95987f9c42b78a5ac6383fe6bbf21b36eeb934cea42ca360,0.026573287175404796,0.11591038111356593,0.06122112274169922,12.0,0.2068849651961555,0.00010214683069297218,3.3600931149004e-05,0.4905762828499504,2,dark_small_objects_many_parts
train,Body_73_jpg.rf.d7a6bbb2a94245287e06e9df9961f4ef.jpg,757a33599d1e7b248d9cbebb2d755fa5a5818a264373adbc89db3035120fdb9e,0.02643362325797949,0.12685300107273242,0.06030152264763327,6.0,0.22664768886075373,0.022023394312303185,0.005999782265966155,0.4163155369361594,2,dark_small_objects_many_parts
train,Body_76_jpg.rf.00139dcb67031c9b9219d254bd6904a4.jpg,71df2d8e5431cff0eb0326ee02d336743b284a9d5d84527586156e802db82b84,0.03500022677334317,0.14987299329989842,0.0777044932047526,5.0,0.23609089455086982,0.04382367844177698,0.001041628865619124,0.41236675550752866,2,dark_small_objects_many_parts
train,Body_78_jpg.rf.ca327dd5ef541b5c53bfc00cc6f74a3b.jpg,8d12bc27a0209d5315215f326d63798167bd99bc70b7ebfd4c6580e802d1811c,0.036435321086521866,0.14266313403455919,0.11574073492311963,3.0,0.34100801652037793,0.06167619428272916,0.0008765056175245027,0.3911038185843733,2,dark_small_objects_many_parts
train,Body_79_jpg.rf.472ba846ef965a7442bb19586e7bafe7.jpg,4b8a84a800c4117c06199b8efe04dea542a88a7b05703e307a5a23897ab9a584,0.05179275818684604,0.14426168333783024,0.03071140962488511,6.0,0.3279796370214937,0.0021211435944092968,0.0012095777521838136,0.44657084707255895,2,dark_small_objects_many_parts
train,Body_81_jpg.rf.42651db23d140f29041fd4ad0444adad.jpg,e66e45e12547d7b9bd6fa5d00099ca9b82a6201f2b4dfbc5b64bba7108c150f0,0.030268488794666256,0.13247663270102858,0.10154693453919654,3.0,0.2547949239806678,0.10171847691371853,0.025369578593629205,0.5820645914519665,2,dark_small_objects_many_parts
train,Body_82_jpg.rf.49165056fd8a1b935b6ab7071ebabc82.jpg,a730d8a26c5f9c9486b5cd3c7cf425371dcd4b071b2d6130af4728e7487ce9df,0.017020199192260544,0.09585791958999995,0.06106572618671492,3.0,0.15331135057244583,0.045194382650798406,0.014183613902781502,0.33920066193704235,2,dark_small_objects_many_parts
train,Body_83_jpg.rf.f8649ff837e260f2554158dfacbc1a57.jpg,fe18980585bb5271c6cbba725b6058ac793a4f66bf169293b8249edcf044e716,0.0064571996979183545,0.06180898469724577,0.019062264760335287,4.0,0.034309935892379136,0.00960650156806855,0.0005469395053352898,0.10220406102582698,2,dark_small_objects_many_parts
train,Body_84_jpg.rf.c8768b8f0157acd17bfd7e823afc2eda.jpg,92dedd85b667e5b51c5978744387478153806f882a153da367ea828a0f20b9b0,0.05220081795504227,0.17613944305464652,0.07817968480727251,2.0,0.2765550524413311,0.13827752622066555,0.037879066766938904,0.30767450788592093,2,dark_small_objects_many_parts
train,Body_85_jpg.rf.1762c16c6221d16c086f6f0e41130c4f.jpg,74ef3312e59f585bab1fa9a36badb2391b739ad45d048736ea8237a68d1bdd62,0.04976241369985842,0.12918290323159765,0.17482774023916206,4.0,0.36382871677824585,0.052784921298560605,0.04402161813455062,0.21423725604657404,2,dark_small_objects_many_parts
train,Body_86_jpg.rf.9d34b4dc4eec1d75587841e0ae3e6454.jpg,3b5c3ee2dfd4ed44f7f49a3032419f9d7aeab206a88b4c195cfc396dc9e2ac8b,0.07374546352487181,0.18587557817419897,0.1528959685680913,7.0,0.3656308123278762,0.03570883885794825,0.0020440111000671404,0.2360254326869981,2,dark_small_objects_many_parts
train,Body_87_jpg.rf.349b8d523ae72d52de09018aabb87993.jpg,48b3615a7e8c232a9d581206fe611b4f5eec2227f3e625f118f5c4264264e734,0.06440291045237075,0.19732023853422367,0.09681492973776425,3.0,0.34030856503759327,0.10050714615029967,0.08363967204665813,0.2900146727040374,2,dark_small_objects_many_parts
train,Body_90_jpg.rf.0a9a14d1bf78dcda66177d6997970537.jpg,024e9e6ebbceedfe76e4cac34b936eeccb5fd8618ac6cb5024994b80dd4f4692,0.03198655667242995,0.14154375563916016,0.11067946190927543,1.0,0.17880714597499855,0.17880714597499855,0.17880714597499855,0.17880714597499855,1,bright_large_objects_few_parts
train,Body_93_jpg.rf.cc2ac4ed9e2e9766c4800a5c96e5d1ea.jpg,34ffc9b56b266d7c17fa61d6b5fc78e643a3a68699c908699eda02cf5390a588,0.04176980302031461,0.1720164559458945,0.1124455545462814,10.0,0.20221335198537288,0.0016548426058862612,0.0009536381118666591,0.2741519720499888,2,dark_small_objects_many_parts
train,Body_95_jpg.rf.a7c561cdd8197af714de718f2b8e8ada.jpg,55621396333bc80b5cf0b94fd2e65490fbef727e2aabed6e16711bd8a1b59f79,0.09171507297837331,0.22403885696790962,0.07641742930692785,6.0,0.2610724572133783,0.005251145154589297,0.0030905588073913966,0.3070714720210642,2,dark_small_objects_many_parts
train,Body_96_jpg.rf.906369af5c7299e1b23c04f7e7b05afa.jpg,3b9a2b33dd56e8f28fd35ef8042a88bb36daf679f31af6df60741b09595ab10d,0.043607529382616604,0.14597521321137544,0.07079213460286458,5.0,0.41862434196340764,0.023665651673161574,0.0024875229425345385,0.3881973259566621,2,dark_small_objects_many_parts
train,Body_97_jpg.rf.31f94ea6770cd9e250d4928df15bc78c.jpg,717ad704d7cf4b2934132e90318977ef1058d6a7d0829bc2cfc2c6dd01e80897,0.06699705085076557,0.20652955219811894,0.1343103895000383,10.0,0.2566110436201786,0.021098366719432306,0.003213269593844827,0.4278802412844664,2,dark_small_objects_many_parts
train,Body_98_jpg.rf.d930ee898b6f96dcadf9e9aad408c200.jpg,eebae9475692513c71c749e7c75c7a99dfff1a86a745e78a41ba5ccba0094d07,0.038721680833919137,0.13259473798269533,0.05892317528818168,8.0,0.20600686829801892,0.019896677517806216,0.0027487216165568403,0.3232324825969809,2,dark_small_objects_many_parts
train,Body_99_jpg.rf.fe1603bd27bb45351f999df7121050d8.jpg,cdc00e843dfdb84dfb44f657fd08c7bb768e642fce1850fddbb615495ac50863,0.054082885189760205,0.18251083180419073,0.14039987302293963,10.0,0.30629138202146733,0.030959054916582962,0.0017670353249293973,0.3697801899212372,2,dark_small_objects_many_parts
train,C0046562-Apollo_Service_Module_thruster_quad_jpg.rf.4850ea66d9f9b86b1263ba6b7a138a62.jpg,aa49e864d5acdfd750e8d4a0ae674dfe25fcd732c2c30615aabe16e61f798464,0.6281912039582188,0.18968989493003707,0.09534565046721814,4.0,0.11986448598130842,0.027922897196261683,0.02570093457943925,0.6206775700934579,0,bright_large_objects_many_parts
train,CNYdALi_png.rf.51bb3eef199c6762f542699739b9866b.jpg,142c44faa7e974de12b6370a32940827de02f0556ef192b953f6e4f47bd43c10,0.04130855119825708,0.10236334007209662,0.0785486707500383,5.0,0.2501388888888889,0.03675,0.0005,0.35688333333333333,2,dark_small_objects_many_parts
train,DMDMRK5_png.rf.a49b083eebb5b1611fd80d5a75f42076.jpg,9c27ad82b64726c75bffc85df18e864d84c7ed769321cc562ce39340860e879a,0.07505473686002179,0.15784008771652566,0.27250653435202205,6.0,0.18340277777777775,0.018838541666666667,0.00041319444444444444,0.35260763888888885,2,dark_small_objects_many_parts
train,DnImb_jpg.rf.a142821558a0f1b7b8832b53fce5be8d.jpg,22ba7835f7d17e6f930a2332325879e043dbb88eb2681de5f7f2f6465bde21c3,0.1887911381740196,0.22875731190698284,0.25707355574065566,4.0,0.28466796875,0.0702724609375,0.005380859375,0.42968750000000006,0,bright_large_objects_many_parts
train,EAftsWoWkAEXmy5_jpeg.rf.ca790550f1b7d4fb5551d6d17fe34b30.jpg,45cdd141f2bf8c7dda4bad41dea045587b9ea92578334fb3920f9af33df16484,0.857926246197212,0.31226696458133885,0.0,3.0,0.10596655419027609,0.03576430890685681,0.03420980030135184,0.37786761741049635,0,bright_large_objects_many_parts
train,EOVt4bWsAAcFk_jpg.rf.407669becca35e0ac6286d61e16a956a.jpg,3627cff006bf7df4ac3e42e3f65c9d41b4642ab9c6fe2f9fd2bed1caeed6cbbe,0.2788419087727865,0.17855325475676245,0.7944143856272978,16.0,0.2963816324869792,0.009690602620442707,0.0006527370876736111,0.6233367919921875,0,bright_large_objects_many_parts
train,EOWvpGsXkAYUlfs_jpg.rf.d05be48ea0e3824bef92e44ccf1c5f3a.jpg,b64b4d992c65db91bcbddd42158cfd507d59f1411ea404e878e96e25d9ce13c0,0.10802192205277172,0.12469323872940985,0.11732113408107384,10.0,0.06610617283950618,0.0041092592592592595,0.0012666666666666668,0.1055555555555555,2,dark_small_objects_many_parts
train,ERGSG8AXkAIhB_J_jpg.rf.6c834a4399096b0edd5e3dcb0f303561.jpg,6b2ecf3d286a90ec32167372b5c7d2ce8b3b2822f1d31ea3dccbff9cdc1b7a37,0.387865273068506,0.2794362797865931,0.39425479664522056,18.0,0.31708019803406523,0.00030385925260761394,0.00019047893447044455,0.3641018117908061,0,bright_large_objects_many_parts
train,FWCAIhZ_png.rf.ad7cc4bc3cf8722b35b1c4628ebe6b41.jpg,f78897dc057115c474aaa48477829c1910e360e90b70311473e5803c4be7cd98,0.10428265165441176,0.11883805306695612,0.17257015751857382,8.0,0.200310546875,0.00183935546875,0.0008437500000000001,0.2876289062499999,2,dark_small_objects_many_parts
train,Flight-qualification-thruster-jpg_SIA_JPG_fit_to_width_INLINE_jpg.rf.06a923d043641af55ce26631dd363ada.jpg,445d2d3c65fa79762a4270f20e938629393669040be988087852872f3a13774f,0.6060789449112979,0.19341500070490045,0.15754084867589613,1.0,0.07577380952380952,0.07577380952380952,0.07577380952380952,0.07577380952380953,1,bright_large_objects_few_parts
train,G6gVocd_png.rf.fb68e04da642bb44db5a8bedf55c281f.jpg,8b1f1a7be0ab500298c653a8f828c81909068122e158242bbbb1f242c85de156,0.19425251677049543,0.17618867546711742,0.4369238759957108,8.0,0.13152662121766717,0.01127360145192777,0.0013268667642752563,0.14197474377745242,2,dark_small_objects_many_parts
train,Gemini_RCS_thruster_600_jpg.rf.8c5cea22a0b173a22fdecc34d694dec4.jpg,c865a8b27c69f1c66aa35b9c19285535ca1d6e39f524ae1e70cd482326326da9,0.13359424349449925,0.17745967050768183,0.354453202789905,0.0,0.0,0.0,0.0,0.0,2,dark_small_objects_many_parts
train,Gluster_assembly_png.rf.25928df7c8f7b28c2ad80de164f6a054.jpg,4befb37b760e965452718f924ad5eaed22a2e7b62c3944b7fe499b10ae5ab948,0.655752671004793,0.22312153214978597,0.4801434685202206,4.0,0.16252720120522263,0.03926688268209862,0.037129645128891865,0.5894112583098188,0,bright_large_objects_many_parts
train,HPGP_thruster_article_jpg.rf.5c12034366005b06309c939b5ca39228.jpg,8076ffef23abadf29a8cd9c08fc4893b3e3075f8c6a38d97ad7a703b8eb8e3d5,0.39277748874604457,0.2516783306573077,0.2562962849934896,1.0,0.004439945299873905,0.004439945299873905,0.004439945299873905,0.0044399452998739024,2,dark_small_objects_many_parts
train,IransPrivateSectortoGetMoreInvolvedwithIransSpaceProgram_jpg.rf.cc6b6f285fecee597574508681ed5082.jpg,57dbb7e9943b39d458e2daa665c01a485e964c38d4ceada46245ee5bd015fd48,0.17682182422969187,0.2434820420165248,0.19857451495002298,7.0,0.09132589285714288,0.00286875,0.0024107142857142856,0.21040535714285719,2,dark_small_objects_many_parts
train,KImpLwy_jpg.rf.8280a09a56f67bc8aded6274de3be090.jpg,91dd492059017106c4ed425c9d9b48e4664a0d665f23f7ac949dd8aba44984b4,0.02058809045638081,0.07562451853711644,0.060675280701880364,10.0,0.12249959373014818,0.0014533380608370637,0.0005263041262243496,0.14123232726144574,2,dark_small_objects_many_parts
train,KSP20141106185847811024x576_jpg.rf.4f589a7883e03f46ebd624ca14083f13.jpg,fcfea1485b74e2e460bde71ce772251cd95279fbd9d8446dedf85a57b77d2525,0.09204023772594976,0.13514290877852958,0.1772536782657399,4.0,0.08297051323784722,0.022695753309461802,0.0007052951388888889,0.3394368489583333,2,dark_small_objects_many_parts
train,Kerbin20Orbiting20Satellites20Small_zpsjozpcflm_png.rf.4e2736bf59a9ba77745e88b65931a2b4.jpg,790402fcd92efba220257c028547944ef3840c996db3cab77b8e4aeb968a910e,0.268407875139536,0.23938996273193375,0.7508068009918811,14.0,0.08003944925742576,0.004759533570544555,0.0004776454207920792,0.17572323638613863,0,bright_large_objects_many_parts
train,LEO_Propellant_Depot_jpg.rf.2a36ee451b4c1abdfec60452c3be8652.jpg,6b5e9fb5cb83f4d656420e057d3181f89d5df0dd2b2d98312872042efb73f2ee,0.30076435948157,0.3326976462031309,0.15587041518267464,3.0,0.5110408824481838,0.0947624342712829,0.0785275054013628,0.7790898296750274,0,bright_large_objects_many_parts
train,LIryDAU_jpg.rf.c4f58a3aa95b4017f1fc942c7c41f60e.jpg,507f2a3d196daea4b02cf11a059c1b43754eae4a46f4f794b658f877bfc3b01e,0.08216363645067401,0.10123283250223314,0.3046362185010723,9.0,0.19973907470703126,0.0066123962402343745,0.0017574310302734375,0.30440196990966795,2,dark_small_objects_many_parts
train,LM_RCS_jpg.rf.7d6153ade085c501078717f4c97c76b5.jpg,bfe1374b9f2e746c121083f7dcee329d62f4c2c593fa3372f16840e3ac3c22c9,0.34637202930330946,0.32946979551640354,0.3144880706188726,8.0,0.7209447673592764,0.009585172811518116,0.0019886250646303145,0.7365639967954727,0,bright_large_objects_many_parts
train,LY132uQ_png.rf.ab0551061417809df7eb5bfad030ba75.jpg,414ab5ece4f112edd9d7b11a97fb5ad83973b03046ea3d4cccce6e89a06b675f,0.02292827953791811,0.057524912064557204,0.08654531591078814,5.0,0.10573491115196078,0.009032245710784315,0.006150428921568628,0.14804496017156862,2,dark_small_objects_many_parts
train,LxZexw2_png.rf.6aa8321ef9bda3082111cea546ac3759.jpg,0b38b8cf0fe4aa8fc0b6d4c18a0b17dec5f0299b568ee070709fb8fd831b434b,0.08133538858251634,0.1268713765436345,0.1647615769330193,8.0,0.14911675347222225,0.019979383680555553,0.00041015625000000004,0.15702690972222214,2,dark_small_objects_many_parts
train,MW0gS3K_png.rf.6209e712f4662572dd4038212cd2b771.jpg,cd88b452d419d7c613978f761dbed4e19aab96dc341ad92ec7f9a3a2f84772f4,0.09534583061002179,0.08121431363997264,0.2118791468003217,15.0,0.10223194444444443,0.004631944444444444,0.0020055555555555556,0.19923611111111103,2,dark_small_objects_many_parts
train,NG10_jpg.rf.5204ff2b1cc61c945e01610fcc299179.jpg,eca414e523a5f932ce7fc3e8dfb1764fdf6616580ae406ca40125d18f78a90f3,0.044326375225215035,0.09363530019244377,0.0,6.0,0.1536947327950788,0.01080738177623991,0.0001845444059976932,0.2886120722798924,2,dark_small_objects_many_parts
train,NG11_jpg.rf.54afa4b813a2d636378db7e52d0a3bda.jpg,c303dc58f82f62de7a4772b4465698c4a272992c0fb22dc7a34fec980ae22c30,0.1362513105936819,0.21614160590559475,0.08265424242206648,19.0,0.5070703125,0.010503472222222223,0.00038194444444444446,0.8880208333333333,0,bright_large_objects_many_parts
train,NG12_jpg.rf.172c3bdd2c424481277a3f8098cd7364.jpg,36b67c9008828dab3bc0614cd7293df428d12d15e6888d7a0ba66f7eb852bde5,0.10272940495642702,0.1388263577781678,0.4790408265356924,6.0,0.2027387152777778,0.023697916666666666,0.0037065972222222222,1.0,0,bright_large_objects_many_parts
train,NG13_jpg.rf.213209847657e2bb51098896ee2a6542.jpg,4630ddf209db7640eb56f38929f22d34bb32d619cd8fe5f4a27d8dbca6d83d69,0.15786799921117872,0.18094642728625732,0.12951269710765165,7.0,0.08293821839080459,0.008836206896551723,0.0011973180076628352,0.2184746168582376,2,dark_small_objects_many_parts
train,NG14_jpg.rf.3397421171e33a005a63d36c379512f9.jpg,f6d5e79c246418b5ec79c3f497df4b60d6b5dc93feb8b5d7485c8475294b7f9d,0.3152556266314575,0.2749438402972695,0.10921025743671492,6.0,0.12417279411764708,0.008782410990712076,0.006298374613003096,0.08541989164086693,2,dark_small_objects_many_parts
train,NG15_jpg.rf.bd72a642243ea6d29ba758d325d477b9.jpg,a7c3231e7ddd710277608bebaea755c5b251abc5116534f4d84200aaf1238600,0.11592493849250728,0.2257839666255609,0.19108792473288144,10.0,0.5074144486692016,0.019049429657794676,0.00042585551330798476,0.9279999999999999,0,bright_large_objects_many_parts
train,NG16_jpg.rf.6c036ee1fee61e6daf1807bd9004569c.jpg,c046655490740741413fbbe162846f8d10a5b67a81cea7456f36362e015798e1,0.3919031640631675,0.4450548792680429,0.0,6.0,0.31992200858236536,0.05850045779969333,0.0012134449702705984,0.5514280041036502,0,bright_large_objects_many_parts
train,NG17_jpg.rf.9e84cb4d15b2e436fa9913164c5ae95d.jpg,a21a675840e4f17d01426cb7540b163befbc12466071b35b6ef299066df2ced6,0.1345249644131847,0.18607612608778765,0.4017498240751379,5.0,0.11551168768132729,0.001196897993403272,0.0006370586093920641,0.48428864546447364,2,dark_small_objects_many_parts
train,NG18_jpg.rf.060fbb1a785bf41ded2b02fc09ae129e.jpg,c91d1fe1b4a8b535880ebe6c205b371fba3b188ee2f631d6153d186571ad62b3,0.5679543999925594,0.45448643778972075,0.0,6.0,0.03375307497986785,0.0012093082260537665,9.928186120395803e-05,0.06887127555129009,2,dark_small_objects_many_parts
train,NG19_jpg.rf.8c488c5fe1b03b3b75d17c7464bf89db.jpg,1f9fe5ba11529dcc361831a200e043138e0fb0a5b1958fd6a33e554cf5871f81,0.4672531100420342,0.20516004771992075,0.25246788473690257,5.0,0.34000929368029736,0.08369733581164808,0.00046468401486988845,0.4009138785625775,0,bright_large_objects_many_parts
train,NG1_jpg.rf.9a9cba392ffb04668d19df8cd54f306a.jpg,8475e9f9dec458f8b4b64a6ba75a7aefcc2aef5219a8a351bde935db99ab2a4e,0.13357904576671115,0.22520421854741418,0.0,7.0,0.3718377547097271,0.052964244521337946,0.0010957324106113033,0.6596309111880047,0,bright_large_objects_many_parts
train,NG20_jpg.rf.9acbf3ea37ecbd6bf162f7cdc03765c8.jpg,5ee37b16d6636cdb9d24cb6dfea890f1e38109f19f9fbe038917f0d78aa5b0a7,0.4682467547204067,0.23546756979850955,0.1963490654440487,4.0,0.1911284722222222,0.052800925925925925,0.004351851851851852,0.3512152777777778,2,dark_small_objects_many_parts
train,NG21_jpg.rf.7f46b70966e40854a2e568642556f46a.jpg,f46fe3a4fa326f624f73457473192e5c6ccfa95960ae922a07d2346d90da7543,0.0688890084576085,0.13932556598506443,0.19005215214748009,11.0,0.4831443596680548,0.015475298935796853,0.0011495936352306233,0.8936073198163966,0,bright_large_objects_many_parts
train,NG22_jpg.rf.3c018415ecea31e7ac7730aad34cfb29.jpg,76decfe075b199b2085731bcdb46506b5812278d1501f1f5d90f0eaa6243c548,0.10995285506531839,0.1940178582441395,0.24259182799096202,3.0,0.44840784044966797,0.07210107580962066,0.04315950335344201,0.531344388960585,0,bright_large_objects_many_parts
train,NG23_jpg.rf.466e505aa7f7cc243c863cb1eb9111bd.jpg,b65a6c36473887f06f0579844f68086031e7f5c75e16fc586bd5baf55557c43e,0.2570509466239276,0.1540417558947723,0.3410542506797641,7.0,0.07349937960631944,0.004255707207344134,0.0007074422370649989,0.14239485777923938,2,dark_small_objects_many_parts
train,NG24_jpg.rf.be713968630426fb10958a460bb20625.jpg,661b68488ca14dc32ff0b522c44882ad9161ea751b8555f05577e2f4a93f2d9e,0.30003444138071894,0.23994823067022242,0.4861119887408088,4.0,0.4030078125,0.07088216145833333,0.013248697916666666,0.6209700520833333,0,bright_large_objects_many_parts
train,NG25_jpg.rf.da18e4319d6df9275cd9d111a591ba02.jpg,e0ed781ac9d723ef6524f805bd06078c36380127d1704bec8535180e2bc31a90,0.189789769036648,0.305497693672791,0.17308120727539061,5.0,0.13579828132066937,0.01861534897574213,0.0008494114791894188,0.2508742319444903,2,dark_small_objects_many_parts
train,NG26_jpg.rf.5c7488cca2589f96a6abcda4dcd0f5ff.jpg,7b3ca1ed32fdb10f8ad9bba4a9aa6232d99a373147be2e5f1f44a8e80d576e77,0.06870574193218953,0.1815950775754721,0.08547028186274509,13.0,0.3246896701388889,0.003934461805555556,7.8125e-05,0.7544856770833335,0,bright_large_objects_many_parts
train,NG27_jpg.rf.ce2e2006365c197befc8ba599e1d4266.jpg,14f408f394cf0bd3458b8c171d3bb3d2a4dfb8d97f29d584be8ebcb3be4871dc,0.3420987285539216,0.23628763043627732,0.2944754806219363,5.0,0.46889322916666665,0.09613281250000001,0.04125,0.5996874999999999,0,bright_large_objects_many_parts
train,NG28_jpg.rf.cb798ca0cf1a56f55eeb13176ba148a8.jpg,70dd08dbdf36bff03f3c979c9aed2c0ac50107109d695a879b0c720dfa243a9d,0.3637141981792717,0.3083346820070969,0.29925315707337624,7.0,0.42027529761904764,0.05819196428571429,0.007031250000000001,0.9142857142857144,0,bright_large_objects_many_parts
train,NG29_jpg.rf.314ed9f65cb9f65ab2934c387b49be1d.jpg,c329dbe53f18980723e1d282ed8b5e462b22a49dedca47bccbf8b47f453a3101,0.3115097145629085,0.3152089443734406,0.28868812112247244,7.0,0.22635633680555559,0.0009223090277777778,0.0005967881944444444,0.31395399305555555,0,bright_large_objects_many_parts
train,NG2_jpg.rf.1799ae4831179df6fded91bbec504573.jpg,30e629281db37b4fa1064f5cf3703cfdb816dd755b69907c51e82cb05681ef89,0.10482236349400871,0.15747616197936498,0.15782301659677542,12.0,0.039775390625000004,0.0014550781250000002,5.3168402777777775e-05,0.39388454861111105,2,dark_small_objects_many_parts
train,NG30_jpg.rf.910fe1fc372d19a89054ab09b7ace8d5.jpg,98eac4f076a37349661595d62321470f373d344a9a8a54f044ca976af1eb3eb4,0.7204366376180101,0.2610026942880809,0.23679867912741268,2.0,0.3709722222222222,0.1854861111111111,0.06680555555555555,0.3573958333333333,1,bright_large_objects_few_parts
train,NG31_jpg.rf.1b5ad39a0d838b1086e9359bb209cf10.jpg,8ee414ea9d58da5efdc00ab96dea870c477d147f71968aba62622cadaf29e3af,0.1793117004880555,0.26144205033163403,0.3509227977079504,13.0,0.11803639010189229,2.328966521106259e-05,1.5283842794759826e-05,0.1811499272197962,2,dark_small_objects_many_parts
train,NG32_jpg.rf.1783b085f35cfde3af223642b4941a80.jpg,008a22feb606ddbd0ed6185e9e7a83dcefa15718f2aa08152e6de225bbea891f,0.1460029374970388,0.20511309068784123,0.27964043710746017,16.0,0.4279471492468253,0.013186982674412626,0.0020358850444707212,0.5889260192278033,0,bright_large_objects_many_parts
train,NG33_jpg.rf.13f00f39e6c64f1ae59d0ff17631e367.jpg,5961b8789506d178968508f59f1e2372948631c4aa6a160ff592bd5f031d4e01,0.5326171307643428,0.23629155815936126,0.15630517099417893,3.0,0.3674913194444444,0.11118344907407407,0.07002314814814815,0.5253472222222223,0,bright_large_objects_many_parts
train,NG3_jpg.rf.bb6b93a565b77739bdb5cd44803cb328.jpg,21d81f6383c7a09f47d482dc98ee5cd88ab3b718425f588dd3b231de51167958,0.32100360138584977,0.2241038911256346,0.3893090341605392,7.0,0.5532497948577682,0.05387035010940919,0.006844912472647703,0.6064619803063458,0,bright_large_objects_many_parts
train,NG4_jpg.rf.d9ef35adebcfecfda8149d1616b2612f.jpg,0e351afc66f93a664a7ee0393f193c6e915ec35d7331f0aede8269f755a753ee,0.23539122568973314,0.3082799781472511,0.0,4.0,1.0054136192650935,0.057402841667494015,0.01857122370409593,0.8720367122260096,0,bright_large_objects_many_parts
train,NG5_jpg.rf.8ad4ef8d8530b07e0c4197b38f5991cd.jpg,9e19db1c0adc287755249d3855f4e8342761c4c38c63fd9ed3f114acd660636d,0.06764041456582633,0.07877914744653193,0.21368403715245865,5.0,0.11216428571428572,0.008037857142857142,0.0017642857142857143,0.23998571428571427,2,dark_small_objects_many_parts
train,NG6_jpg.rf.7a7db856b04c5a208b2d15147706a925.jpg,d24044ebe07618a1895b6bb6e83b991dc09571713bfe5ed7b180dd54ad7450eb,0.15175972222222223,0.12209989451792283,0.11478864632400812,2.0,0.010937500000000001,0.0054687500000000005,0.004375,0.02971428571428572,2,dark_small_objects_many_parts
train,NG7_jpg.rf.4a092cd1653e345ac677f44badf70ef3.jpg,3ec9c5299a10ffc9341d0f1dfecef0123e7d1d42a43e01ff7ec7d168b57fdb9e,0.09370447814542485,0.17114586598127532,0.0,7.0,0.25314778645833336,0.04143880208333334,0.001171875,0.925,0,bright_large_objects_many_parts
train,NG8_jpg.rf.13ab1431f6f3fc51a7a4800a9cdfef30.jpg,ba8fbbed3eaeba2fa925f79436b9176f1b926cc7eecb9522286d0ca1b662b987,0.08227615321407303,0.19268160324264766,0.0,9.0,0.0857208765859285,0.013494809688581313,0.0003690888119953864,0.43137254901960786,2,dark_small_objects_many_parts
train,NG9_jpg.rf.d08e06f41d163760dabfb7eddb5d4ea0.jpg,4244d62e951aa1b0fb04cb397df50295d6e8eb4df860c0804a84453ad8ac1e12,0.2389036465417313,0.28066886257227847,0.0,3.0,1.1149309461317336,0.10756467941507313,0.03216785401824772,0.9751984126984128,0,bright_large_objects_many_parts
train,NlUBuZ5h_jpg.rf.6a42c4d412d2dd4713b32bbae35e8e8d.jpg,de53feb60c8f1333c67c46c2b9da4646e556769fe1b24d867a00389e27236c53,0.28645257844405553,0.1878517669109721,0.4172946705537684,7.0,0.2204937473048728,0.010961621388529538,0.008943510133678308,0.3420008624407072,2,dark_small_objects_many_parts
train,Nozzle-100_jpg.rf.6a995d5ff9a9c8e38516b4177ff47373.jpg,339196161d284ad10955d1b897718e3d1059e365bd063ae76cca668143711250,0.6626274876991995,0.26117896796242085,0.18942248774509804,6.0,0.1762757490636704,0.02352762172284644,0.010358146067415731,0.26654026217228466,0,bright_large_objects_many_parts
train,Nozzle-10_jpg.rf.dcb61a709d61be3e4f5e62db7285c51e.jpg,58debfd67278278f09861d9127d6efb00e830f54bf4a2aa0acb2dd752077f228,0.7234620457224121,0.35709288464888933,0.16918141982134652,1.0,0.4521013412816692,0.4521013412816692,0.4521013412816692,0.4521013412816691,1,bright_large_objects_few_parts
train,Nozzle-11_jpg.rf.dc3696d89bbae7fa72cae73c5458d2c6.jpg,fe10250381e614f9f0de974b37d96b92f0ed0a141e9704df422e614825b1ac29,0.5291490057456864,0.2278782933858111,0.09966184578689874,1.0,0.35767696909272184,0.35767696909272184,0.35767696909272184,0.35767696909272184,1,bright_large_objects_few_parts
train,Nozzle-12_jpg.rf.718fcf4644d3f730784a70a6ccad0f1a.jpg,47b729bfa17e97133de06f4847f60b9fc0d046f7566e9be6d44b43acec7d1270,0.7234250875816993,0.3579020050273336,0.1710899502623315,1.0,0.46739200000000003,0.46739200000000003,0.46739200000000003,0.467392,1,bright_large_objects_few_parts
train,Nozzle-13_jpg.rf.e857852e287f6bda0980e0ed9e7e75c8.jpg,b34ad09e26830537fedaa8eaed4fbe2c85f57d30b6157953e70462fb898f3b13,0.15746347305389222,0.17415062810076384,0.5138378666896446,1.0,0.3681916167664671,0.3681916167664671,0.3681916167664671,0.3681916167664671,1,bright_large_objects_few_parts
train,Nozzle-14_jpg.rf.bbe5e4b0add602317c3364e869a63942.jpg,42924a96681a37006b308b431f6b0e4b277a8cf2a8bec1098b96d03c7eeffccf,0.4523331093373544,0.17180962822250992,0.11216719384286918,1.0,0.3292003343549736,0.3292003343549736,0.3292003343549736,0.3292003343549736,1,bright_large_objects_few_parts
train,Nozzle-15_jpg.rf.a1c4ff1d9d6e86dfe9a378ed13f67ff5.jpg,27bad407ea7f4ec146b28443ede7c82d8f5c815b4cc1beb1f1ba07c8c20be913,0.34506473436267115,0.25241019137599524,0.10534753238453584,1.0,0.520041273116914,0.520041273116914,0.520041273116914,0.5200412731169138,1,bright_large_objects_few_parts
train,Nozzle-16_jpg.rf.b9cff85d4ce8b1a5f041a06e8114f8ba.jpg,93c8ea8ad8bb19b6bc3aa15f9f35af13c31cc9147c9091dc2cb297b399a58ce4,0.46032598550902615,0.33190956982209424,0.21014930874693627,2.0,0.7144050104384134,0.3572025052192067,0.33164926931106475,0.8868371607515658,1,bright_large_objects_few_parts
train,Nozzle-17_jpg.rf.b00a27418627efd2e15dd655a7947163.jpg,3322b6e626681334dc3a210787543251bf8929d87010a7cefe1c17a588a811d3,0.45372362864042076,0.2571749667696114,0.04684924705355775,4.0,0.6834593651321257,0.15742531577197938,0.09209323583180987,0.6871904603623068,0,bright_large_objects_many_parts
train,Nozzle-18_jpg.rf.40ce9953ef3490c0e2b80c24d6fd21b3.jpg,b03b0bfb8634237efaec24c2f0471da76976ac30db3685330e1f30da59d8f03f,0.5040594617509632,0.27434760544182807,0.26619157978132657,1.0,0.3805337768274333,0.3805337768274333,0.3805337768274333,0.38053377682743333,1,bright_large_objects_few_parts
train,Nozzle-19_jpg.rf.083a9bb9386fd1a73f5b0c1daa11db33.jpg,8b940a3bdd352390389dc85992ac211a27f17e5e37f00f9ade6c799e3477721c,0.46814810584427946,0.22583089783804863,0.1258675967945772,1.0,0.2492718446601942,0.2492718446601942,0.2492718446601942,0.24927184466019425,1,bright_large_objects_few_parts
train,Nozzle-1_jpg.rf.f7b12d8c9650ec57617f5957c629c609.jpg,d6c1db67d438d80a372b925d7a334b8dcaa073a58aaed48de20bf0919149cd68,0.33965843837535015,0.23324808122055446,0.0,1.0,0.6225,0.6225,0.6225,0.6225,1,bright_large_objects_few_parts
train,Nozzle-20_jpg.rf.3effcc3a405f191ad3f30a119b4555ec.jpg,f370f14a6d66eaf149992b6a05e750b0bdf366b1c72e999007987e06fc7a88cf,0.7976549539186236,0.2712038083446823,0.12795094508750765,1.0,0.37070045954602426,0.37070045954602426,0.37070045954602426,0.37070045954602426,1,bright_large_objects_few_parts
train,Nozzle-21_jpg.rf.54309fc3871f03292ae38eda4ee8d974.jpg,f9c34597a9f9e5e847f7f4e6bf052befcea4d03f1f259bb8202db5a60109aa81,0.6012871103736864,0.21951825281912432,0.13237467747108608,1.0,0.22919992904026965,0.22919992904026965,0.22919992904026965,0.2291999290402696,1,bright_large_objects_few_parts
train,Nozzle-22_jpg.rf.32913195c5c83990a8cd555085ff3c49.jpg,7143d5c8bec367a3f337aace45bc4850258bc69b84a4e3c55b7059d29e5b0835,0.2609458333333334,0.21760861402518034,0.426911896350337,3.0,0.19587916666666666,0.041475,0.026354166666666665,0.3077473958333334,2,dark_small_objects_many_parts
train,Nozzle-23_jpg.rf.c43782eedd20bf3afdec450064054666.jpg,fdd1928a36b6408731cae5baee97ed12465c86786c94aad9d3c806310f67c0ba,0.4302564312361805,0.2256426044138997,0.2368169298358992,1.0,0.19362146050670642,0.19362146050670642,0.19362146050670642,0.19362146050670645,1,bright_large_objects_few_parts
train,Nozzle-24_jpg.rf.a1bf8ab2b3945adef34335be26c0b264.jpg,e55b13c1382bd63b5867d6ed6261fa344a4d66905fcab67e29aef81387a70eb5,0.514686344565615,0.2681563551737965,0.30403217988855696,3.0,0.3307860262008734,0.12368003175863439,0.08205637157602223,0.43342596268360467,0,bright_large_objects_many_parts
train,Nozzle-25_jpg.rf.9a16b0f82b61e1045a90f9f7b24dd4fa.jpg,46ed58fb7fe91ace68024b9bdca720d5cca469bc3d4bab388891d3b760d04369,0.4913904730867416,0.28179336785293485,0.43754215614468445,6.0,0.19701226751088247,0.03659477641472101,0.011753066877720618,0.27443609022556387,0,bright_large_objects_many_parts
train,Nozzle-26_jpg.rf.80dfc428a945c563b296c090c9c8abde.jpg,33ee93231d5d0b703194f9f30559f3c9eabb474a315f0ed5b60dc783e8e0ffa1,0.34557990783439635,0.25017325912263977,0.32107636694814645,1.0,0.06364191077306947,0.06364191077306947,0.06364191077306947,0.06364191077306944,2,dark_small_objects_many_parts
train,Nozzle-27_jpg.rf.0f6505be40a3042f1ebacac777bec5fc.jpg,6e8e7e5092acbe150e8692d77549698fb19f3c27ce9a8d400135510c7cdec1c1,0.4664757833303074,0.23923093338891285,0.21519770902745863,1.0,0.3695939429012346,0.3695939429012346,0.3695939429012346,0.3695939429012346,1,bright_large_objects_few_parts
train,Nozzle-28_jpg.rf.5d3b694c2ce3237e046b5b5eb081abb7.jpg,8526e7b15818f10edca6e2afc43415d6580f23d64d8647294d255c9427253a1c,0.4151088699640012,0.2692136041172129,0.3164703369140625,4.0,0.6206222534179688,0.12886886596679686,0.005908203125000001,0.7866119384765626,0,bright_large_objects_many_parts
train,Nozzle-29_jpg.rf.1cd38cda234a8afdff1b6b9e0e00a338.jpg,c20a7b8969abae16683f7bbb4bac2ce7ce400ba31e2766e4db0e10ca8fbe40c0,0.5692386125231986,0.35440023594786596,0.09970245361328126,5.0,0.2437114197530864,0.030864197530864196,0.02375,0.29103523662551434,0,bright_large_objects_many_parts
train,Nozzle-2_jpg.rf.37148031cb7f810212048074b2e0a7d5.jpg,381f15fe4c1b70dcb4fecc656c53d11386a6f2bd8af7f03264e9001e589eb693,0.18153976762460708,0.18717462458632114,0.29559493719362745,2.0,0.4475986005089058,0.2237993002544529,0.07546119592875318,0.5212309160305342,0,bright_large_objects_many_parts
train,Nozzle-30_jpg.rf.f6dad93f029aaee4294ff0f9cab47a5f.jpg,fe9ce2b353ae17d79ba1dd130be2d7cab6650c9c98a42119e30ebf0d291b9b58,0.39857673248125014,0.2666945911947646,0.33220367431640624,6.0,0.5715500870390884,0.07695046684601994,0.0409479347998101,0.5647254312391201,0,bright_large_objects_many_parts
train,Nozzle-31_jpg.rf.8954efcb15f5ee4cd2ab1ceb5c6abf66.jpg,ea512cacceeea24a79977760b53c31fcc06cff3694e718c2fbfb6be7169933da,0.4248712395160832,0.23193284891061117,0.23010273353726257,4.0,1.0262616672030898,0.17926134534921148,0.04320083682008368,0.8640167364016735,0,bright_large_objects_many_parts
train,Nozzle-32_jpg.rf.78560b8bdb732d77fb8ad2bf46a58534.jpg,78c8ce99151873a54e834ddce6ce109b8aec2f55efee8e498bf81d8bd00d7910,0.3461948373892704,0.21336671053279077,0.0,1.0,0.31240085659898476,0.31240085659898476,0.31240085659898476,0.31240085659898476,1,bright_large_objects_few_parts
train,Nozzle-33_jpg.rf.95513a011a19f13bf3a4ffe0aa77b268.jpg,b2656712553201d556cd795709aeaac68c49656d963a59ffc6120118dea44b38,0.5942383120891109,0.2632935031455256,0.1629178813859528,4.0,0.4485810532576866,0.06830504209370425,0.018637616672767206,0.4417336772510981,0,bright_large_objects_many_parts
train,Nozzle-34_jpg.rf.a4c6fef0f92e1b7ce490ff7ec4f32540.jpg,8978f61d638cc5a34424f366bb4217624109b132eb75912747f0c2e352d61ee1,0.47505621304656986,0.26330897252086505,0.2711796180874694,2.0,0.49200198708395426,0.24600099354197713,0.08584202682563338,0.5981122702434177,1,bright_large_objects_few_parts
train,Nozzle-35_jpg.rf.85e5acd1e732cef5b5a6b4f96593a74d.jpg,9a99e452cb2ee00cfa7dccc90e3d4976205658a4b7b682245d923ff94e9b7800,0.47718980252984,0.22537292535467615,0.2798933739755668,2.0,0.64594423670848,0.32297211835424,0.10779347565805228,0.8881602780182604,1,bright_large_objects_few_parts
train,Nozzle-36_jpg.rf.730699c934235c217f28f3e8ca364d0e.jpg,1dc78d378c97d8389cd23df9744cd6bd9d2ecffd4f6a3412029e7f07d70d7bfc,0.3562629968480085,0.24191959782243755,0.3537539014629289,3.0,0.7080212682672234,0.21294363256784968,0.1655140918580376,0.9058324634655534,0,bright_large_objects_many_parts
train,Nozzle-37_jpg.rf.f5f1c5c764d075d0177d076b3ea45b4e.jpg,d4069a212e59ffb1e6c0a5221f6e53ef242075dfb4ec17672372d3283924a57e,0.4423661031471412,0.2592831657284655,0.39101224413105085,10.0,0.2938621848739496,0.019591176470588237,0.001546218487394958,0.8168235294117647,0,bright_large_objects_many_parts
train,Nozzle-38_jpg.rf.7d5102783a793497ee58e0c86f136cb7.jpg,49af800db772742d4afef1c1e21b740e060895082c1e1b22dea62b5e18fe7555,0.29443222156748877,0.20390934362063703,0.3751440310010723,4.0,0.41186892058652724,0.1036562681475029,0.06133855981416958,0.5609756097560975,0,bright_large_objects_many_parts
train,Nozzle-39_jpg.rf.a6990e3f596e057ba3e3477be5c95c1e.jpg,d7fea8d686ecc22944fce0a2486cb40cd7cf68e7ace2207612b378b345494030,0.5904474153722133,0.3284916668710246,0.13793620689242495,2.0,0.3312481078194256,0.1656240539097128,0.10745204491568953,0.34754212121521366,1,bright_large_objects_few_parts
train,Nozzle-3_jpg.rf.341215c05bd6edaa291a4a4ac6bc65eb.jpg,4aac21d7af6d3a212384d53a278be9193ecc7bff0eca30a80329393ba031944c,0.21671007156571828,0.19345365368352982,0.24586875765931374,1.0,0.581646884272997,0.581646884272997,0.581646884272997,0.5816468842729969,1,bright_large_objects_few_parts
train,Nozzle-40_jpg.rf.56e26737d38d4fd25fa75aa88c7be294.jpg,e0e1c706bf9d7b6cb6be6836600558c3ecf23c93f008b608e134564cd186915e,0.5146233889279122,0.2890096496348656,0.19494281843596814,6.0,0.5759511246875867,0.043797357876780255,0.037489586226048324,0.6779069306145118,0,bright_large_objects_many_parts
train,Nozzle-41_jpg.rf.c2589d725750217957beec68a9f42d25.jpg,e5b512479c6d80b14921ccfc15d5330f5d2fc2cae1de513a11febef38668ccaf,0.4571421131552758,0.2700552909786055,0.22265696806066176,2.0,0.37857510288065843,0.18928755144032922,0.14166666666666666,0.6066426611796982,1,bright_large_objects_few_parts
train,Nozzle-42_jpg.rf.61aa44e150d684f62e3a166c786a7b52.jpg,3b1a036833c32a2c18f0086e500b03634be1a870a39c279cd7d47813805d1bfd,0.5115454040189794,0.2165654126541934,0.33217112223307294,1.0,0.10978529933608058,0.10978529933608058,0.10978529933608058,0.10978529933608057,1,bright_large_objects_few_parts
train,Nozzle-43_jpg.rf.8c157eaf7b5bf4a4bca37a5e646d761f.jpg,27dc67af3e648c529d453d54a52367a4a29b92bc8f29fca73ecd7a803a264727,0.4052771740262626,0.2332721228812496,0.2955343807444853,12.0,0.2620174713729194,0.006622594734978161,0.0009739109904379649,0.5894463463581632,0,bright_large_objects_many_parts
train,Nozzle-44_jpg.rf.bb27f706c98b074f24ab29e1732037b3.jpg,1c895802ee6c74d19b693de725d70c59706804b9a85220437cde89315d8e47d6,0.4661441764513082,0.21397907470732652,0.16661112168255973,1.0,0.36838315564536733,0.36838315564536733,0.36838315564536733,0.3683831556453672,1,bright_large_objects_few_parts
train,Nozzle-47_jpg.rf.a54125972ae0ec1780c9ed2e4671c391.jpg,7af7800defa31fc7c650d159ac61c510345b9d04ad4e4ff72886b4aa826f70a9,0.27084750034420874,0.24623550957147408,0.4044673246495864,3.0,0.5965803149918674,0.10568492878962192,0.06934581663823541,0.586325227119451,0,bright_large_objects_many_parts
train,Nozzle-48_jpg.rf.4f748e38431c0d9769fcf718d271a58b.jpg,25fd82fd1dc7507073764898f0a8fede0af8932a1412b9c0a339a328fbc6d5f5,0.6106647864625302,0.13457270715271405,0.0,1.0,0.12765410958904108,0.12765410958904108,0.12765410958904108,0.12765410958904108,1,bright_large_objects_few_parts
train,Nozzle-49_jpg.rf.24cdfe8f2da523a8027a179d0716d36a.jpg,a7ea022273a906114c72579143ac65a4d61d9503a05a34a3ed40a2c91253be5a,0.4559179858636603,0.2780398515827139,0.069275463328642,1.0,0.3167825223435949,0.3167825223435949,0.3167825223435949,0.3167825223435949,1,bright_large_objects_few_parts
train,Nozzle-4_jpg.rf.7ef8da4a92b3621b9d2ba731e703c774.jpg,40c67cb631c89119a15f8874333e53e7cd01500b4152a09e1a44517d234eff2a,0.4204025254901961,0.24742276547167735,0.05139862135344861,4.0,0.7469040000000001,0.17519600000000002,0.02392,0.784188,0,bright_large_objects_many_parts
train,Nozzle-50_jpg.rf.3eeec59536fc40ecb843dde36d31d5ce.jpg,d139eb1d7ddf3fddc9f3d0430c616c357661ce0923d3c8391be53ff4d41cae63,0.5821712144934019,0.22756160937432518,0.13744758157169118,1.0,0.17496435361216728,0.17496435361216728,0.17496435361216728,0.1749643536121673,1,bright_large_objects_few_parts
train,Nozzle-51_jpg.rf.87cb48d1bb88525d87d02cf2478a479f.jpg,41ac78a3dc85f472adc0576a4a422dba56bfa5bdfc7fce3fea8f49e25737912e,0.5804115505189166,0.2499733773302175,0.04133278715844248,2.0,0.4899900695134062,0.2449950347567031,0.07864945382323735,0.5208341608738829,1,bright_large_objects_few_parts
train,Nozzle-52_jpg.rf.c22bfb3e54b5f518ba5279c4cf5c98ee.jpg,96e36852800a98b79dc89955b91b81b611b456bf368c327f9b8f479aaaf08f07,0.3918536084917428,0.1685582606476688,0.14612052767884498,6.0,0.36291348600508905,0.04643765903307888,0.017811704834605598,0.8125,0,bright_large_objects_many_parts
train,Nozzle-53_jpg.rf.61d7595c84cb049a6e5fdf52297ea925.jpg,1a29cb3c6e7b04ccdb5b6f44dcb6b653c106e10b2b74347dcc35cdc9a6e4bc8f,0.4359371535996415,0.27875164494711546,0.23751684450635724,4.0,0.7841430700447094,0.14002980625931447,0.10730253353204172,0.8836363636363637,0,bright_large_objects_many_parts
train,Nozzle-54_jpg.rf.576f4e27e03aca66bb6698c87d0b8957.jpg,030a5a7322c997384143213b655b43a2dada95b7b96bf33db1573d72e3c79764,0.32428394306139807,0.2166552177670122,0.28479973288143384,1.0,0.16452044255568582,0.16452044255568582,0.16452044255568582,0.1645204425556858,1,bright_large_objects_few_parts
train,Nozzle-55_jpg.rf.3f5911cb86ad932007b03ca54943efc4.jpg,8fb9d31e33ecd05e7bc1e6d5e7319ffb1064d087e4bf807b32431c909fd7cae6,0.3890725327179867,0.2515561784351072,0.2333322562423407,2.0,0.5061449673097103,0.25307248365485513,0.15911453708935347,0.6351311647429171,1,bright_large_objects_few_parts
train,Nozzle-56_jpg.rf.6d680f76958d071a71356ca461fda15d.jpg,90353227994e907c7281cd727fa3c1060bf7a521c9cc1e55e60f4c522652a70e,0.31636275735950986,0.26860904523554324,0.4853105732038909,2.0,0.344490103825462,0.172245051912731,0.06336728009052468,0.40497885772139847,0,bright_large_objects_many_parts
train,Nozzle-57_jpg.rf.94f3af27225b21055d56e504ee6247b0.jpg,dd6f40f5c943beaf76d6d7e2f9a0e31c988555dc28c4e8600a8a3503adc186e1,0.4148679726667737,0.21966576384388817,0.22564095889820773,10.0,0.303343949044586,0.028264331210191083,0.006187443130118289,0.8216560509554139,0,bright_large_objects_many_parts
train,Nozzle-58_jpg.rf.6563ed5b0629bcfd47a2fbf959cf5af7.jpg,07b96e0683f3707a9e51f46dfaafbee79a505f477549fad3c1d000e476e41cb2,0.47946621470247314,0.2271275810419161,0.28789364683861823,9.0,0.31755588673621465,0.02789865871833085,0.006438152011922504,0.8400546448087431,0,bright_large_objects_many_parts
train,Nozzle-59_jpg.rf.942d9a7a0b11f84634a8327129905639.jpg,961d0782dcbdb6eeb8406d2ef11467a5146dffc774ea43d25c06b4c44c3e8dfd,0.47269848946986204,0.2580414824825375,0.2940444347905178,20.0,0.629712962962963,0.02725462962962963,0.004727777777777778,1.0,0,bright_large_objects_many_parts
train,Nozzle-5_jpg.rf.8d870d6bdf6fe703c41b6ca3c132a89c.jpg,8375335cd20ea1daa70935229e9c955335931bd24fdb2a406c2d8c4be5486bd1,0.4625538437597261,0.34097085813948913,0.20592787499521292,4.0,0.4843253968253968,0.12336309523809524,0.04331349206349207,0.5156746031746031,0,bright_large_objects_many_parts
train,Nozzle-60_jpg.rf.47bdac3006d175a95c17c1de01972af4.jpg,09497524cdc1c433710356612bb46229fa4e36970e5956bf65543e05d315721e,0.5048224386534468,0.318785760292702,0.11635493858187806,3.0,0.5408651399491095,0.08373431604808283,0.053614108976046335,0.47782398876897436,0,bright_large_objects_many_parts
train,Nozzle-61_jpg.rf.9ed8e8402e17e56c93adb5e2bda94e57.jpg,709bba6e0eebdf2997f3b320fee27c24cc281fffacf5687ea74a9c66301d8ac4,0.3443834483133989,0.24637479000833923,0.3607680077646293,3.0,0.6831471200555171,0.20390932222993294,0.15755725190839695,0.9122137404580153,0,bright_large_objects_many_parts
train,Nozzle-62_jpg.rf.39402907342d1f645614b7ba6cccd810.jpg,e8a376e4cd9f456ffcd79e8db7aabcb37021621428f4deb6654e814e2664c8fb,0.49441557723714563,0.222725829911437,0.2360243554208793,2.0,0.23731899917707003,0.11865949958853501,0.05956612329942395,0.28861204979601834,1,bright_large_objects_few_parts
train,Nozzle-63_jpg.rf.ef3eb81a3a3cb36955e120c5e3bf14b1.jpg,8d7b79c95833b1716d30d42d1e4821e0c1a721e1b35be3fb2e9c9bcaf7d1944a,0.5899775410850212,0.2270555234127525,0.06662492191090304,1.0,0.1946008230452675,0.1946008230452675,0.1946008230452675,0.1946008230452675,1,bright_large_objects_few_parts
train,Nozzle-64_jpg.rf.dfb49fc3d82616960e7f9a4b03e9ac34.jpg,75037d37bfcefe2b56bf645c32807ea660d4c83ad645284ef3e899aeb55a67da,0.44622064311155674,0.25114281572903774,0.3614225798962163,1.0,0.5250848383196162,0.5250848383196162,0.5250848383196162,0.525084838319616,1,bright_large_objects_few_parts
train,Nozzle-65_jpg.rf.51f44d6dab3055c1735bc8ec795dc33d.jpg,2cd96743644b0f3c3ad7931e3fdde6f091cf26a6873156e8066e2249d9934963,0.6982840134803922,0.2690878041205934,0.16234093460382198,1.0,0.19073020833333335,0.19073020833333335,0.19073020833333335,0.19073020833333332,1,bright_large_objects_few_parts
train,Nozzle-66_jpg.rf.05f38770010ba19311b80b12d7d8d531.jpg,c575f7af45a13cb29182574ee834eed15a39f9e5f472eeaf3247acf9ca27b47d,0.5424243405683478,0.2263654871751842,0.14119540943818934,1.0,0.3526493949349191,0.3526493949349191,0.3526493949349191,0.352649394934919,1,bright_large_objects_few_parts
train,Nozzle-67_jpg.rf.536e555185e98a03031a5c2f72cd5286.jpg,1f00ca6af58c082e4c2dd3f89dda17e73b1d19bb68f825e1cf37097ced2c5cf6,0.6152060752350407,0.20055265077971268,0.1795560500201057,1.0,0.3876859658984448,0.3876859658984448,0.3876859658984448,0.3876859658984448,1,bright_large_objects_few_parts
train,Nozzle-68_jpg.rf.5dd5feec951b828c8dd797ba05912ed4.jpg,ec4664515db1694bd07f192fdf806551ccf69e33e9d70e9ba03985d1827ff2a4,0.4476711111111111,0.27464265257684833,0.33509312050015316,2.0,0.6022722222222223,0.30113611111111116,0.1206,0.5520972222222222,1,bright_large_objects_few_parts
train,Nozzle-69_jpg.rf.52de0b8e214ff385d08e34a294e62d46.jpg,c978a8f7bce73ebed995e77cfdd04560add0df4fb3ad76dca220008e08e57636,0.4555655194667553,0.23812411757188587,0.09712974697935815,1.0,0.31549955243407013,0.31549955243407013,0.31549955243407013,0.31549955243407024,1,bright_large_objects_few_parts
train,Nozzle-6_jpg.rf.384d4c2c0061dde1066b0a2207a64d10.jpg,1f3b8e74b7cc5f954cf70e998905a5e0edbce590a9d7c09e9ee41c4df5fa84a7,0.5491477180085624,0.2085987403732297,0.2465642442890242,1.0,0.387344579076582,0.387344579076582,0.387344579076582,0.3873445790765819,1,bright_large_objects_few_parts
train,Nozzle-70_jpg.rf.e0f8abb820c5914355b63da874c86c91.jpg,a7eb6a074a3e2681f3fca5df50ea18daaab38c9f3ad40df2e2965898ae60d5ec,0.3440948270795129,0.2818217675806231,0.13844588036630667,5.0,0.6283535671462831,0.1584232613908873,0.05766636690647482,0.6714628297362111,0,bright_large_objects_many_parts
train,Nozzle-71_jpg.rf.ecddab579e8898bcf5192e803d2f5071.jpg,261b3a429f6b3f579b23b70c493173169e8c215de7537b213802edbc28535bcd,0.4104176081131812,0.24824056261654348,0.0,1.0,0.1647892369541854,0.1647892369541854,0.1647892369541854,0.16478923695418538,1,bright_large_objects_few_parts
train,Nozzle-72_jpg.rf.de7703fffcc21b4dd5d28d408d068861.jpg,fca264b36782b3cb84b5522356b82b45de838fb2abde834a822d606d1d22499c,0.672790018446403,0.22902904603781096,0.0,1.0,0.5064459930313588,0.5064459930313588,0.5064459930313588,0.5064459930313588,1,bright_large_objects_few_parts
train,Nozzle-73_jpg.rf.62f32ae9fe482413d44f7ee05351e536.jpg,3313be4c9e3448bcfcd764299598de9b1f5d153dbee8795dfa262aa9ff11629d,0.5703028262089693,0.2740548926519039,0.2883100322648591,1.0,0.29950138504155127,0.29950138504155127,0.29950138504155127,0.2995013850415512,1,bright_large_objects_few_parts
train,Nozzle-74_jpg.rf.c2b3d026863d98738a65c4883fca54f4.jpg,c16bcb83f20b68f8b92c24e7cc879a52eee53d4ead5d5cb54ebbcec114e892df,0.27142179753173,0.2035205245429046,0.5467411415249693,2.0,0.44427223050173875,0.22213611525086938,0.09541977148534526,0.44983606557377054,0,bright_large_objects_many_parts
train,Nozzle-75_jpg.rf.6db50317c5679455473f526a559210fa.jpg,75d542911e74e93bfe91af73093c6e027d310b49b3af1b399ffb82d00fb7adf5,0.3708732281238797,0.2615481460700012,0.18520389631682752,2.0,0.22726090014064698,0.11363045007032349,0.0008368495077355837,0.48227848101265836,0,bright_large_objects_many_parts
train,Nozzle-76_jpg.rf.b10f12e3db2e31abd3730877318ff3a1.jpg,b083515a838ebe8d7c0ef1ed961edfd1fd17504b2d0de6ba7a9428f580da111f,0.3930923981139541,0.23702241960372836,0.33839898202933516,4.0,0.3165288677130045,0.0812780269058296,0.03872968049327354,0.27648104680493274,0,bright_large_objects_many_parts
train,Nozzle-77_jpg.rf.acf63103fc9a61e2350e73991150fcfb.jpg,98a9d21bc8a3f5af9827288a03d66e95b50618d8fdc4275be78f02b3bc8fe9a8,0.46133232978230665,0.2533045754809603,0.1901675205604703,4.0,0.3306889763779528,0.09294291338582678,0.020393700787401575,0.2962598425196849,0,bright_large_objects_many_parts
train,Nozzle-78_jpg.rf.ff41f579c778a99a6d9d039705249a1c.jpg,b39bcb594e2020ef2b7319394ab864abd6ece270cdd6aba25cb14119d08e4ae6,0.32871764812594145,0.2534550405241016,0.1477597255332797,4.0,0.23062896728515625,0.06822903951009114,0.020427703857421875,0.2565511067708333,2,dark_small_objects_many_parts
train,Nozzle-79_jpg.rf.5e631977d486e329bb31b5abf39ed60d.jpg,64175c5fe7500f0a6e2e0494be0902a10f063ac5a9204a85a5fcf26049e3785c,0.5887705290032679,0.17956039918453662,0.10604524799421722,1.0,0.10441406250000002,0.10441406250000002,0.10441406250000002,0.10441406249999999,1,bright_large_objects_few_parts
train,Nozzle-7_jpg.rf.6c4237a5e2203296496b07153206a6a2.jpg,94d17109bb6f086db00958c319fef4af34c98038021d917f7ed428bba4decfe8,0.5626841547429783,0.30608703392382136,0.21333461088292738,1.0,0.26934434434434434,0.26934434434434434,0.26934434434434434,0.2693443443443444,1,bright_large_objects_few_parts
train,Nozzle-80_jpg.rf.735e72cd9b132ac6314c6418a279e4d3.jpg,7b53e349b2bb6abdbfe0f59caac6dbfa60e3025ffd077b88e23854584695bd2a,0.410130366324698,0.3194134303537155,0.148302100686466,1.0,0.09592743621915516,0.09592743621915516,0.09592743621915516,0.09592743621915514,1,bright_large_objects_few_parts
train,Nozzle-81_jpg.rf.71f812443ddb796822d522d1c08653ec.jpg,9a7509e01ea2f4dd227ae8b7c3fe879970d953351cdef94035c5f42aa7836bda,0.3789340599302355,0.2855342470319234,0.2841622745289522,1.0,0.1106612685560054,0.1106612685560054,0.1106612685560054,0.1106612685560054,1,bright_large_objects_few_parts
train,Nozzle-82_jpg.rf.6e19ec3edc009482049998721872531b.jpg,b17025354dec5a2bf9bd4a35bbe2ccdcaf9cc5b795ad237f4f427cf4d0955b46,0.5018127017875423,0.27463215889408316,0.1893942440257353,1.0,0.22967871485943775,0.22967871485943775,0.22967871485943775,0.22967871485943778,1,bright_large_objects_few_parts
train,Nozzle-83_jpg.rf.76f7202f4cf15bac16c147133b01413c.jpg,edeed1ecd45465bd6b1404fefb29120c045cc30d7cebdc032fc5efab98f04023,0.5060666191993142,0.21743339256830443,0.15350880342371323,1.0,0.4186046511627907,0.4186046511627907,0.4186046511627907,0.4186046511627907,1,bright_large_objects_few_parts
train,Nozzle-84_jpg.rf.1a6b5c34f01146d3123193623519d046.jpg,a63a06ccd233b9dd5c10846114f610a0b66bda666dd4643644a13eb1579795df,0.6258643474896126,0.26808789151131557,0.15842370425953584,2.0,0.4025821596244131,0.20129107981220656,0.07887721811092543,0.5328240630222011,1,bright_large_objects_few_parts
train,Nozzle-85_jpg.rf.6110a0a44b828da211ff35b755ad225d.jpg,58ab1b3ad3bf0c0e560604d1cb8c8ef330d2e00f1a5aa5ed39149b41fb6f1a56,0.7668276562191794,0.29675648431543333,0.06361931445551854,6.0,0.052704576976421634,0.0008111097456064888,0.0005898979968047192,0.34609455924436877,0,bright_large_objects_many_parts
train,Nozzle-86_jpg.rf.00ef3100dc055a447af6e21e5030a6c2.jpg,50bab890e59763f92979b071832e9236acbf107c4166c414a0c6818003084651,0.51167679351388,0.21706512858131896,0.33424144071691175,1.0,0.11256760817307693,0.11256760817307693,0.11256760817307693,0.11256760817307694,1,bright_large_objects_few_parts
train,Nozzle-87_jpg.rf.d4b966392114a7f80f40d743d1585c2f.jpg,f621077a326759b42e1707218557247116e64e1217cc04df546b89e09e9e2c55,0.4436274898879307,0.16381771719762905,0.3114200666839001,1.0,0.21043336772759744,0.21043336772759744,0.21043336772759744,0.2104333677275975,1,bright_large_objects_few_parts
train,Nozzle-88_jpg.rf.5806da19f8b72df97e183979926cd679.jpg,446577d026ffcbbcff11f11e248a229916c8a69164a9f588d604dd797b9aeac7,0.48350388047481324,0.24139380270074468,0.22834200391582415,1.0,0.20710813610646264,0.20710813610646264,0.20710813610646264,0.20710813610646264,1,bright_large_objects_few_parts
train,Nozzle-89_jpg.rf.24e9b9c6f57d46b02f311333ef1594ce.jpg,0996d20eee9653878fe30880d8f797180fab0f85078dcbf1305353a19226f8a3,0.362253306669836,0.18320094897300399,0.0670269162047143,1.0,0.39898203314334735,0.39898203314334735,0.39898203314334735,0.3989820331433473,1,bright_large_objects_few_parts
train,Nozzle-8_jpg.rf.a16b7e8ed91fdc8cab12d9e63ea19c5f.jpg,0d03939d3f4fadcbf6743551c84a154e423435f73c525e1de4832aeb4448ad01,0.39715240021669573,0.23738771103629586,0.34479100844439337,2.0,0.7616775988869011,0.38083879944345056,0.3379049890677797,0.8380838799443449,1,bright_large_objects_few_parts
train,Nozzle-90_jpg.rf.abaa61f39a1bf62a27c29dff7be1cc95.jpg,ffbac829c41b3159d7df8d2b2d8547930926b723d14c5097bc9e167f75ecb8bf,0.3092486029635119,0.09928033531495702,0.02487342497881721,3.0,0.35348072427592214,0.15674155077459487,0.03817504655493482,0.7445619874004515,2,dark_small_objects_many_parts
train,Nozzle-91_jpg.rf.c5eac81feb8ee01fff776617ecab19b5.jpg,e596558e90b752842299a4ac856a0047eb45bdb70dad3ebe992901f607d1ed74,0.2719123592669179,0.07881351419175464,0.027934639126646753,2.0,0.22086563473570306,0.11043281736785153,0.10972466000266437,0.35604812353879245,2,dark_small_objects_many_parts
train,Nozzle-92_jpg.rf.c2fe1757f2d10d9e8507bdeb728d7c89.jpg,c1fd28e30fafc7c6f9144454ccaae6def8cf7ef4bcc23db5e76cbff4238a80be,0.27270943054155217,0.1876406316142842,0.41225128173828124,1.0,0.20478023848810364,0.20478023848810364,0.20478023848810364,0.20478023848810362,1,bright_large_objects_few_parts
train,Nozzle-93_jpg.rf.9b19ada570bc51047b233e976cb562a0.jpg,438ff317be66cced9896d8bbbe2c58e409d7441d78ff7f6fd1fe988ef29fd581,0.32000046886455386,0.2429325678678679,0.36951422597847733,1.0,0.3329204183383561,0.3329204183383561,0.3329204183383561,0.3329204183383561,1,bright_large_objects_few_parts
train,Nozzle-94_jpg.rf.8f6057b82150cbaf24d23dba6ff112c8.jpg,6b71401a0b280e2e7f55d9382b1a8ae417b0411f7f2caf7d82c39ddf71ac101e,0.6358158913739107,0.24074382074305625,0.20261607450597427,4.0,0.47397786458333335,0.11860948350694445,0.05130750868055556,0.5535156250000002,0,bright_large_objects_many_parts
train,Nozzle-95_jpg.rf.cdf505262a517a8c68811588d48b94a3.jpg,4904be409f6d2ff1ce9760f371e047d7ccaf8f4dada1a9e38e31912f20a6ceab,0.3878193335723767,0.21665505772710317,0.5057257558785233,1.0,0.2511055502085338,0.2511055502085338,0.2511055502085338,0.25110555020853387,1,bright_large_objects_few_parts
train,Nozzle-96_jpg.rf.43b2855e2dc03d6e3b251b59a6966bcd.jpg,57b29a0296d27207977c43aad163a5a004d39ee5456638eecb0b2f33f913ecd0,0.5251702541757444,0.2774890481329182,0.20390913720224418,1.0,0.40644444444444444,0.40644444444444444,0.40644444444444444,0.4064444444444445,1,bright_large_objects_few_parts
train,Nozzle-97_jpg.rf.a02aff9e48914f3d12fcb1dbb5a453cf.jpg,b1f9c0c6fae7b8848a0cbb189a44ea16204d1f6d720235eaaf2e16c8693f05de,0.4919777068990559,0.2593798149298109,0.10327048956179151,5.0,0.6465759999999999,0.095424,0.07712,0.7324444444444445,0,bright_large_objects_many_parts
train,Nozzle-98_jpg.rf.a5336a707f103e8f382c4bb7ade114b1.jpg,3390eaac3ba877710748f51bf373645470caa0038e064d523d6faff86e2e6f01,0.45367553326240057,0.22596445926196432,0.1902574426987592,2.0,0.6603100775193799,0.33015503875968993,0.12762273901808785,0.8691029900332226,1,bright_large_objects_few_parts
train,Nozzle-99_jpg.rf.9269a49f25012c64df898f08834bd039.jpg,c647b1c31881ef57d5246532603f61972d3a8859ed44798ff4174e0776bc4b92,0.21690313558675348,0.21307600306067265,0.34442078833486517,2.0,0.2633521384539576,0.1316760692269788,0.12417413340573807,0.29444595287658004,1,bright_large_objects_few_parts
train,Nozzle-9_jpg.rf.be9019f4dd66df7f8fde343fcbe22f05.jpg,685b06d59ae692dced6ad332df0db0b11ca9ae32e8f56ba4a71e5a35ad75eb1d,0.2566746437789986,0.2044214597463895,0.518495387657016,1.0,0.7217763509898341,0.7217763509898341,0.7217763509898341,0.7217763509898342,1,bright_large_objects_few_parts
train,OE10_jpeg.rf.ea95fc9637eba68f4173c173d5bd044e.jpg,07d70c56bec9af29d1dbde1753465389df438a2560766f529a4bea9351cb2550,0.47661985524392303,0.2726855469131514,0.2979030534332874,8.0,0.5912013717715143,0.03996534847997713,0.0012771049905333477,0.9413782016932806,0,bright_large_objects_many_parts
train,OE11_jpeg.rf.cedb6e2ecfc90e60f5b3219e5493d25f.jpg,b0a909c1624b3423082051ce895ebcd2aa5c7343d73bb35c89f48192f5116991,0.27302124525154625,0.2893490574181413,0.250010591394761,14.0,0.4665624902334594,0.002781510766634372,0.0005500515673344376,0.425158608619558,0,bright_large_objects_many_parts
train,OE12_jpeg.rf.ec961572e199c1d1c7a7e86062438c27.jpg,4adbd76d6374f1b8dfec1909fca8de5b5dcaf82b77bde634d3a82c4949dd2f70,0.6930990126547072,0.27919063199274347,0.08470229354559207,9.0,0.6344852717225776,0.052228821302702,0.0017948048557629552,0.6465213418613759,0,bright_large_objects_many_parts
train,OE13_jpeg.rf.e687181b573fd8e735211aff8a03b79a.jpg,90037731fd813b4e9d28fd65f9a5517090b23c198b064798ebfa401649a9b8bb,0.6246106431236413,0.3745390419281509,0.18802880679859835,18.0,0.7534531546780716,0.008497753888163873,0.0017185016732779448,0.81612032095926,0,bright_large_objects_many_parts
train,OE14_jpeg.rf.3bb08e5091f3c3a33175fc84afbc7fd9.jpg,544dfa46e0248475b81cb70305144fa7c123bf678016e057c848661673e43992,0.3514090028216836,0.2800441267219877,0.5017100913851869,8.0,0.7470008366619885,0.038795139263737455,0.006328943106984779,0.6872604717694052,0,bright_large_objects_many_parts
train,OE15_jpg.rf.d0623ccb5675c7aabb67147b3459c4aa.jpg,a19dc51fe26070b89dd768c2c17f303fb6453eebf886518ab8a3d8619f4b3916,0.3657599047849593,0.26973751130437346,0.3023553586473652,9.0,0.5661008230452675,0.08275462962962964,0.002700617283950617,0.662037037037037,0,bright_large_objects_many_parts
train,OE16_jpg.rf.dbf0ee5aad1f128b9318ba727c959cac.jpg,b5fd77d2e4e82cc1faf591f5c051db703be069293a0095f72df533ad50c0c76a,0.762450585470845,0.2814577548224231,0.0,8.0,0.6262084592145015,0.013431520644511582,0.002265861027190332,0.9939577039274925,0,bright_large_objects_many_parts
train,OE17_jpg.rf.0004716d7c0249c8a8809b8dcdacdb77.jpg,dc74678022895aefb647c7f868a256a4254344e5eb1cc1b4274628a8056e991a,0.7747378974188545,0.2633260024814637,0.0,1.0,0.6074858757062147,0.6074858757062147,0.6074858757062147,0.6074858757062146,1,bright_large_objects_few_parts
train,OE1_jpeg.rf.04fcc9136995cbeed77210c6d9e9e180.jpg,5bd1185233b50a6802aa6e81bb9fc79e4a14c580431f013962c233c870989d7b,0.8794744545345216,0.27403902341371994,0.0838613323136872,8.0,0.2040106137718039,0.022423767888990385,0.0015224672669537603,0.5678367915089825,0,bright_large_objects_many_parts
train,OE20_jpg.rf.0c8ec7713d0bf11994f17cdaea12bf83.jpg,2a01142e8e37b5887c8e7c322f6c3e2d046384a19d1af2193e43c4dfa50c11f0,0.6203839586584345,0.3639128792243205,0.0,1.0,0.1456170703575548,0.1456170703575548,0.1456170703575548,0.14561707035755478,1,bright_large_objects_few_parts
train,OE24_jpg.rf.5e07e1845b5adec5b965d63b37fa7e7b.jpg,95097583994782ba50289eb5821754c28da5fac59c621aa1f5c2b12435f76534,0.5967717247265458,0.3139766285653622,0.0,3.0,1.0358963344788088,0.26469072164948454,0.08048396334478809,1.0,0,bright_large_objects_many_parts
train,OE25_jpg.rf.39f2bbb5eb7b7bbea2c05b9eac585f3f.jpg,782418793653d31aebf05b4c27e04014f50998fd95174641cc4731e82a5287c8,0.25453120614298885,0.2583705802353155,0.0,4.0,0.9119120654396726,0.09040132924335378,0.04386503067484663,0.7916666666666666,0,bright_large_objects_many_parts
train,OE27_jpg.rf.8fc38be2e7984efb8fedac3b90ac37c9.jpg,b26af4dfc26569357f0f76c3d8cb2d8c4d14de7c17e7db77239782c4d2be3a56,0.2258078859959284,0.2633450995017031,0.0,4.0,0.8841256830601093,0.1639549180327869,0.027049180327868853,0.8583333333333333,0,bright_large_objects_many_parts
train,OE28_jpg.rf.56f821fed0ea9f2b864adbeb32bc77b4.jpg,0f7a1185a6130944dfbd1be1dc68e66f6348c9d76a42cab58179f602d1b4f9b9,0.7547832428569723,0.24269593819405166,0.1526819715312883,4.0,0.3282128467016492,0.07284815844031109,0.0020856271083208398,0.4762815735686844,0,bright_large_objects_many_parts
train,OE29_jpg.rf.a066397df27f4d51d26744a2850a8540.jpg,88f19558b4337ee8647eb1d15caa605a3155e9ef3548d4d2560cbeaf2f862ffd,0.5707014068218648,0.24604043597819839,0.22731260411879595,4.0,0.2818345465938905,0.003708960949212893,0.0011529879591454272,0.2732636367363193,0,bright_large_objects_many_parts
train,OE2_jpeg.rf.d3a048f2e4c2591ccde4211e926f1151.jpg,3bba0b5f865a6b6a62c73bc4dd9004f7c66c67475b5c0d6d5d7dc4b161e6062d,0.26043342739053366,0.3079016459038291,0.39358948352290135,3.0,0.7613470936498796,0.3502502546839704,0.010453116003011914,0.7907044041871519,0,bright_large_objects_many_parts
train,OE30_jpg.rf.5ad5425218626e826a87d2550b2c0d6a.jpg,b629be6cbcf875bf1a53c6bc6721fa697c151bd5e200275f82162676b0886b5e,0.3293983831885027,0.22338376745914587,0.36662633559283087,16.0,0.7433508522727272,0.0018343394886363637,9.659090909090909e-05,0.7713441051136364,0,bright_large_objects_many_parts
train,OE31_jpg.rf.fa73c970769cba4b2737b3d0b50c58dd.jpg,9bf482eefd52d730efd123c5d20fdde861691b7a5d28539524b5ab7461e6d247,0.21100114765707031,0.23522689105090477,0.2963963527305453,9.0,0.12643212951432128,0.013387297633872978,0.0007783312577833125,0.3917808219178083,2,dark_small_objects_many_parts
train,OE3_jpeg.rf.d569fb8e2560fcefc5726b3de24f8a73.jpg,e89aa4a2637dc7efd52d1a21599ad683f5af1ec1348c0717addad9ad50668954,0.42316977000223827,0.26925111523564255,0.3645302866019455,10.0,0.7991361679049132,0.006991681858872575,0.0019864217617731428,0.6582243741791308,0,bright_large_objects_many_parts
train,OE4_jpeg.rf.7b4d2ce9ce190080be4cdd6671ffa3c5.jpg,5ae0faaba4057f5cab8b54833f68248f0afcc55b0439d013df8d7f356534b220,0.37571460743144836,0.24046362858831227,0.47567626354741116,5.0,0.3584151394643901,0.09708974109402375,0.0017519953280124585,0.4217928752189994,0,bright_large_objects_many_parts
train,OE5_jpeg.rf.cfcfea9af35101fb0c1a498534123a17.jpg,dd8e919f7f4cb7ae5f5b819a51b0e1468d916ac7e9ef89326b486d1d6ae61a66,0.8462084857660234,0.2777527428573211,0.08690507926192938,7.0,0.16888919491687512,0.019004337946705224,0.007589494059231716,0.5408126573175117,0,bright_large_objects_many_parts
train,OE6_jpeg.rf.0eb94418b5690fe115a07ce14bf8de9f.jpg,5f6037f55edae147f6fbc4fba7a7bba79f321db0282691d3a200b4f5bec52b35,0.3049180875000855,0.18221604662208507,0.5869940664253983,3.0,0.23520055807464246,0.09352633414719218,0.0036902685734216956,0.31165678409487263,0,bright_large_objects_many_parts
train,OE7_jpeg.rf.2aa709507fd5cf2af43d36c0fa4911c3.jpg,c046fb956b70b5153bc2ee8547fe97d1fc82e2f87e25403e73a141302d74907a,0.6768937953162225,0.2026732226651671,0.0,7.0,0.189337355075879,0.0003921198981996418,0.0003054010745593364,0.21728720897351295,2,dark_small_objects_many_parts
train,OE8_jpeg.rf.e27533bf47aa2885db52936573a458f6.jpg,11bc3e1c274bf2197ab440f91bbf50eb71186c78a31047943ad2d00ed8669d2e,0.26677149366670205,0.33622870589358167,0.0,11.0,0.6971335875309386,0.005298013245033113,0.0005619104956853302,0.9112582781456953,0,bright_large_objects_many_parts
train,OE9_jpeg.rf.267add93b900aa8be031c13b91e6203f.jpg,bb00aea397fdbf806c3cad2e4710cd838cd0a0f6a852735f2709dbb961944330,0.4406134231470366,0.23306308515788235,0.0,4.0,0.7725396825396825,0.12626984126984128,0.004421768707482993,0.8523809523809524,0,bright_large_objects_many_parts
train,OIP-Qr23Axbd4Cj0hyZL2ZVumgHaEo_jpeg.rf.6446b9314d295f9d71e59f1be63319fa.jpg,d9598db9fb3c9955eac33f5b50b6ef7b360513bf95e0974982e06bd1b57c587c,0.4475340940344663,0.14616909878854095,0.09658964568493413,1.0,0.5133495837609762,0.5133495837609762,0.5133495837609762,0.5133495837609763,1,bright_large_objects_few_parts
train,OIP-Ys-utVj5T9KFjTbbAnbxjgHaJv_jpeg.rf.185992ed5ee3ff62afdb4ddbefc34818.jpg,6b971bef3ea233cc8f58fa76dd3dfdf6dde828b410d42e320dd340874e457163,0.8547181659213392,0.2605018567043865,0.03306841382793352,1.0,0.2180482456140351,0.2180482456140351,0.2180482456140351,0.21804824561403502,1,bright_large_objects_few_parts
train,OIP-eHM0y_Bpp_-XWHbZb92AqAAAAA_jpeg.rf.c97f4000053d0107fbe26936e89cc193.jpg,4a1ab41fdfdd9b845c0335f5cdeb30228fac2e5090507437d4d978f43fb5ae88,0.6777192625477864,0.17944241873430747,0.2846741321040135,1.0,0.17735849056603775,0.17735849056603775,0.17735849056603775,0.1773584905660377,1,bright_large_objects_few_parts
train,OIP-ht9nr-EJEoS-c2ca0-eW0gHaDs_jpeg.rf.ad8ce0e8a95363a6ff66f656a71a660d.jpg,679e883ecaec362ec991f1124504f85dbdc2b6660f9cd7496041a789c304557b,0.8637665201073282,0.21092509699721848,0.03176789003259996,1.0,0.10190486335968449,0.10190486335968449,0.10190486335968449,0.10190486335968453,1,bright_large_objects_few_parts
train,OIP-pGHv_yoIGV1HdieSfOQAPwAAAA_jpeg.rf.011a8605f0fba78e1b2a8ef6883a8318.jpg,bb62a0945d4dc3b3c8209d21437528377df15852fdbab4f34573c201a6532a22,0.8691977193714365,0.24034513069085683,0.043527928520651425,1.0,0.04822695035460992,0.04822695035460992,0.04822695035460992,0.048226950354609915,1,bright_large_objects_few_parts
train,R1ca1bbff246016047fe3760e15556de8_jpeg.rf.d234cc85aaebec1a62ff11daa61bd665.jpg,4be64ad02556ceecae170ca48ca7c6cb61402c8f8c4d31a12da937685b4d9eea,0.852156684996945,0.2603954551207306,0.08515356475231695,1.0,0.17167705382436263,0.17167705382436263,0.17167705382436263,0.1716770538243626,1,bright_large_objects_few_parts
train,R2c7c81810fae0bae3040d7968d465e5a_jpeg.rf.2486bc7c07b840b4daff9a32a8cb87e1.jpg,a2b6b59788a7eb4ff0bfe803514ed209039d030c76d32d3a0289a6c920a04400,0.5119207297892419,0.24836769784187468,0.15307518454159008,1.0,0.7309090909090908,0.7309090909090908,0.7309090909090908,0.7309090909090908,1,bright_large_objects_few_parts
train,R3db8f5d824b2bfe626a598f76e2201b5_jpeg.rf.2f3a819550ed77277ff793fc17e0877e.jpg,9734c49576bb22f013d662573df1b7b8ee1154b8f549e64e0997b994f84f86a8,0.7155918128790635,0.3338023331259744,0.08016794242110907,1.0,0.29104211855353035,0.29104211855353035,0.29104211855353035,0.2910421185535305,1,bright_large_objects_few_parts
train,R3fXcIB_png.rf.6b76bfbfcc47fb8699a5c8bd3ab41b22.jpg,9d60ba1e1d7e4a15969cac7473b2e6d685ffb70e3842071af0e292d4b2ed65a0,0.17284338121822804,0.24247561707779602,0.16379069907992494,9.0,0.1677729552469136,0.007601273148148149,0.0013271604938271606,0.19165702160493822,2,dark_small_objects_many_parts
train,R5b906f33d29c7e0cfb81954a10b24eff_jpeg.rf.abd85971c4dd8e986d1f80e6df4c2a69.jpg,9232aea8d9c6f518479fcd386df46ee42c5e5ea697ed325b393c264f3a4cf26c,0.579698100547839,0.2446510161029105,0.1534586887733609,0.0,0.0,0.0,0.0,0.0,2,dark_small_objects_many_parts
train,R5f9fa8691669c63816004b215c8c2050_jpeg.rf.5d88469f2df088cd733bc99674527a14.jpg,db59263dbb5bcb903fe7d59f461a48c9754ccdad6816fc7000d7330602621015,0.7733220422762906,0.2895662743526997,0.12601073021982231,1.0,0.13288871622204954,0.13288871622204954,0.13288871622204954,0.13288871622204954,1,bright_large_objects_few_parts
train,R5o8z7d_png.rf.9e3ad6a13017ad2b763b3966b3554f87.jpg,3b5dd0cdd591afaf3de089dc12ad0175d3d875858830b834abf73f870a435cd1,0.06333740127995642,0.13177582586842107,0.2098096062155331,7.0,0.1145627170138889,0.012977430555555555,0.002421875,0.1828157552083334,2,dark_small_objects_many_parts
train,R7222e85d95dd8143ffac13c43710352d_jpeg.rf.bea87b526a5f9309b4aebdbe81ab622e.jpg,50d28712c8f4d6ef391b06195dd3b7e3f9d6c03664833509b5f7f45cf5bf8a5d,0.4923235626453971,0.16072701472243764,0.6077678007238051,1.0,0.08372881355932203,0.08372881355932203,0.08372881355932203,0.08372881355932205,1,bright_large_objects_few_parts
train,R7f8364f4410d888f64fef5278deab7fb_jpeg.rf.24db53c7e6a825ef1c5c01160c2ed98a.jpg,85f9c6d9e0ecf6696f723ef55b4482b5592bfff4cfdb0b03ac233401001eeb15,0.8522745098039216,0.2798839654530908,0.03817474888820274,1.0,0.17532467532467533,0.17532467532467533,0.17532467532467533,0.17532467532467533,1,bright_large_objects_few_parts
train,R951a438b103a80fc2e75ad5e66f28c40_jpeg.rf.7219826fc4189fedf5b67085bc2b1b1f.jpg,9f1a34666251653557823acda54ab7f1b3a509f7faf5ebe7f853ab42a4658374,0.5197252093545751,0.21353971640392141,0.09015309950884651,4.0,0.153095703125,0.037501627604166664,0.03603515625,0.6953906249999999,0,bright_large_objects_many_parts
train,RZ7XYZw_png.rf.7bd6f330bd5bb65f37f567f3629ef5b7.jpg,01a45c86cf5286bf93b6aaa8cf845278e953085e639cab9ffe612e2c440cb32a,0.11264141290611879,0.13624505110915863,0.27094953948376227,7.0,0.12820166320166318,0.014812889812889812,0.0006652806652806654,0.20501039501039497,2,dark_small_objects_many_parts
train,Raa00cffb932dd6f0964d44ed4d78e985_jpeg.rf.2c5af1f44cbd7dd2a1188de49ee9c798.jpg,aad2ce3bd5f084b03de664745570acf0dc719b95c1c05ea69dbb9cb153d32fe0,0.8693164858670741,0.22324242535505467,0.08491707596124387,1.0,0.10352207792207792,0.10352207792207792,0.10352207792207792,0.10352207792207795,1,bright_large_objects_few_parts
train,Rc40c20ae66235b2c5926ffcae19046e2_jpeg.rf.aaee555b8caa1d72961e3f41ce02385f.jpg,9ecdaf2e744bfd8dc6fa2b802ce11ec46588e236de1c0016268cbe687d9187bc,0.3398893790849673,0.1112902070727012,0.17563382317038143,0.0,0.0,0.0,0.0,0.0,2,dark_small_objects_many_parts
train,Rf56a89f6e8b4abd794f83d264c8d2ae0_jpeg.rf.2cec23413695f685400be1d2df40d8af.jpg,7b3ba3ad3843d973681969be8144276ec2a550f2553ebf21030bf81d0c2aad41,0.2568964331698715,0.14522257695518473,0.17507327210669424,0.0,0.0,0.0,0.0,0.0,2,dark_small_objects_many_parts
train,SQQnRLI_png.rf.07c67f79bf666876d33cf1da36e47469.jpg,d1e4517bdcdf97382b139ef2bf96d8bf6c10ddf398e19352811a3e3e08bce794,0.12556467013888886,0.14874303706338343,0.17139152078067554,7.0,0.3144802517361111,0.03406684027777778,0.011800130208333332,0.43649088541666664,2,dark_small_objects_many_parts
train,Screenshot-702-_png.rf.d9d29a6c52e67067dc19a55505113312.jpg,c5e7602e1ec9319b23e44cb7db9d0d1ccc82d8904d2aadb49bc9000e12355e56,0.3733305798679891,0.26140446791013844,0.4848452100566789,1.0,0.01996400683260127,0.01996400683260127,0.01996400683260127,0.019964006832601272,2,dark_small_objects_many_parts
train,Solar_Array_100_jpg.rf.fe61ac54fd70acbd861f27e01b41eb2a.jpg,d778d7a725ed496c8eb186084e94d243e308425bf90ced642748af638899ecbe,0.853990448000162,0.30868431999196916,0.0705782647226371,6.0,0.48717184955717063,0.060754994241232776,0.006116207951070337,0.7813257079312125,0,bright_large_objects_many_parts
train,Solar_Array_101_jpg.rf.c8f6e892bdc481f612e574fb86745cdd.jpg,56a1c749c84db05016154985acfb48b11d889fae846ad855d0a846499d3d4833,0.7119923572518728,0.3781319678120795,0.1792170805089614,4.0,0.715032679738562,0.1833630421865716,0.08888888888888889,0.9783125371360666,0,bright_large_objects_many_parts
train,Solar_Array_102_jpg.rf.d9379703f97eeca40f9a975cbf29638f.jpg,1e56fcef1f44610bb8c7cb8674bf1ecb708d64f476fdf371131c8ae54fb7ac16,0.8124271413991953,0.2517232985097426,0.11732126871744791,4.0,0.9580960291093181,0.24035951589938304,0.0040341718082581865,0.6610504666983072,0,bright_large_objects_many_parts
train,Solar_Array_103_jpg.rf.c7c484cf9762f3262b8f36bedd1568d8.jpg,afeadb6fd96df3712cd7bc346b2df6a266239c4d972240f31534b2cca5b823ad,0.8144324242509354,0.2885105758093693,0.11442782084147135,4.0,0.5177661944930766,0.09733606557377049,0.007957981855801368,0.9612048384529683,0,bright_large_objects_many_parts
train,Solar_Array_104_jpg.rf.3cb3ce5a2bfb9f434ebb788fcde8cb2c.jpg,9a6daf62d643f780307c199b9882fdfa6c60dcaad0fcfb18986555fbf64aa39b,0.919211397859988,0.21741092523421857,0.04014499888700598,4.0,0.2792503664962954,0.060739331986211814,0.005230001188636634,0.4702840841554737,0,bright_large_objects_many_parts
train,Solar_Array_106_jpg.rf.f956adc48d8b47557061c22412c4f533.jpg,9b6d8fd56e741ddd23cdce0b032e5fe088767ede24d34a6e04e8f55672492ecd,0.8888203690616964,0.2321213766292391,0.06473936193129595,4.0,0.4781344012113243,0.13841571533879227,0.0019723865877712033,0.918375072221226,0,bright_large_objects_many_parts
train,Solar_Array_107_jpg.rf.edbb80454e59b63fa2d102681969ab70.jpg,458a2f4ca207a3370b688ed82069f0d1e8bec1f1aa49c0e6607dec312db07afd,0.766698169270882,0.3348954010642217,0.18296184165804993,9.0,0.767851475721993,0.08239447794351,0.015530783878133928,1.0,0,bright_large_objects_many_parts
train,Solar_Array_108_jpg.rf.e8ba966ccda6e3eb11c641155ab8bf21.jpg,ce22271efe24b15f935d25a47f9802376c12d4b4d48a13e83f5a300114661f2a,0.7682177987991636,0.3397809369574565,0.07005986980363435,8.0,0.7971754330208168,0.04977753058954394,0.010011123470522803,0.9901477832512314,0,bright_large_objects_many_parts
train,Solar_Array_109_jpg.rf.1f3181ac1938528f0799c1505eadaceb.jpg,5f759677a8661dba309145c81d06f4879c965782fcd8f50e9b5c9101a8b4fc78,0.7594920342045213,0.32135400231748174,0.23425678926355697,4.0,0.7146874195528624,0.19924156913998298,0.007406087249252459,0.9248499970296442,0,bright_large_objects_many_parts
train,Solar_Array_10_jpg.rf.065688cfe18c1146a965581d00cdf4af.jpg,2f4a47f456413411048c01083d143990483204df53674e918fe2e953a17d2bf2,0.22392142842576446,0.2414506147053,0.36570410634957107,12.0,0.27306454758190324,0.022647718408736348,0.015790756630265208,0.3720228809152366,0,bright_large_objects_many_parts
train,Solar_Array_110_jpg.rf.8aba6494d85189bfa3c984c8433f982c.jpg,e2bd96296f6f30ce60b236c9e346c20c1090332f711c9a6e713c4c501eb51e6e,0.8837528463624847,0.25857534137145044,0.07881933474073223,4.0,0.34135949266745935,0.0805588585017836,0.0006936187078874355,0.8840269520412207,0,bright_large_objects_many_parts
train,Solar_Array_111_jpg.rf.a42c768026dd68d07a2b19de9827dd78.jpg,1e6a37063e62ab16c5debba8ca09872a723e31c06d8b91db703bbc6fac9251ec,0.8884195218468917,0.23707041766389708,0.02552977543251187,10.0,0.7369109169786653,0.03417127235989778,0.024959885897664468,0.8776371308016879,0,bright_large_objects_many_parts
train,Solar_Array_113_jpg.rf.4b3c5b6dcfc4dbadca0523438b37adce.jpg,1347b15399eefd6589eb632bad900c3a656e4b3120e21b51d230b8adc268b1cb,0.6510125132674152,0.3601705619191096,0.35061077043121935,11.0,0.9984567901234568,0.06232193732193732,0.031556663501107945,0.9331077872744541,0,bright_large_objects_many_parts
train,Solar_Array_114_jpg.rf.2b837eb3d9e39ec80fe855c249f1a1e2.jpg,410c649dd341cbe8a9065f0682484a031f05c33575da56c43feb135459695e1a,0.819070026233738,0.3252732613463252,0.04527024661793428,9.0,0.6736401673640168,0.049495330068016416,0.007614666164310219,0.917805231117016,0,bright_large_objects_many_parts
train,Solar_Array_115_jpg.rf.b7418fa084b2945608bd209f3d833a48.jpg,2f1fb75c55b0cc549eb17771a7c75e338245a20856cd9e638a754576f0f5a3d5,0.7682943114142906,0.34002780546853917,0.11622866462258731,5.0,0.8630987816009843,0.16835337540183357,0.13831011628368456,0.9152676905980871,0,bright_large_objects_many_parts
train,Solar_Array_116_jpg.rf.f80b063f5db3039f391dd99b21806851.jpg,5b589d8764d57b46454adc4d8922b441a2d8eaeae6e13543ec2ad80e3bdc34e5,0.6899265483971366,0.3989938631322669,0.011792561587165384,1.0,0.334047619047619,0.334047619047619,0.334047619047619,0.3340476190476189,1,bright_large_objects_few_parts
train,Solar_Array_117_jpg.rf.776c5d480029304641a5ddeb645e1811.jpg,2544802a27b3802f266b2e6fb1a14918d68c7c1c5f75f311ad550c52a7b09381,0.8390113624457788,0.27757906490991036,0.06458362504547717,5.0,0.6224499930476928,0.1404366048904515,0.06030629879029854,0.6925689768190215,0,bright_large_objects_many_parts
train,Solar_Array_118_jpg.rf.a5b2dbae6c322aea4ed4770b05607a13.jpg,a7ce438c106d11cc2226b1dfcd50473a15cc14cb5ec3b8baee25afcdcb400009,0.6759259448201803,0.33486601377208397,0.20131937662760416,9.0,0.9870238275914403,0.06305151442880992,0.02231533074604861,0.9260564143702708,0,bright_large_objects_many_parts
train,Solar_Array_119_jpg.rf.02e55731d78bd27ea23ebe7d9200609d.jpg,9474fd546a08bd630282d8a5c3d9a6c960125d865bca08e9eddde3a6f330c88c,0.7421487429923426,0.37802607619691986,0.22196318682502297,4.0,0.44129185654844466,0.11591044184664157,0.060788587279572016,0.7071527640182287,0,bright_large_objects_many_parts
train,Solar_Array_11_jpg.rf.3f60bb616bb8e1247a524ddf85d5b5fe.jpg,49e630937d7d5ce40d51248cf1dae04826fbe1c4df262ed362d1b410dd68c1b3,0.28380873263669737,0.24096123036476605,0.3297448251761642,33.0,0.2978805520162733,0.003859796919706724,8.906417650214592e-05,0.432681715369054,0,bright_large_objects_many_parts
train,Solar_Array_120_jpg.rf.c581801e045bf5feed2b35ca68ccb7c0.jpg,d365435b0fffbcba53d43e481222ea1d4a2afcd33dfacb3960a41f01f820ee79,0.8236800317586344,0.3019506279105414,0.09250636381261489,8.0,0.8010917030567686,0.08932115919015482,0.010797935688765383,0.8447796744739977,0,bright_large_objects_many_parts
train,Solar_Array_121_jpg.rf.4c532f7fbe770ff21794cf49406364d5.jpg,3efa06441ff610d5af3ba1afa51627add943469fe726e1d0af1d649b1f645f8f,0.7442810749734569,0.32351193943465156,0.11453544018315334,5.0,0.5487531048186786,0.096274217585693,0.031654247391952314,0.5743666169895677,0,bright_large_objects_many_parts
train,Solar_Array_122_jpg.rf.f63560c362ada49af82eedc8225104be.jpg,6210dd0a564c94b7e07ece368699949079c7eb6d34dd27705bf5e9ebb587d426,0.7450763692286184,0.35737065382804883,0.13393551695580577,3.0,0.5824519706872648,0.21045751633986928,0.15403050108932462,0.9187759952465834,0,bright_large_objects_many_parts
train,Solar_Array_123_jpg.rf.ded651b495960d1240faf898bc119be8.jpg,009d255c7e4e37a8e3c5e46aa145db9e57b62b9fc736fd561e138e5389377a2c,0.7537371554045941,0.33320896412560636,0.1467101153205423,4.0,0.8968623240276783,0.22166547363397757,0.12473156764495347,0.9195895967549511,0,bright_large_objects_many_parts
train,Solar_Array_124_jpg.rf.d1f65f86562b56c045afd34ab3fc4c05.jpg,659d1dc1d46efa8b191f8194eb9a89f3cfecc8b374083ec2fdccededbb88ffbc,0.7803818058143318,0.29099133411511874,0.021654860178629557,7.0,0.9535405255219498,0.07942367230292928,0.007422402159244264,1.0,0,bright_large_objects_many_parts
train,Solar_Array_125_jpg.rf.39a5c34ff729f0ed59df28c393796500.jpg,ab46d08ef937e2554a16b60192f13b9f8d0347a30f2abd5c489d4852ea42d9e3,0.7214153985316537,0.38881036739378555,0.07271020178701364,9.0,0.9398091071783654,0.04420361900974348,0.0076357128653807916,0.9512825611453569,0,bright_large_objects_many_parts
train,Solar_Array_126_jpg.rf.02d45b8ea28186461308f5a10177dc32.jpg,4c3c6c99de56e23c1c6d19940496db648f31878a4eca5a953bc659337114d539,0.8473662493176785,0.29524757931296247,0.06297863230985754,7.0,0.43896302370657525,0.052453193891243685,0.016155828665147285,0.5423651195978615,0,bright_large_objects_many_parts
train,Solar_Array_127_jpg.rf.fbaf40022aa96bbfa9faa0cb55f68b75.jpg,6498c4c510d5378d6046c6d23263c51af013d5153e63a619050fc73a59f61acb,0.9256998433469021,0.19581368684308184,0.03978911007151884,7.0,0.39506979506979506,0.05148005148005147,0.022215622215622215,0.5244629244629244,0,bright_large_objects_many_parts
train,Solar_Array_128_jpg.rf.709ff73a1c35de17f246ec9080024b72.jpg,b052f036ec9ba88b02eb89b1ce302f01ca7df06ea79857ca3000ae03d4728ecf,0.838251175956764,0.3346711820066034,0.06376519296683517,3.0,0.5782577622488684,0.23251012467243706,0.08909711744620027,0.8973437624076869,0,bright_large_objects_many_parts
train,Solar_Array_129_jpg.rf.67b016a36da319d06513816f7b32a494.jpg,bbaac0c874cefe7245e022ee9c427a4cedba18e3913f9114e4532b0b78443982,0.3081133995238274,0.20619591276007043,0.46026919495825674,3.0,0.40873331214240305,0.13072155117609663,0.10763668150031785,0.4483471074380166,0,bright_large_objects_many_parts
train,Solar_Array_12_jpg.rf.9656f00441eb185e9a12c219d0b0a140.jpg,5921f82210f63f57260580a593c9f095557d4984008a466bfea4d68476061888,0.2138890401839748,0.3053359507549159,0.1832604352165671,2.0,0.37734278549382716,0.18867139274691358,0.16770543981481484,0.3505198688271605,1,bright_large_objects_few_parts
train,Solar_Array_130_jpg.rf.8f026060e37469a27325bd17f9744a46.jpg,e0964e070a3dff07257492cc4ae00d53c3e50e2423dae54b28bbcfb4906d2388,0.16537531586605722,0.2544580080874439,0.23781169816559436,3.0,0.18427220721436516,0.05893453043063721,0.05855712696647068,0.29127602097568717,2,dark_small_objects_many_parts
train,Solar_Array_131_jpg.rf.cc9214750c0a545cb861d7bce66def8b.jpg,58f0fea3523eabacd2ad2f455e17f3a7807559967b920280b8c6d540bf04e359,0.606642026501797,0.388546830303582,0.1888810999253217,13.0,0.7114987695483053,0.04108120981185997,0.012145748987854251,0.7887592283877114,0,bright_large_objects_many_parts
train,Solar_Array_132_jpg.rf.78d3b6a4266cf859c08840a7d36a59ec.jpg,651419c58f19f3d81c1be27e5e27a68aa3819a4f7306f7286753cfe9da36db31,0.8364194359865255,0.3133776434111476,0.04744581334731158,7.0,0.5522586535408065,0.049440298507462684,0.003195458875833598,0.601679104477612,0,bright_large_objects_many_parts
train,Solar_Array_133_jpg.rf.3225e70441beae1156335a14d215530e.jpg,731a9e2e41b999ff14ad6df858dd757ecd221754555d522d0d720c841e9c16f5,0.8316384786679272,0.30924308899177333,0.06023694954666437,10.0,0.752828805263262,0.028833006361096244,0.005231555793353546,0.6585220854883777,0,bright_large_objects_many_parts
train,Solar_Array_134_jpg.rf.c24180e7b533cc1d81fa25cc490693a5.jpg,584807bd45406e65d0e91477e2d50668436bded67adf4558ae5b4a6dcd8519cb,0.6491115489257904,0.4238186628084214,0.20103258619121478,6.0,1.1023671619239488,0.10843616217577437,0.008687987912364643,0.830521279274742,0,bright_large_objects_many_parts
train,Solar_Array_135_jpg.rf.b642d22d6841baec8da7d1ef4e6c2195.jpg,e805d106395d93a96b4ffbbfe9a585b363af08001376fb68885c7be1faf48100,0.766054948692486,0.2970330400292206,0.2103598800359988,4.0,0.7018867924528303,0.09294935451837139,0.05719960278053625,0.8,0,bright_large_objects_many_parts
train,Solar_Array_136_jpg.rf.c489ded5bbfcd41283f3acd8efe9f805.jpg,6e70175e680cb30bec226d91d4015791b5cbeba8f4bf01906fa251efdf14d8fe,0.7711501749427445,0.3157677776717264,0.13087654861749387,3.0,0.4279279279279279,0.15378536431168008,0.07057057057057056,0.6262051525209419,0,bright_large_objects_many_parts
train,Solar_Array_137_jpg.rf.34ba1f77ec4a8160a63abbaa26cac622.jpg,80fbae0c05dc4bc37067f661e601208615c2fd7019a10e25a2dd3a7131e5fb20,0.8659694643117792,0.3064957301615444,0.03290054096895106,2.0,0.5984714640198511,0.29923573200992554,0.08416873449131514,0.5243870967741935,1,bright_large_objects_few_parts
train,Solar_Array_138_jpg.rf.b6d95735e5c2b57e0178c8a483d8de16.jpg,0093df6f468152911f218a858566a6399ad1de692bd7acec263e139d35af87cc,0.7192253270504755,0.3640271560750448,0.2734682270124847,5.0,0.9157631359466222,0.19599666388657214,0.09523809523809525,0.9385599110369753,0,bright_large_objects_many_parts
train,Solar_Array_139_jpg.rf.852f5d5226c47edab9519592abc27b16.jpg,04b2e8e1abb8013b8849e45262f133404842539e5d267942c94e0a239e27303a,0.8562911094485489,0.2586278746157658,0.08917812272614124,6.0,0.7692567567567568,0.10313990461049284,0.01877980922098569,1.0,0,bright_large_objects_many_parts
train,Solar_Array_13_jpg.rf.bdcb73b9df1a21b4cfd6dbd735808ffc.jpg,5a6b64e39097bb15c576e02f6d45d3ed7c9f2f49bb165b502f87442a37a4a9cf,0.03920983489762414,0.11245670354842816,0.05969228557511872,5.0,0.43619826224328595,0.010565560821484991,0.0042654028436018955,0.6529968404423381,2,dark_small_objects_many_parts
train,Solar_Array_140_jpg.rf.eadefef515c04a776523cb525d2a7482.jpg,4bbb335dc7986e97d33ca7988fe1811fbe42a47c9a30d312241136bbd430547a,0.25963293743570565,0.2839037765836911,0.42382914225260415,3.0,0.39328298887122415,0.12203895071542131,0.03674483306836247,0.5381756756756757,0,bright_large_objects_many_parts
train,Solar_Array_141_jpg.rf.62998a1954a4adc0716a5020f49b1680.jpg,c2984ffff58882ba47b76f2c4c247cec20376bf4d35f485a361dab123e536f78,0.20843308434484903,0.19966169017440988,0.2841578764073989,5.0,0.5298611111111111,0.12946428571428573,0.01125,0.9033333333333333,0,bright_large_objects_many_parts
train,Solar_Array_142_jpg.rf.c21b3054c2a191f2fd6a6cd829a6cd75.jpg,91a4d6a8351d8c746b81b75d23aee400748755b39c1cb7e37aec905979d64ad6,0.28706703436950565,0.31734492508580037,0.2720500572054994,3.0,0.20921810373829924,0.0733213275019295,0.049613108784706414,0.41420118343195256,0,bright_large_objects_many_parts
train,Solar_Array_143_jpg.rf.fdc457f33b5065bf3eadded76471b64d.jpg,70f067833a356f830dcb07fad431cfcbb78924acdc101c875ac625d0c688b276,0.7675872766884532,0.3460596853405791,0.077802448646695,6.0,0.7632592592592593,0.04266666666666667,0.01048888888888889,0.7661037037037037,0,bright_large_objects_many_parts
train,Solar_Array_144_jpg.rf.d0a572a8639314dab6808742a2cf2992.jpg,71e20724df1dbc030bb7df7288b9c486c641e090d6691a721749a2bfdd65671e,0.7851141707771873,0.34148404228635554,0.19282184675628064,4.0,0.607649061683427,0.13096840604956844,0.008512154564890332,0.9411671549608045,0,bright_large_objects_many_parts
train,Solar_Array_145_jpg.rf.8eb42e6306fb25d1abbdd4f1299f2f02.jpg,745dcc73ac9761b4a9e730b86936a38b2a0720c18fb0465740ad0fa6712c7124,0.791197710466106,0.32491211289882005,0.07431434930539599,8.0,0.5441656710473914,0.027220230983671843,0.0038231780167264037,0.7791318199920351,0,bright_large_objects_many_parts
train,Solar_Array_146_jpg.rf.a58d474e4be3e4cfeb01c0560eb92269.jpg,1300d78985a9e934b750a7589e8ac3172c3fa96d0e1c5701b8711299eddc4a52,0.26709504460846445,0.2791588446593377,0.3352396048751532,5.0,0.4132208491761724,0.05228136882129278,0.009010614702154626,0.5261406844106464,0,bright_large_objects_many_parts
train,Solar_Array_147_jpg.rf.463d7fcb6ad3bec08df1063935305321.jpg,e1a90b01ed0e50365750e0de0bc93c7a02d1752af8a43f68c682b4bfeb7bf3d7,0.8717604851300097,0.2088300084695821,0.035992368062337236,10.0,0.3836990347069434,0.0337158827377059,0.022992606687677154,0.672692315315851,0,bright_large_objects_many_parts
train,Solar_Array_148_jpg.rf.04fcd7d16233331ec411524b38b116f1.jpg,ee9fe4866943e3e9db62565b21006964ef84cc89f81c45358049f42f8e103553,0.8474307836057487,0.27798009301122334,0.040532676846373315,2.0,0.38733484109034644,0.19366742054517322,0.0980835614807761,0.6935483870967742,1,bright_large_objects_few_parts
train,Solar_Array_149_jpg.rf.637d490ef121fab333213dac9138f0ec.jpg,f23d0a4bd0e0d2bd8b1812826b7b2d9e6be50ab77b91a59225e9874f5a4de51e,0.9248853716243779,0.15445634494779625,0.02549936444151635,5.0,0.6234000396275013,0.11317614424410542,0.03503071131365167,0.8969486823855757,0,bright_large_objects_many_parts
train,Solar_Array_14_jpg.rf.065665dabb29127fab1e296adadb742d.jpg,176fc4deeb1cd37074000e5526151c58318fb43556d6f4cefd089a3928899694,0.12288234012787673,0.20266469330392103,0.392932876886106,8.0,0.21671716271609337,0.007544703855521891,0.0030891700825758928,0.3604823857898176,2,dark_small_objects_many_parts
train,Solar_Array_150_jpg.rf.850fb38339994d85e079ca258b601610.jpg,6e7a7689f7f82d389c30c7ba9ea3250afc15012f51e1f5b03c9a59ad92d550a0,0.8319776249209361,0.29779055809051264,0.07644418454637715,3.0,0.620383064516129,0.1868951612903226,0.052862903225806446,0.8916028225806452,0,bright_large_objects_many_parts
train,Solar_Array_151_jpg.rf.1a3b531430291b25dbbf52089f227dbd.jpg,456e8bff58c16587ef094c3db93a570e3b3faedc8811ad28c7289c735fdea4aa,0.952239593318809,0.14955019727012592,0.017751981697830498,3.0,0.1695604938271605,0.06558024691358025,0.0326320987654321,0.2933728395061729,2,dark_small_objects_many_parts
train,Solar_Array_152_jpg.rf.9e122c2cb752d33529ef77d2c378fa6b.jpg,fc8bc7ee5bb38f0926b361818610ff58d376ab8f937ad5241e8c270f68cb4ca3,0.6190070222931238,0.3956511084512117,0.3198995253619026,5.0,0.9390498123846016,0.17653715579026782,0.14774960789374417,1.0,0,bright_large_objects_many_parts
train,Solar_Array_153_jpg.rf.db015a73967129be27620866f530f4e9.jpg,85a6ebdcd3fa0e89efa7d579a7aa884eac4051b41c5a75771fc062daf48903c2,0.6831126327349756,0.3821876255485993,0.3032476387771906,5.0,0.7193741279649194,0.16143113414391072,0.01130157464620291,0.8457444688060594,0,bright_large_objects_many_parts
train,Solar_Array_154_jpg.rf.2ca5a74d315dff248dda40e4a87c93d7.jpg,a8d5ca3a000a80bb1e3cecbbeb7c0faeffbfbad5479bfd4f89741c64d072d361,0.7630023177009154,0.33635636657164497,0.039091940487132354,7.0,0.5822021116138762,0.11010558069381599,0.03084067635151226,0.8162260855759308,0,bright_large_objects_many_parts
train,Solar_Array_155_jpg.rf.d05ca9771eb70a79f7401568a0c02da8.jpg,1b2ad1528d2872aa42379af4d8d7bf1904ee9a546c201e79d249d59401969e72,0.7973076079879206,0.29207279468829306,0.15460988961014094,3.0,0.37593085943235927,0.12989028969394392,0.05705774999475572,0.39420192569906237,0,bright_large_objects_many_parts
train,Solar_Array_156_jpg.rf.bc9df375b1e2303f96e5f79e237a917e.jpg,9abad9f7ec3763883a5e59a3943e21e21c0015c4ac99c422e0497c5e87df2cbe,0.6261279609119912,0.4010162933298399,0.35963101854511337,7.0,1.3766378146589375,0.15016278885094894,0.07813864845549115,0.9042325101246724,0,bright_large_objects_many_parts
train,Solar_Array_157_jpg.rf.83175d94ff976a0506453e7568a40611.jpg,efc8e999c28f2e1fc85bf32b5586af1d99c6fb3d1a9d94db44a28d5cf24926d9,0.6907612847222222,0.35008785343187276,0.10979646420946308,8.0,0.5404166666666668,0.061718749999999996,0.03143229166666667,0.5414062499999999,0,bright_large_objects_many_parts
train,Solar_Array_158_jpg.rf.15534bc53469c6f42829cb2ac66ad708.jpg,5230ec2d1e10a0f5735c47365b1645a8d13d5071db19bcdb411dac48a7f6f091,0.43093094883258815,0.2330093034361198,0.427143949620864,3.0,0.37941381023348236,0.09792349726775956,0.08512667660208643,0.6666666666666666,0,bright_large_objects_many_parts
train,Solar_Array_159_jpg.rf.4427c987d64629ea671c3ecf53d70e2d.jpg,fc389b5d1bd95d2e77310804e1d27bb96118272aa51398ece77d78645d8d82c5,0.19399427143406384,0.16102924725926798,0.3687291463216146,3.0,0.47708823529411765,0.1522058823529412,0.11241176470588236,0.6951764705882354,0,bright_large_objects_many_parts
train,Solar_Array_15_jpg.rf.6d3aea5f96c79a1b9741c38471d8347e.jpg,82aa4574e200826c8d062088ed5dd9acf09048c846933d5041d3e817b7705aab,0.17959108929215006,0.16841003009838618,0.19572683596143536,5.0,0.2621559860904123,0.0373571783407849,0.012339791356184798,0.4408941877794336,2,dark_small_objects_many_parts
train,Solar_Array_160_jpg.rf.54fcf6ab225749d8420fac6a77ee16e8.jpg,d19b2fdfa8a4730196d997fa53d3d7c7621604684dbc34dc361b9285a8ad0e96,0.86288457406492,0.2749289252161,0.05644688699759689,5.0,0.3338487394957983,0.03578823529411765,0.0020168067226890756,0.511109243697479,0,bright_large_objects_many_parts
train,Solar_Array_161_jpg.rf.a16ff06ad8ccee217e10d748985fff41.jpg,c40ad872a5c20db9bc20dd731651918f9b0a10cc7ff68f2c0ca9f6a7d054ed6e,0.8393786433492315,0.2850333120620442,0.1146972282260072,7.0,0.37201907790143085,0.04662162162162162,0.013771860095389507,0.9304054054054054,0,bright_large_objects_many_parts
train,Solar_Array_162_jpg.rf.f03e2f4684b262fdcbacdcde9b5befd5.jpg,11ef7dbad876b2cd4f9cecd6be929afbee96ee2071a45b4a71497beaeed1710a,0.2563838478653873,0.17706099023556962,0.612373082778033,4.0,0.4444503546099291,0.0964804964539007,0.010398936170212767,0.8480939716312057,0,bright_large_objects_many_parts
train,Solar_Array_163_jpg.rf.fb5329479dadea12422dbc7ec11578ab.jpg,c7552586c8d77c4b0061c6ecb0cdd30346ecbe1bb5ae49379d2a1faf3e03bbdc,0.23378716112701675,0.15018780584255945,0.6008013556985294,9.0,0.4267343485617597,0.010032845625559868,0.008360704687966557,0.7920772369861651,0,bright_large_objects_many_parts
train,Solar_Array_164_jpg.rf.ddab5d057aa8073017f4a99b46511eb9.jpg,25acc190cccf329f58cf057c6bb3c38da6d9b64ebec085bb244f02eb1c8743b3,0.08589473225838559,0.1444343094485299,0.3193413528741575,7.0,0.49520145939086296,0.015049968274111675,0.009914340101522843,0.7950507614213199,0,bright_large_objects_many_parts
train,Solar_Array_165_jpg.rf.922fac94f18f55b50ee0e8aadc579239.jpg,c5cc9361fc8fb9e2fcf1467f494cb15d2536a443002532ec409304959e542838,0.9305405760986254,0.19131592591771043,0.034457939746333106,4.0,0.43445031166871795,0.0735002183666177,0.0015881208559971414,0.972724024298249,0,bright_large_objects_many_parts
train,Solar_Array_166_jpg.rf.e442ea6144cf958b111af006d2631880.jpg,df98d47f0689756537d2083a539b8ed199db52441069131c6fddf4aa85c3c6b1,0.1688296177415329,0.18320610528626333,0.21464006012561274,7.0,0.2062299242574454,0.030098742911527934,0.003925922988460165,0.5496688741721854,2,dark_small_objects_many_parts
train,Solar_Array_167_jpg.rf.9c89b38fbb02815bb9e10feb889200ca.jpg,c1ef9e5d34a57e5eb9637f63bd5d70a252f51b00a91f70eac7455ada9f2df1ec,0.17702623177874252,0.16814361026407118,0.18613771924785538,6.0,0.3903428888184986,0.06768688628444726,0.005384859043395629,0.7344072695597087,0,bright_large_objects_many_parts
train,Solar_Array_168_jpg.rf.663759a39173266d502acff6726348ff.jpg,d83688d6abef01b75456ec69c460ba6e2c5999df918effed822f8d1f97d2e8b1,0.8333022709083634,0.3298625891823726,0.08760746974571078,10.0,0.584385363520408,0.031486367984693876,0.0064811862244897964,0.6231345663265305,0,bright_large_objects_many_parts
train,Solar_Array_169_jpg.rf.63a0df0b09ed8bc4056a3df73783cb27.jpg,adde8918ab969bfbc00b4dd4df0e1807944ba02171d0a36ee1636cf935549ee9,0.09760722426470589,0.19626827309610384,0.09920432146857766,8.0,0.564725,0.052226562500000004,0.01021875,0.8259562500000001,0,bright_large_objects_many_parts
train,Solar_Array_16_jpg.rf.53287bd61401b8150114452a44839d65.jpg,2151f9d67761ad94a81a8489b83ad4afe1433a7a3e6cec86b854652cd9fe9551,0.08801362404847837,0.17889536835073572,0.14288319606407016,1.0,0.7428634065218462,0.7428634065218462,0.7428634065218462,0.7428634065218463,1,bright_large_objects_few_parts
train,Solar_Array_170_jpg.rf.25740644f5121e6dc012b8ee7d96b675.jpg,23c7e8143ad45edbfd145dd030231bdf1e805927715c2f68d965654587af1f63,0.381535,0.12301283891753936,0.36679484049479166,5.0,0.42262500000000003,0.08671875000000001,0.00285,0.5381055,0,bright_large_objects_many_parts
train,Solar_Array_171_jpg.rf.dd7c9cd6d53c54e66457994c2e586562.jpg,002c1acf36e41f1f15fc89768f2f0a8f2902983d5057dee2b0186d5bc8aabb2a,0.8057874303820018,0.30103831853881086,0.10036109475528493,7.0,0.49299190838784074,0.004453368854251576,0.00238573331477763,0.7222509393824927,0,bright_large_objects_many_parts
train,Solar_Array_172_jpg.rf.0026dea7cbc03e77c07b8679aa883b4c.jpg,d917f19f6d3650df175bfb3ba7bae2e1d254dea6c8ac427569c6cb08a3dff3f3,0.8015605876108406,0.31674788393353037,0.1210364397834329,4.0,0.6202229299363058,0.17754777070063693,0.008359872611464968,0.7245222929936306,0,bright_large_objects_many_parts
train,Solar_Array_173_jpg.rf.f8666a938366eb88da7b04461b88d4b5.jpg,c5fe713da0cd88adad05e33b4e49083748932fc8a0720da7c3969a55c6daeb9e,0.16745617930901033,0.24703488923294364,0.5231169457529106,3.0,0.7468442224996531,0.19539068228206805,0.19309196837286724,0.633018250995779,0,bright_large_objects_many_parts
train,Solar_Array_174_jpg.rf.776cb4259fd9d26bf4ee360d22f2846a.jpg,063c5af8dc788146f4e009a31dded69d4047b17e5897e89572c9d1a4a4194383,0.12355032679738562,0.22278722903650286,0.23840936398973653,3.0,0.8876306306306306,0.2594594594594595,0.2552792792792793,0.6693153153153152,1,bright_large_objects_few_parts
train,Solar_Array_175_jpg.rf.143d57b6de677d8177083d4defe2ace0.jpg,2077ab15f768204781b7910f8bff9e72bfad2a3acbee77245c2b64f54c889b53,0.3062803149254493,0.29660113666035015,0.23036606732536766,6.0,0.6664762369791666,0.08095947265625,0.013924153645833333,0.77578125,0,bright_large_objects_many_parts
train,Solar_Array_176_jpg.rf.6b0687e4ae8be0a9be2401d9153c5213.jpg,135309ba414b826c3dd43c5f196cb96f230a2078810121106fdaf89af4e37ba6,0.25149609358306424,0.3209845817332467,0.3250746483896293,7.0,0.5212205270457698,0.008123637804636418,0.0017832375668714088,0.7925698434713692,0,bright_large_objects_many_parts
train,Solar_Array_177_jpg.rf.a7b9621a033df7d3de3ab2f57bfa2d10.jpg,f246e4dd4026f72fb31c03bd78018c974a30779ef3fd69f91a6d003953f3b0de,0.8427061029411764,0.27351430891249945,0.056222451901903336,5.0,0.849775,0.219075,0.0027625,0.7544625,0,bright_large_objects_many_parts
train,Solar_Array_178_jpg.rf.6e34a714386f50908742e07c4b4aef6f.jpg,3576bb885a78619996417f30f27b5e34f766318157947ce059d3be71b5e3bbd5,0.5154365430585814,0.25676776707458554,0.41633211023667277,4.0,0.570306712962963,0.11296874999999999,0.005752314814814814,0.429782986111111,0,bright_large_objects_many_parts
train,Solar_Array_179_jpg.rf.4dea523a41afc3c3daeacac983bc3a87.jpg,0afdf0e13815de3ab87669090a8999e66256e77363f53350352f34a51fcd063c,0.25789413217138707,0.25698120773261657,0.27104979870366114,5.0,0.17001574074074072,0.031407407407407405,0.007066666666666666,0.25638148148148143,2,dark_small_objects_many_parts
train,Solar_Array_17_jpg.rf.853f18617ab04ef9364b41e11c8f32c1.jpg,46c9f5d5eafdc402cbd09a34891772f5debaead82961de70025920061f25591d,0.24084815646937788,0.2138163090253675,0.25103843539368875,3.0,0.15630449459876544,0.05310715663580247,0.01801215277777778,0.2757426697530864,2,dark_small_objects_many_parts
train,Solar_Array_180_jpg.rf.4a019bc00abae2886e033c6955b5828f.jpg,4d1b042bfca09657c621c4411bc29a49cf80353dd6d0afafbe6f62af212c0ca5,0.19083333333333333,0.24388354508536153,0.31900482177734374,3.0,0.2351984126984127,0.07503968253968255,0.07503968253968255,0.48555555555555563,0,bright_large_objects_many_parts
train,Solar_Array_181_jpg.rf.426bb3bb737240e32d979440b2209056.jpg,2b1be6536a99f034c2c9457349f34cee04ac3775bcdbec6783c68498bb0848b9,0.20581678841267653,0.20506748204807781,0.3822609097349877,8.0,0.2987569993248878,0.006423493904134069,0.003871966959215281,0.4890194988284817,0,bright_large_objects_many_parts
train,Solar_Array_182_jpg.rf.823c866e8b70ee7b8e7505c27189a24d.jpg,be3da3681c9f0f9c70548eb37627ed5427dd09cf7b90541ea1cdb429d138498d,0.2306262343720467,0.22887561645689192,0.2472167819154029,2.0,0.177405697610448,0.088702848805224,0.061482526849570646,0.1939962207285861,2,dark_small_objects_many_parts
train,Solar_Array_183_jpg.rf.dd032dee83042d62082f3308a42efe40.jpg,19c270df2677cb5b85f38a26e20c6bdcc12fd48ccc5f4d364c869f07b80db61c,0.062471799437884196,0.10349428949992548,0.02439748165654201,6.0,0.09403111468547111,0.013031471529689972,0.004804081871781079,0.18606496695196448,2,dark_small_objects_many_parts
train,Solar_Array_184_jpg.rf.1c6baa6c7b5d5ae29f2579c7e25f1513.jpg,772ab2328004561f67b012b3f5967e0fc0020570276383a98f212729800d0ec1,0.06078874883286648,0.08322360718018117,0.28144279928768384,4.0,0.308531746031746,0.06722222222222221,0.032539682539682535,0.6133333333333334,2,dark_small_objects_many_parts
train,Solar_Array_185_jpg.rf.ba3dad02bda80a15273aa0ea7965f438.jpg,8d1aa2877e7bed8d19946e0d191c8214dd2b987692699f5f42f64d025a26e26d,0.056154548062152636,0.1846651236021764,0.05631900488161573,9.0,0.3299252942467041,0.02353973632481379,0.00044211800007534844,0.9948264437535042,0,bright_large_objects_many_parts
train,Solar_Array_186_jpg.rf.2538a1f7b47fd3c57b74774ce02c5fec.jpg,326343b8d68d6a95dc8ce8354b7edd5c475cbbc7575b2313c04dcc4d583fbf68,0.8296623783881042,0.27852576138096613,0.0,7.0,0.5718314894631259,0.05684549228355215,0.005005263471507737,0.821240590303295,0,bright_large_objects_many_parts
train,Solar_Array_187_jpg.rf.b5a4fcfd1803691aca9f8c4f9078dd20.jpg,4d45103e5bbf6235aebdc032d8728794cc285d57127c4ab1308c41d2c43be356,0.8259968867542252,0.27949004877736117,0.07293979420381434,4.0,0.44482163063545943,0.09319476703789728,0.072618267722788,0.6823298195461854,0,bright_large_objects_many_parts
train,Solar_Array_188_jpg.rf.1bf5c316f0216b412605caf2f54e4218.jpg,a88c39443f0495beeba7547578cb0a93fddf9a99bd2960a1c53ab352cab77f42,0.7859983002488922,0.2513365362286428,0.05185587265912224,5.0,0.4699531634516155,0.05556878621894101,0.0009526077637532746,0.9789830912121934,0,bright_large_objects_many_parts
train,Solar_Array_189_jpg.rf.dcd1f3e2f88c76315a83875f3484abcb.jpg,15080b2d8b930382eb5e05cc7c7ee8c63dbda47833e6f2f3e3b4a2d8431096d9,0.8288150075414781,0.3013085784521634,0.08253748276654412,10.0,0.29688461538461536,0.024538461538461537,0.0052307692307692315,0.6333846153846153,0,bright_large_objects_many_parts
train,Solar_Array_18_jpg.rf.4f6df6720db123947ef6ac5e36e0bbed.jpg,52970e3e13bcd80281680fd51b138e188ef24fe9586e7a0d5741ad4cf60d7fb0,0.23273933737227284,0.1192459138458164,0.31135466332529105,9.0,0.367303036971831,0.005314700704225352,0.0011223591549295773,0.7904929577464789,0,bright_large_objects_many_parts
train,Solar_Array_190_jpg.rf.ff2985dbac191f628b3a9d4c06ec812b.jpg,e2aa2ece326561fbabc9f68de8c31faf2f9e6e71a739a046b7f8ad9b7814b451,0.884398741224885,0.2043643171965512,0.04393907434800092,5.0,0.3696,0.07604938271604939,0.0026074074074074077,0.7032098765432099,0,bright_large_objects_many_parts
train,Solar_Array_191_jpg.rf.fa7bd9a2e45b93bd82c6a65e5cc7b76f.jpg,291638a7d9b7ac00d7e74289b1cdc4a317f5b26705f8bf4d4655b18e4ad56a3e,0.8437673485872501,0.2698781930057208,0.04903968362247243,5.0,0.4461443822677303,0.04698972099853157,0.0013890542524903759,0.8419057824344167,0,bright_large_objects_many_parts
train,Solar_Array_192_jpg.rf.97fcde50ff95013d01869074fbe572ac.jpg,d8dc537b097ab676583ce3f4ba8264fd1953335df14aa7c5389d5508f3c299c7,0.22384387997623292,0.12366682729092081,0.9043206308402267,6.0,0.49951704545454545,0.016834280303030306,0.0015416666666666669,0.3407045454545455,0,bright_large_objects_many_parts
train,Solar_Array_193_jpg.rf.5def3c76c1cb98b8ba796e55ce1f99c0.jpg,aeb7ce2874b1d245ef7ce6dee601c382a86d00621a0ef1764ed651fb5cbf4395,0.1596721910986617,0.288958576643361,0.8002603568282782,4.0,0.6593650793650794,0.17302579365079365,0.023035714285714288,0.4441468253968254,0,bright_large_objects_many_parts
train,Solar_Array_194_jpg.rf.347e8dcac8ea94892ac60cabeef35932.jpg,fab5a3b493c3f82a138ddbaf61141600fcb2a327b9310fe52827dcb2ab8ef19e,0.3002720977279801,0.27312554441737835,0.24461539773380056,5.0,0.5448214285714286,0.0030952380952380953,0.0017857142857142854,0.6740476190476189,0,bright_large_objects_many_parts
train,Solar_Array_195_jpg.rf.d7b8ec5a55858dcb1200dcd952fdfef4.jpg,065d6171d5994db785346cf4db7f5a62b5e2ec03bc92b67e50ee8b5ae8abcaed,0.7268925384525068,0.3767810740160797,0.23367176429898132,5.0,0.9707265157185628,0.029103901571856286,0.002555436002994012,0.6322277320359282,0,bright_large_objects_many_parts
train,Solar_Array_196_jpg.rf.2d6e73b22488599decfd0c5a0c5806bd.jpg,5114a0fb7b96ce7c7b142c65a2e7f2259e62f426f3be7465719f38b090ab2c10,0.1557643985493884,0.16735146981969654,0.3912984810623468,13.0,0.3798095008439836,0.012163009404388714,0.004991560163973957,0.6670882565710152,0,bright_large_objects_many_parts
train,Solar_Array_197_jpg.rf.d8ed440acb94592e67d28a53ef84c802.jpg,112bc3ac400bec3d4a66545f16711f584b1d06fc30653d18ea105dd9c3462380,0.08849476824730375,0.16471154522838444,0.8281314027075674,18.0,0.41847600675186886,0.003134796238244514,0.00027730889799855316,0.5884253677357125,0,bright_large_objects_many_parts
train,Solar_Array_198_jpg.rf.a035b68adc194df3b75eff6f2527ed33.jpg,d9df9e47d7949ff0b8fe37f84a2392839c8639148b1c872a6aa7995785f8037a,0.17850856600754986,0.2570780087195524,0.2994141223383885,10.0,0.5121258751768322,0.017836781766917907,0.00446940515745832,0.5585710971932266,0,bright_large_objects_many_parts
train,Solar_Array_199_jpg.rf.685765bfe0df6f18aea8f553c3c5350a.jpg,252ebba21dd5f0e98235f69e1753efdd5b7f054208c1a07a2ba9f16a94a3b08e,0.10556085466594045,0.20911307058444398,0.16207936604817708,13.0,0.3504123263888889,0.021538387345679012,0.008431712962962962,0.6071325231481481,0,bright_large_objects_many_parts
train,Solar_Array_19_jpg.rf.b6707838c4d65d8907e7eef80566fd05.jpg,2bd3f3726432d32032d75b98071f9749e45fa2efc0b43970caddb0381dfaf145,0.11475897671568629,0.2265525976834284,0.09232536764705883,9.0,0.34950000000000003,0.0271171875,0.0193359375,0.5778671875,0,bright_large_objects_many_parts
train,Solar_Array_1_jpg.rf.0a90ba2e02313323cee6782ee5ea6017.jpg,71fba313b3abf4f737e1c91350ffbdd5242375fa3316eafc7a63f2a684581742,0.09102841281368515,0.1653582528131169,0.4155868231081495,8.0,0.2706139917695473,0.00011687242798353909,5.761316872427983e-05,0.4770716049382715,2,dark_small_objects_many_parts
train,Solar_Array_283_jpg.rf.2311a10f299160fd3cb3c8928ecce695.jpg,64051e6a8ff8406f00b3bb3c627e4c4cce51cf5ba8e14349a30c20e8e992c0f5,0.5200427176807959,0.30638178821347495,0.1992885664397595,5.0,0.03964618926450987,0.009362252110343713,0.0013934326911426147,0.07517266448564155,2,dark_small_objects_many_parts
train,Solar_Array_284_jpg.rf.24331b96d9bead1fec9936bd9236c59b.jpg,50d1b5a24cbb2fd3fcad6300508653550a2c8243bee2959530bccd9b374adfbc,0.38903339606352516,0.3200575043286867,0.18754060034658396,6.0,0.15936807095343683,0.017025657269559707,0.004889927146024708,0.23566677225213814,2,dark_small_objects_many_parts
train,Solar_Array_285_jpg.rf.124c3deaad94e8ba2ccef76f9756f7a8.jpg,338e9555973d7357e826cc14996b43b13a971a2c185a4c9259cdf8141a258484,0.3012386399004046,0.21458362143639514,0.45459561815448835,9.0,0.40382936507936507,0.008571428571428572,0.000496031746031746,0.9666666666666667,0,bright_large_objects_many_parts
train,Solar_Array_286_jpg.rf.9574f41ff067bdeedf65c03f0d5f0ff4.jpg,8bf204ad37ef38b938106770ee408c8208a9c4825f96a2c680bd7f08207eb1e7,0.05575478797985192,0.10443569212868292,0.6417893353630515,7.0,0.220078834209269,0.003503742634177417,0.0004976907150820194,0.331402293358815,2,dark_small_objects_many_parts
train,Solar_Array_287_jpg.rf.f9065a20915fba62bc80b0c94ae01985.jpg,0b9c298b9fde887117a894f115e8b9dd43f2faa6ea68863283abea7fcb7a81e4,0.05821484326214563,0.15499610179015866,0.24642914416743258,6.0,0.1714968152866242,0.027886146496815284,0.007105891719745222,0.44406847133757954,2,dark_small_objects_many_parts
train,Solar_Array_288_jpg.rf.ba377755e38000d59dbb9a6fd52a21eb.jpg,a45b6e60eb371db8e9ec440d359254597e762f04476853b9bc0ff724bd6ea844,0.10167506379637506,0.17804979449585578,0.7689565022786459,6.0,0.43707293818528525,0.025891863975846176,0.000715080247894486,0.9557047513109805,0,bright_large_objects_many_parts
train,Solar_Array_289_jpg.rf.c81e4460a64a66d45f3634b936232e6b.jpg,c8a9ce60095ea0670aa800d6fbdde4ad5b54a8c6cbe2ea99c7356b43edf842d8,0.3768544409649868,0.25440799330814706,0.4771048751531863,4.0,0.4071640609538888,0.07656837522264001,0.018523649317237285,0.2425687710271126,0,bright_large_objects_many_parts
train,Solar_Array_290_jpg.rf.382bf8e12c76a14995d3ff8888ea501a.jpg,af66f02791dfb13a77c1c50bf0b3e087f79c999ffe5e28e122c781575477d611,0.40724118194926745,0.25773357293246346,0.25693164900237436,8.0,0.3671402809979589,0.005627885777698512,0.0013871549452073796,0.42335968927729223,0,bright_large_objects_many_parts
train,Solar_Array_291_jpg.rf.d2fd86047232d804863cc059436ac00f.jpg,1de772c21fc810c02c56320d68227671999539d0779d3fa67ed3ad1285cf2137,0.3275369592281357,0.15924482723192662,0.41726861093558515,2.0,0.2510515873015873,0.12552579365079364,0.04255952380952381,0.26428571428571435,2,dark_small_objects_many_parts
train,Solar_Array_292_jpg.rf.fc9130de5dcc7181be46d0324abffd03.jpg,29e13c77865922c61a0ede0d99f1de60172c7ac416fc9351336954551de8e4a1,0.3464289161202747,0.32525054634074263,0.49329822016697306,6.0,0.6364322006986345,0.06491147983486822,0.01923229596697364,0.7459510955859002,0,bright_large_objects_many_parts
train,Solar_Array_293_jpg.rf.86e827b4b396ba406c8ad12628f6563c.jpg,8fa02dfe322b636d062a7570b1c9c97aa44a15060c3b7c8cfc96ea8271f088d2,0.2534888713557952,0.28764310694980744,0.4057737761852788,7.0,0.27779433681073024,0.002384500745156483,0.0009538002980625931,0.4136910084451068,0,bright_large_objects_many_parts
train,Solar_Array_294_jpg.rf.c527d6f7053072fa63f15fdf86a2854e.jpg,e43ddcc2a524ba80763f9dbb8b13fabf2fbd4f7e60895a745a578145f617bf61,0.8486936819172113,0.2597224699588971,0.09273500629499846,3.0,0.9529283950617284,0.2035358024691358,0.011614814814814816,0.8577777777777778,0,bright_large_objects_many_parts
train,Solar_Array_295_jpg.rf.d3b4ad1eb25eb06bc6bf649d1a226990.jpg,b64afce0dad5b51149ae98afd8631b766071ad7c43c0dd51468bd020681dfa76,0.8078560874497009,0.2727721125969229,0.03599943647197649,7.0,0.522101535768282,0.014800668417283364,0.0009747752049017269,0.9444378133206016,0,bright_large_objects_many_parts
train,Solar_Array_296_jpg.rf.51b71f6deb65345d9bce4d9c73e291de.jpg,47d35902317ae2fe4b769eb5a21ccf56db8e3690bc20bbf01e2a6066f900c309,0.8211272815298959,0.27296075580659507,0.0947213191612094,8.0,0.5660641975308642,0.05061728395061728,0.01645432098765432,0.7300740740740741,0,bright_large_objects_many_parts
train,Solar_Array_297_jpg.rf.f2512ecf77ebc651d0e99bc582a7648c.jpg,3ba014ec9402d016058517d61bd85294032b366d9b1be74540800a058a3a3e7d,0.8094570031469378,0.29083763979282934,0.13572229123583027,11.0,0.5411555555555555,0.04424691358024691,0.0012839506172839506,0.6371555555555556,0,bright_large_objects_many_parts
train,Solar_Array_298_jpg.rf.53f24cfc6ccc452520fe1e69ffbd82ee.jpg,3d34009c7a7956329fb8041e8a03317c044f6773692039aedd5678c7f04814c4,0.7626251465470718,0.33648577743243896,0.17439536300359987,6.0,0.6943807339449543,0.12889512812401138,0.001384055678582727,0.9431350838342297,0,bright_large_objects_many_parts
train,Solar_Array_299_jpg.rf.ccc143203131b76c001161b7713059c7.jpg,3529e5a25b969bc9c1c3db1004927d6c69b09bd812bca3d5cc691f3239b7931a,0.8404673119074235,0.28195438361611597,0.08982415292777267,6.0,0.5394645581911499,0.061034817589124706,0.002833759388066504,0.8016764758337793,0,bright_large_objects_many_parts
train,Solar_Array_300_jpg.rf.ddb80f5238da7c458da567d36da3a762.jpg,43fd2de1a074b080ebc9d3b0189549c999c7ba8153777954727853883ab34f0c,0.8721245720510427,0.2705412716199114,0.05630921382530063,7.0,0.298015873015873,0.029365079365079365,0.004722222222222222,0.46444444444444444,0,bright_large_objects_many_parts
train,Thruster_100_jpg.rf.0a7d225111ddf3bb58cdd2c802ff8324.jpg,aa4d66134d5f2f07aa7446a1ff4a4fe971ac38c099e19b0d2217c33f0b2d991f,0.023171381325319287,0.07449659280963238,0.005894525845845541,5.0,0.2684660637315581,0.049788515739348164,0.04845388675410973,0.39823554790350346,2,dark_small_objects_many_parts
train,Thruster_101_jpg.rf.402843bfc19d237df9c6f5f31b4fce90.jpg,99c8c2f740f61e5cd50061e8b22d6f762f259a87d9eb489f2d6f277956067f0b,0.04962366298271328,0.1935085879432591,0.08453158958285463,7.0,0.2512140016424135,0.042823714730782614,0.001485161156785977,0.28642777748656967,2,dark_small_objects_many_parts
train,Thruster_102_jpg.rf.b9e4f9b16e16e7cc38fecc758eb7f004.jpg,8a84d9016ce79462012bae7a176d5c8a80c7fdf5cc5d866522fe1deb8cca2f44,0.06578400841820599,0.18568546608509193,0.01868868996115292,5.0,0.17199644636552167,0.052074723094726404,0.006679865112421995,0.39395882138685817,2,dark_small_objects_many_parts
train,Thruster_103_jpg.rf.a3512dbbded796d2aac838f77770c086.jpg,3603c0371922e7ed4454663e4ae4edb270e11e19def2ba364b0ff23ce073fd8d,0.012462255942271967,0.06850573402922819,0.008215119791965859,4.0,0.06244397044730904,0.0177856448757908,0.0024112028192525272,0.14343834296336022,2,dark_small_objects_many_parts
train,Thruster_104_jpg.rf.61a5c91d674008ac503f90073e2f7591.jpg,ba56391ed72e19be9e8b15e817f61debb011468b83938ab919f0ea876036376a,0.02054240230634683,0.07968726997616042,0.004592142853082395,5.0,0.09497504794852876,0.007658324227480993,0.003083221442232607,0.1677398804075659,2,dark_small_objects_many_parts
train,Thruster_106_jpg.rf.e3d59a9cbb9cf55852afc5923bd5e88d.jpg,9c6162ad92f2b25ec344c0987ab4b9ead4da872f876b6f5f0784e9a03d961c7d,0.024586520776957888,0.11508249888702252,0.05487559075449027,11.0,0.15098376806218056,0.0026007120709329095,0.0007620691184594107,0.23694032609031657,2,dark_small_objects_many_parts
train,Thruster_107_jpg.rf.4b575c50d79d350f7832eab77b85489f.jpg,939dd2c9d6b8a09a8ce1bdf23b80c3452621683adca144be8f1a8922fc20898f,0.02812845949586955,0.11699730106045687,0.09564681707643995,8.0,0.2219099575687441,0.020799648399856457,0.001360165692911682,0.37172441322693933,2,dark_small_objects_many_parts
train,Thruster_108_jpg.rf.4d3d9d224302ba885c93f94138b19821.jpg,781a93a9fce66bbac8d214494765c9811d3a5d99f8909e91be93e9bff9b85b79,0.027612538939855574,0.13583683601872537,0.022192680134492763,8.0,0.06094133680632558,0.004516637165049118,0.001502633640983459,0.1774384800551593,2,dark_small_objects_many_parts
train,Thruster_109_jpg.rf.479855759ee94e11c64bb72904715b33.jpg,1b182b6787d12a0a7a8abd384bc0849c501ac182a2739e4f70f79c7af1a7eaa2,0.03354234693728303,0.1272176859553497,0.027555282443177467,4.0,0.2631651808334913,0.07520694813494672,0.008924407313175464,0.4815873617489689,2,dark_small_objects_many_parts
train,Thruster_10_jpg.rf.4397715502e1661a53c56cf28bbbc0d4.jpg,c8d50e20bc7691cab7f58711c6db0ff9c406335e0867f3f0fba4b8104ccaaa7d,0.11772722957682213,0.29665280184648823,0.0093812063628552,13.0,0.21629370161308314,0.0003748243011088552,0.00024095847928426407,0.2290592951220782,2,dark_small_objects_many_parts
train,Thruster_110_jpg.rf.5433ce9aa155ed7dcdce7d13fe55bb69.jpg,7d2f41ccd34b1111ccf0959ea115c87c428b4d4640d94687702c1c94757d47a2,0.026060407833080692,0.12690351367972996,0.07830842710008808,5.0,0.2403958458496802,0.037251336309031796,0.00043277999319917156,0.5021215627927482,2,dark_small_objects_many_parts
train,Thruster_111_jpg.rf.8ec1f053b0357d84d947bd6766eef326.jpg,38540e447dd1bda14411d193a734ad25c4f861f35400af93e34946211515e7ac,0.03227803088166463,0.14257880422450417,0.051453594132965685,5.0,0.14393799949863878,0.026480987716650275,0.002580432537992136,0.23424262026095322,2,dark_small_objects_many_parts
train,Thruster_112_jpg.rf.c8fe111615851153844a93697ec6a12b.jpg,79b808f9ee631f66bb39a919439bdf9b43774bc527cb8f51e51ec10d35a3d35d,0.03483757852502116,0.13409273389802875,0.02633808547375249,6.0,0.1723876188322491,0.01761513339538993,0.003975829481091144,0.2203009219086085,2,dark_small_objects_many_parts
train,Thruster_113_jpg.rf.11b7546249c89682ac18852829fd8356.jpg,fee2ac21e96a559eaa38c80d87270682258b8a0dd5dbcd630414b10e377347ac,0.06520950873166302,0.19712692535312876,0.0190546895943436,5.0,0.24987948047759034,0.039127210766293795,0.0016688666957666532,0.3262704510673209,2,dark_small_objects_many_parts
train,Thruster_114_jpg.rf.d25dacda60020c7d13f46dce347a4c30.jpg,e2aa081fb4c8a3ef1871c56cd4dfbd8b981954a6c4fe9b497e96a98ed291411c,0.019264844146817513,0.11244378837428581,0.037734521604051774,6.0,0.16894821078908295,0.025151328694865607,0.003954793346270556,0.2656863827840273,2,dark_small_objects_many_parts
train,Thruster_115_jpg.rf.3b8ca4a714e8363a6fa92fbfa64b4ca1.jpg,8c9562b5b3e30efdf9608c524c6268180ff7d29ca5967a3cd3f539ff7322c2b9,0.020063818545875807,0.10397629357292199,0.03909195918662875,7.0,0.09251516792971128,0.011864380038811668,0.0008204092580029346,0.15609863843617375,2,dark_small_objects_many_parts
train,Thruster_116_jpg.rf.deb75dfdfb56debbe0199e1465c023b4.jpg,d1b254f68076c4c7e0ca8fc82b77b8b318282deef67992fbaad1a6d48fffc89d,0.16122329523696194,0.2485181118067106,0.15693778243719364,7.0,0.7770695612388179,0.0677801794031698,0.0071768279962906275,0.9199943202435985,0,bright_large_objects_many_parts
train,Thruster_117_jpg.rf.4f4acf352319de531f240ad44cceafe7.jpg,916fef865dc48ab641f0f7dafd314c0cb2c4125e35f577170acd18f1b0e45125,0.019246667826403902,0.11383463445261725,0.05087332258037492,7.0,0.13715384601899913,0.009844911096035214,0.0016303004485955749,0.26983050134368314,2,dark_small_objects_many_parts
train,Thruster_118_jpg.rf.b2e40dae320147a420f4451b577361ab.jpg,ff9ea37f1101ad8aaa6ba40a2400d3ec119fe1bf8c5bad5e91baf1b87dc1cfaf,0.05643840294901862,0.19028370276648449,0.1332383398916207,7.0,0.3765135060750604,0.03205906946657621,0.002191264043811257,0.773460111105852,0,bright_large_objects_many_parts
train,Thruster_119_jpg.rf.70b55e889ed376b916980a3e8f16772d.jpg,fe350996a86a8e652bd7dda3461f0b445793ec2ab7539016c2b574658251dae0,0.025068301270585982,0.12724377721754748,0.029790425768085556,18.0,0.05528997435344563,0.0001332288538637244,7.012044940196021e-05,0.09163340327848161,2,dark_small_objects_many_parts
train,Thruster_11_jpg.rf.8e221b6cfca125f663a3cbcbc5b1f62b.jpg,11f86537db10aa3a463359d8e6e0e11c49d70a2a2c0ad2e355fbc8d8669de963,0.07822577331208395,0.23885328901683145,0.0056656421399584,13.0,0.17268988494976312,0.00028260562385191464,8.031949309475469e-05,0.15673084789124145,2,dark_small_objects_many_parts
train,Thruster_120_jpg.rf.bdddc3fd9aae499a2ba4936ffba884a1.jpg,10a1dcedad95a9763528dd5e213bdd4b90c372f92e4d4119925806f42f90c79a,0.10281945733852954,0.2182743248150163,0.1671160529641544,11.0,0.2723127652525125,0.0032606008971911497,0.00036813235936029116,0.580723537857154,2,dark_small_objects_many_parts
train,Thruster_121_jpg.rf.4a549ed367522d495131cef75c3af389.jpg,3ce11cf518dd9c2f2e2bcbae9c68ccf292809cac5af7b9c110699cc613af61eb,0.04582340432925717,0.1382266184992826,0.11180651047650506,10.0,0.16035144369240262,0.006038247199126299,0.0013989029655691063,0.30474347310091915,2,dark_small_objects_many_parts
train,Thruster_122_jpg.rf.c0c9c4a4d4ace7a4fa1b34516cdfecbd.jpg,e69cf6bde4b0936ce451d48d6f1e3e4cb4d0589da22569ab099d5b61a8e6e1f7,0.056678242384188775,0.16494833367696113,0.0908952002431832,6.0,0.25348717759932127,0.01604180581193345,0.005416804716301426,0.1917654050244808,2,dark_small_objects_many_parts
train,Thruster_123_jpg.rf.0d07ceb35372e62d21784ae0a9d9f4b3.jpg,750a9d332db99f66f6d589269e4f3c29ff0859e359947599cecb08fe9975c303,0.05363295938853868,0.16284444216784397,0.08870080686083028,6.0,0.21649688752855217,0.009858935185915607,0.002760992695202184,0.15101665886576668,2,dark_small_objects_many_parts
train,Thruster_124_jpg.rf.14f6fe3f38a2de12b744f26b44f7ae19.jpg,20ab221e4d59a171a9f481ef315fda13173d324936eceff328c7d4d03ddceaa8,0.036324578898343805,0.11857986401314925,0.06583793490540747,4.0,0.15367422389810095,0.003915350593481953,0.0030923118186264456,0.14275121089251064,2,dark_small_objects_many_parts
train,Thruster_125_jpg.rf.f2ff51058f277ec01f1b1ac22a4f8374.jpg,233cc8d9088ed26c5c9ab7ae66243cddfe77c2bae2d92dbf35636887679f3707,0.06065194762813627,0.17190706309597373,0.07450803868910845,7.0,0.24974274560125656,0.02346230236989589,0.0026663300885095375,0.1839259387813417,2,dark_small_objects_many_parts
train,Thruster_126_jpg.rf.9832eb6648ac5bc063d0c49d7765a00b.jpg,b6b41d64466e819b116b1ffb13420bfd3e4b156c13c05d4298d8bf04a0645cae,0.05125226701303419,0.15179676747398585,0.12326809004241344,5.0,0.40224595799434476,0.013463126285176362,0.002313974830264687,0.43446981051701555,2,dark_small_objects_many_parts
train,Thruster_127_jpg.rf.8f8d1799d5b5a5df2cb275d7c3fb17f4.jpg,76ef1c023af2c001c84749cd4d7f29d7b9535a066bd95108f30c8e6c1d94da2e,0.07651720114776177,0.19522794943608784,0.08903431611902574,3.0,0.029688998276789953,0.00983439302862492,0.006347653682112448,0.250940052274795,2,dark_small_objects_many_parts
train,Thruster_128_jpg.rf.d9a9c271044d3a4f9aecb4aad9c48d1e.jpg,6efd51222ad5717c78b5df8a967ba1132389f6d58d3679c159a0b55dc61af6d3,0.06932692652411523,0.20866902173506258,0.06804467743518305,11.0,0.14734585333957406,0.001332288538637244,3.1554202230882095e-05,0.6268557815187038,2,dark_small_objects_many_parts
train,Thruster_129_jpg.rf.5adf0883fadfdd8b3b57d4ca2b3b9e3f.jpg,9734c4cbb578f771f3845f606891d515f7e6da2090992c2746983effa2aae880,0.03650084933394338,0.14856460566738275,0.053980352364334405,16.0,0.09834217727501415,0.0004654244829055109,4.908431458137215e-05,0.6653992395437263,2,dark_small_objects_many_parts
train,Thruster_130_jpg.rf.c852de7810a661922efac02c467c62c7.jpg,1202a524223db99786db080531797dd126fae6b3ec63c3fcb846b1b8a946b4e6,0.0977726961075623,0.22344310396328626,0.09803688198912378,14.0,0.1772960502903863,0.0011604934376024416,7.362647187205824e-05,0.6590621039290241,2,dark_small_objects_many_parts
train,Thruster_131_jpg.rf.dd140ffed4cf5f0208108c93112ba415.jpg,7b200cf600bacc84eba12ba1f07b95e6525f652dea0e958d5f0d17cca16563c0,0.0364606331938452,0.12399539725152708,0.08193756552303538,4.0,0.31522998630898225,0.06846385378483891,0.0021036134820588068,0.19487875297792784,2,dark_small_objects_many_parts
train,Thruster_133_jpg.rf.57daa49f65baac5e0464a02fb2505b93.jpg,d561120dd85ee5f53d18df021d3cd50731b9fcaf0d86dfbf75dbe8c29f7bcf54,0.11695613866208877,0.18452187196484185,0.34150953105851717,11.0,0.7303973901168733,0.005017118154710254,0.002931034785001937,0.41896968517671235,0,bright_large_objects_many_parts
train,Thruster_134_jpg.rf.de24bf39407c0a6200f7ff969c4ceb3d.jpg,9d1bcd521e01b3bb075a7ac250979665655723543b284e315886fc0dc5b61ad3,0.1281394429005915,0.18240050751276204,0.38968407126034005,9.0,1.1147293263002525,0.030695226725708083,0.002804817976078409,0.5663453397072823,0,bright_large_objects_many_parts
train,Thruster_135_jpg.rf.faf760c188955fa631935c814fd8b93f.jpg,ab432d0df178d7af55b7a957883b769db7f47bbbf3ad0f41eec0bb6161f2f3e9,0.02435144341742047,0.12201424864869118,0.08132118524289599,5.0,0.20783525901617503,0.02456319342550666,0.00315542022308821,0.3867843989012125,2,dark_small_objects_many_parts
train,Thruster_136_jpg.rf.9d3dcd7306b1ece0309fb7dadef71f5d.jpg,58b30dd034ef60bb5991234efb5b41b98f4a2b900a019e1c2e2af305bcd22141,0.011167973983388398,0.08515367998753327,0.040595084545659084,4.0,0.04103974602373227,0.012097530533073187,0.001935324403494102,0.09472718762654546,2,dark_small_objects_many_parts
train,Thruster_137_jpg.rf.864aed3ac0e68446df80c2ae27ac215f.jpg,5f5ce67f44caff69d1a3874d696549a4acd74c298353708327318d01403534db,0.0647533545846417,0.19568606632271734,0.13748910941329656,3.0,0.3524376497728974,0.1139615073793008,0.10835713046084912,0.31675335307223984,2,dark_small_objects_many_parts
train,Thruster_138_jpg.rf.48bf5117fb5444cbcb3464efd8b203f1.jpg,92f5bf01288994391370457587618a61efb7fdef9662f360d5a25555d2ed7a1c,0.027526737975726433,0.12024066395261579,0.06677970886230469,3.0,0.11109182798752557,0.025748229020399794,0.02464383194231892,0.1974486674485097,2,dark_small_objects_many_parts
train,Thruster_139_jpg.rf.55a2551f27f999373c27621ab31c0f9a.jpg,90c8159b40d0ee625e49862426a29c35c06ecdfae3051afae3820d434f845f81,0.07976973131871783,0.22128462817918798,0.22442436966241575,27.0,0.37235361041428916,0.011201741791963144,7.012044940196021e-05,0.7585209493607645,0,bright_large_objects_many_parts
train,Thruster_13_jpg.rf.49128dc3635b11562e2a79ac4e96cc18.jpg,cbd9731d471d3cc43fa09632d15a773132110a88bccef97bba58c730819bc666,0.017574427136672774,0.10411333530449157,0.0445708667530733,10.0,0.11153030945315813,0.007577921063787063,0.00017997516045306142,0.18340733138484197,2,dark_small_objects_many_parts
train,Thruster_140_jpg.rf.e61f40818f18777dbc48ffa0cc88817e.jpg,270ba4a4dd242b2660bdbcacd051d8c5b4f3a92aa2fd1384edb6152a0f004db3,0.07480890201103729,0.2085090538727756,0.2140364403818168,28.0,0.364591276665492,0.009013983770621986,0.00017354811226985155,0.8990318118948825,0,bright_large_objects_many_parts
train,Thruster_141_jpg.rf.a78cfc150b7277a5f0fb5cdef2a706ee.jpg,f3c47089e286441ee4ae2e995daa1b02bed71977e81aac76329fa1f554d199a4,0.09136520630862684,0.258519457530125,0.04266524221382889,5.0,0.22598243132140233,0.01538793262126017,0.005679756401558778,0.1861382389599735,2,dark_small_objects_many_parts
train,Thruster_142_jpg.rf.9ed292df6ff449df12615e538743a71c.jpg,b77076730a109e3f77605464afc7c89a4c4e57569d435ce4ae3867e30acb350b,0.1157644691227179,0.2886009589994467,0.09209605198280484,5.0,0.26686791235645024,0.031470057691599745,0.02855129398524315,0.2928229967025858,2,dark_small_objects_many_parts
train,Thruster_143_jpg.rf.cda3cfe0b7842fa67201fb2344dfac8b.jpg,363297b246cfc53c64b033f45f429704d26a3b3a8d74d6442d9000f27610dce7,0.12331212430348308,0.2863020982925979,0.13318693871591605,5.0,0.27748414839590707,0.03477273085843207,0.03219931036538013,0.31566823911774444,2,dark_small_objects_many_parts
train,Thruster_145_jpg.rf.98a50ad235b267900053c3709aaaa17b.jpg,abccb49b97be8642a4b1d9e1f0f81ef48a5e2352df4d31da2a65cd04eb7bb962,0.10355128797000852,0.25961565235142253,0.05352986279655905,3.0,0.41798975189631987,0.13700834608649007,0.09353542046850978,0.2978085606550653,2,dark_small_objects_many_parts
train,Thruster_146_jpg.rf.9531b6a70398a3e26f159e271328cd02.jpg,ce2792c050a1668e97be8a6b0353b07639a0fece9e45235825169ef26ee0f94d,0.1208573517355516,0.29730844075044177,0.06677953682693781,8.0,0.2687068211420167,0.017348675687662483,0.0019984328079558663,0.3332807429962819,2,dark_small_objects_many_parts
train,Thruster_147_jpg.rf.8164d73782ddbeea9bc503b13c7014be.jpg,e9e4745e72b424aab724ddcbd7572072a98ad29a375b433332bd4b4da8c6f6b9,0.08878291076653784,0.2181118929635058,0.04621901418648514,5.0,0.3056936051903157,0.05966899641859805,0.006095220064265392,0.21527153267525295,2,dark_small_objects_many_parts
train,Thruster_148_jpg.rf.cfae77efe60c9f243385e84adcdf86b5.jpg,528bfaf6ee33bb3459074c491cf789eecf4b9e293d94b277a752becd518c2a97,0.13912095835955546,0.27775936781517313,0.0729459051992379,13.0,0.41749189670556597,0.0006310840446176419,8.589755051740127e-05,0.5144807493071223,0,bright_large_objects_many_parts
train,Thruster_149_jpg.rf.42db016794d067660ea614ce09ba4bc5.jpg,df9d1289af256b12e19e222277ed77b4545700ee8c889105df844ecc01dafb9e,0.19194220480072782,0.32889048801113574,0.0478390375773112,11.0,0.5643819671240272,0.0004908431458137215,0.00021036134820588063,0.4813348128748156,0,bright_large_objects_many_parts
train,Thruster_14_jpg.rf.d753ee870cd02c6a25b745a8cdafb20d.jpg,d7452909cbb019f57fb28ba8af2186bd57adadb002f45645fb1b6ed9273112f9,0.05636392138197358,0.1749105810453893,0.023888440225638595,5.0,0.1464938310167109,0.020906866572960592,0.012702379093133428,0.2264147014420324,2,dark_small_objects_many_parts
train,Thruster_150_jpg.rf.79711862677a24470d9cbe53cc7cd9a0.jpg,74724c5368f3c0883a0aee8852f696eb97312037fb26b1bdbd6ef9058356ec3f,0.2884955131677439,0.3467851319932954,0.13381408990598193,13.0,0.8442116445524299,0.0015426498868431249,0.0006854273929041611,0.8111533586818758,0,bright_large_objects_many_parts
train,Thruster_151_jpg.rf.de7062727aba586464288918003a94c3.jpg,3e95145a4abb6e22014c4fc25d135e9540c536f9b5bbd89a0255929972bdc7e0,0.1500122040517452,0.25568151046458937,0.21588202083812041,11.0,0.381649828993754,0.0038566247171078123,0.00017354811226985152,0.40848317196864914,0,bright_large_objects_many_parts
train,Thruster_152_jpg.rf.c0c3724a9ace5cab3974eec9bd94ffe2.jpg,7108f6b0d50be9efb1944c9500c1cd82f563cfa28a87fa30463c893ef536df7e,0.04600483755480781,0.1318629464715973,0.0497521718343099,8.0,0.2746460232063627,0.0202648098771665,0.0031238660208573275,0.32106400769922533,2,dark_small_objects_many_parts
train,Thruster_153_jpg.rf.d5ceb0439e7b317c9d6c6b58fc488baa.jpg,3485ba1f20142b6344f6780a378757a85370db9c180d5a5091d14ade102ed046,0.0544513681513675,0.13738644546420903,0.04519479414995979,8.0,0.3400000350602247,0.04208454071982147,0.002313974830264687,0.423536279444015,2,dark_small_objects_many_parts
train,Thruster_154_jpg.rf.234763603ed4371b8b9ce8761a611b69.jpg,b22f4a23e63738b2204785c84f33cc5454c51663da749545ce32f7263c15e71c,0.15707690119997744,0.31060232853523384,0.1457096922631357,15.0,0.5907998464362159,0.0013708547858083222,0.0005259033705147016,0.8098859315589353,0,bright_large_objects_many_parts
train,Thruster_155_jpg.rf.944ca63193d78ca24c4642419ea4765c.jpg,a83b2f38ccfea5c87a283f3e6f8be22996df90789953d616c0eb293a41a790ff,0.15381245055262305,0.3272278331137337,0.13425915287990195,14.0,0.32060471875564245,0.0005890117749764659,0.00024542157290686074,0.8694550063371356,0,bright_large_objects_many_parts
train,Thruster_156_jpg.rf.672d3eab50892a591cb41e1c18dcdc0d.jpg,0976b75d6d636dd1e0ca3d6bfa0a1ba54b9e798351c842989e5428403ec04147,0.10163150005824464,0.2515280117719685,0.23634806614296108,13.0,0.4576060527971924,0.000613553932267152,0.00021036134820588066,0.6448364177566014,0,bright_large_objects_many_parts
train,Thruster_157_jpg.rf.9f9e8eb899f52679212fb0a8c450a2ea.jpg,b491c5e4d14f5f4d691779d3ef6c8957177b506fa08c3faa1d380be741f5938e,0.053740759267663404,0.19215448790750614,0.12162703719793581,9.0,0.318012015139005,0.005821750311597747,0.0005890117749764659,0.5938711221200216,2,dark_small_objects_many_parts
train,Thruster_158_jpg.rf.03284a61c18b610cb38c7d5136995861.jpg,83a18026e581ed0057e737e8257e3cac1b6b0b03b0375ca942559941dd68d169,0.2592201224241175,0.41017054278382015,0.21087980083390778,8.0,0.7113404049806555,0.07469668523105563,0.002874938425480369,1.0,0,bright_large_objects_many_parts
train,Thruster_159_jpg.rf.296c92bd771439bc03bfdb13c06ffbe0.jpg,8d361f5c9df758bc932b5c9c07461a0b990558f51b7fef396d14d542a356b0f4,0.08082493408935552,0.2353899306985187,0.07703840966318168,14.0,0.2617508725613423,3.1554202230882095e-05,2.1036134820588067e-05,0.26011531307904145,2,dark_small_objects_many_parts
train,Thruster_15_jpg.rf.d9fa7c89413a12c213d3ce4a6af7129c.jpg,fc78e822d32380e020870fd962713b1f0fb698624ea3dde9a5a3d24956d9e95a,0.19247494718643351,0.23458226505572927,0.39725365732230394,7.0,0.23739987952076036,0.019290064924923585,0.0007228754378527922,0.4708150197452086,0,bright_large_objects_many_parts
train,Thruster_160_jpg.rf.68cc5ec178252cb73ab10edb071dae35.jpg,a7d3316ac8966511b8c8972c49b46598e33c8cb79b3c2a9e15cb4b9982a382a6,0.06420756312980151,0.2186105918110062,0.06643094829484528,11.0,0.11616854852422749,3.506022470098011e-05,2.1036134820588067e-05,0.2982362953964171,2,dark_small_objects_many_parts
train,Thruster_161_jpg.rf.6c922dd103cf38621dbaf9ebd596f8ef.jpg,b94f48d55cd9cdc570c10ec54476d66632cbc7b52093800ced1c7431d4167fa1,0.03778969069216686,0.11891796015562676,0.10350323845358456,5.0,0.22013438584127887,0.038061379935384006,0.0021351676842896886,0.44701786493749646,2,dark_small_objects_many_parts
train,Thruster_163_jpg.rf.03329ae7012e05c814272e198913acc7.jpg,de495a84061eb65320afbb2bbc2e76b446b6424ba3fced95e9f7c245072cf421,0.0764006705852311,0.2005667217772868,0.4162330178653493,16.0,0.5824432418787372,0.0019879147405455723,0.0010518067410294034,1.0,0,bright_large_objects_many_parts
train,Thruster_164_jpg.rf.2b35a28d6879fb8456b34e423c55ef47.jpg,d7a61838636fcdf1b9b0a8d0c3c4489e01bddee9d5011f93eca9ef396020da33,0.0435321292758479,0.144315834255028,0.10876503738702513,16.0,0.3317170569746182,0.0003646263368901931,0.00021211435944092967,0.8681875792141952,0,bright_large_objects_many_parts
train,Thruster_165_jpg.rf.28784672c122d80898f14376c079ac53.jpg,af111d5b347561d3cdc9ce9af87cad01942d0651812474967d22aec855e83d6b,0.04624992227457539,0.15623161670676308,0.04104557411343444,9.0,0.3128844572764867,0.03885549402486121,0.0016828907856470453,0.40748395556467126,2,dark_small_objects_many_parts
train,Thruster_166_jpg.rf.97d786d6eba3dbb3dd12a56c38422acb.jpg,21d0272af1c6cf9d0e8307e2c0eecc3155eddd2ef90642ed636fe1468afeac39,0.09871163642327,0.2467136526635686,0.0325008841121898,9.0,0.24850862569178206,0.016225871991613596,0.0009466260669264629,0.48317898069408727,2,dark_small_objects_many_parts
train,Thruster_167_jpg.rf.c7ac40dd6d6870b7f672f28e57fe6371.jpg,4aa3bddb796f7255f967522019eba0eaf82d673d08e198c873685ebd9995f739,0.07137760594142942,0.2110439722799357,0.0210784818611893,8.0,0.18049880181682082,0.009762519567987911,0.00641602112027936,0.36402154801410125,2,dark_small_objects_many_parts
train,Thruster_168_jpg.rf.497e8e6f20bb7c17639f32856ed09c54.jpg,0c3174e5bfaa30a84df73cf3f2804762bce517516e02c524994207b43e09fd3b,0.0635642698775233,0.15467164490603622,0.00665280818939209,9.0,0.18486555280332792,0.01898335866434568,0.0008414453928235225,0.310782596805663,2,dark_small_objects_many_parts
train,Thruster_16_jpg.rf.e389ce3e6aba5abc12ff2c6085e76591.jpg,0cbb901f72002a6c100bf74c87cc4d843f572ccb009d0a15705b3392a953f883,0.1573651764834207,0.12074734218557423,0.6046141979741115,6.0,0.28263090961825926,0.04799647486669195,0.0013431204123067312,0.5412462908011869,0,bright_large_objects_many_parts
train,Thruster_170_jpg.rf.73a886ad603f4265a95847c6e05610ea.jpg,05ec79e8679c4cb0d0b44543bfafdbc56b4ea4acfb7e118688048c08be3e5c0b,0.09270540745876032,0.25472941461044707,0.05223311629949832,3.0,0.29230936441071653,0.06517520470788697,0.024401916391882158,0.3144218481296246,2,dark_small_objects_many_parts
train,Thruster_171_jpg.rf.95694301184c9b99714d5e309901c4f9.jpg,cff8fe9e830c8e1dc00b937c002d18a9a9cdba141c365c49db3ecd64eabd7fe6,0.04534386982454798,0.1656488278101202,0.04975578083711512,4.0,0.17570606910019687,0.04168310114699525,0.009597736511893305,0.2449167056711666,2,dark_small_objects_many_parts
train,Thruster_172_jpg.rf.9bec917041d59dc0b64216777ba7ff5a.jpg,123f0835273b31dd8844d22412cd0b4cfc6e5e8f8158cf6fea2751e9b30cb80e,0.05331254330754104,0.17260719025228807,0.12326918957280178,6.0,0.25218994928538496,0.02645556905374206,0.0007450297748958274,0.4966403539680287,2,dark_small_objects_many_parts
train,Thruster_175_jpg.rf.f7fcc3e2f0e2579f1b6d67f944252af9.jpg,e8a71d4a26d41d9b22ca0964adf16b696c6cd51b8d0cfcfd7ddfa8f69b406553,0.03943986547598019,0.14243104804906137,0.024486726873061235,8.0,0.13388973909933788,0.0009948338758903105,7.362647187205824e-05,0.19972407603160333,2,dark_small_objects_many_parts
train,Thruster_176_jpg.rf.52482c04fe0bf1b0c3dd7d93d41bcd0e.jpg,a48ab2f579968898d95f643b3b69eebd2136c4624d621d6420c3dab66590c9d9,0.029942614317901437,0.11749949045751285,0.016570356780407476,3.0,0.08889870575180515,0.03507775481333059,0.017523100305549856,0.11050281621254904,2,dark_small_objects_many_parts
train,Thruster_177_jpg.rf.f14de0c5520f6425d03c016bb5de9e48.jpg,b5d449dee01c463f2703f7b800cab7e2d399df4277805e32dc7ac290e8656d21,0.0392960566837214,0.166972198287486,0.03835387884401808,9.0,0.2683386887826564,0.0025243361784705676,8.414453928235225e-05,0.5526332858267288,2,dark_small_objects_many_parts
train,Thruster_178_jpg.rf.e358c64d7bbc7d4ecdacaf0c1d2b51af.jpg,1a876c8be09891433637ec88ab7375f1a9d202c88f43ac491e5ef21a48bafe80,0.03144737166385205,0.13367997534976678,0.07595823699352788,14.0,0.24637345800749233,0.00014111740442144494,9.816862916274431e-05,0.45843347410013535,2,dark_small_objects_many_parts
train,Thruster_179_jpg.rf.9c0b61f3410941f8fb2221c6f0fe7fdd.jpg,6418e6ff0092ed5f9a584726f4fcf9210858730094ec62ef98ad248e1b6ab87d,0.06598818257316408,0.18018028717502935,0.1547383476706112,4.0,0.37103885198800235,0.08007580020580352,0.004382528087622514,0.29976492119337994,2,dark_small_objects_many_parts
train,Thruster_180_jpg.rf.763bb6e7e9d9f644044c6c8b97c766ae.jpg,fdf39063bd75a53c56c1b25887322b5e88cf0be17ce436306dfd8d6d5b15076e,0.049786708373210045,0.13567141094198473,0.1565266029507506,6.0,0.3467263391691077,0.004416711806705969,0.0017530112350490055,0.2821979956069538,2,dark_small_objects_many_parts
train,Thruster_181_jpg.rf.a4348889f7bf9fe8811a609f29c52c57.jpg,7957536ab62d474dd8a6faafade94b87e4aa9e6acb1003e906c0b01606939c78,0.052689413121742815,0.13239909353461027,0.17901717541264553,7.0,0.3459742973492717,0.0033868177061146787,0.0022087941561617468,0.35814545435421696,2,dark_small_objects_many_parts
train,Thruster_182_jpg.rf.2ed3af1800572ee5945e33225efe5d42.jpg,55398dd6259020d08c2c8b1c38bfecd7b0da393b58cb36bf8efc6a0b9d5f31cb,0.0718201759700176,0.1434735909879403,0.2393257739497166,7.0,0.34688235716902716,0.0036935946722482546,0.0015777101115441049,0.35031475316725297,2,dark_small_objects_many_parts
train,Thruster_183_jpg.rf.48c8ce4fe0f9d5a7fae254012aba8a93.jpg,16651c0ea20051ad732a7c46970efe3826791aab04ce7421abd0934faf1d05e4,0.059299124797110435,0.19238156244758486,0.10222072975308287,4.0,0.2545442433740558,0.04616029184131041,0.02917010695121545,0.3377351445445414,2,dark_small_objects_many_parts
train,Thruster_184_jpg.rf.9a063524e4e4774f2ab0c5a578f2bad8.jpg,5b1d8a2640bf42a6aaa4fd857fcea407bb17c672bf4e049d958e3b31b9a2b3c9,0.06778189804163552,0.14310031831621398,0.053340335920745253,7.0,0.4512583991150799,0.039176295080875174,0.0008484574377637187,0.6094063076850259,2,dark_small_objects_many_parts
train,Thruster_185_jpg.rf.2af90d6f5cf6f706270752fd294794a9.jpg,fbc4735cfb911ca48388ec6801d26f9c2896ee7fee67ada49b0a4f3fb78c8b56,0.0572087035839146,0.15761223709578498,0.06147769105200674,6.0,0.2350525114515459,0.020049189495255478,0.002299950740384295,0.32850028135830317,2,dark_small_objects_many_parts
train,Thruster_186_jpg.rf.1404fd8447a94d75a8f3d70b64ecca68.jpg,4d11188d4b69b5ad21040f49342bbf54057e9e38fef7814244a8a7857c5a2c8d,0.04593981802437215,0.15984562074003444,0.02952103147319719,8.0,0.2845733258304452,0.006697379423504724,0.0005662226289208287,0.2525148139967429,2,dark_small_objects_many_parts
train,Thruster_187_jpg.rf.7696f16a60980e28a59cceba4c38163e.jpg,5aa0505e1ee8ca2ea3b0ee501ddc648a709cb6bd78fe077d9e03da0f74ba2aa0,0.05495442737939567,0.17178038928924744,0.055504282783059515,6.0,0.3209518149801822,0.040603246226205064,0.0007257466513102882,0.19917538351503294,2,dark_small_objects_many_parts
train,Thruster_188_jpg.rf.28e5211095fd6bd3dcd40c754dd1f041.jpg,ba07add2fcde3df9bcd6369f8336d6c6f248379cc492c70f580df93d6c20a6a9,0.039704982645704365,0.15524390366669513,0.032827018289005055,5.0,0.2348947404403915,0.026302180570675276,0.0014269511453298904,0.23822370877574958,2,dark_small_objects_many_parts
train,Thruster_189_jpg.rf.3c85aaf7d784259a0104370c5b439194.jpg,e37761b6ae7a6b5c8ef1b2741720746b493934ad2af66ff3bcecad5ad70cf80a,0.02282897722071893,0.1027331205329472,0.09507444793102789,9.0,0.24258520072855144,9.46626066926463e-05,3.5060224700980106e-05,0.5092234686132103,2,dark_small_objects_many_parts
train,Thruster_18_jpg.rf.09ade0e85fdb0381c2a60dbdae7dd1f8.jpg,b50395c0e72686d9c3b089e938eac4aad04aca4804591e36989f316b863c0298,0.04667962313833214,0.1740437263773627,0.07439406151865043,4.0,0.1404793083318871,0.029652185040853925,0.004375516042682317,0.13364081150396093,2,dark_small_objects_many_parts
train,Thruster_190_jpg.rf.a3e7f5f0b0493fa9887b0fdf2c104ece.jpg,2b87b9a462d8a1f34a6882052f2a6b590d5206512489b052d57609cdeab89763,0.03741217456678366,0.1464700844871342,0.07943118226294424,12.0,0.08491937024824393,0.0005539515502754858,0.00018406617968014555,0.37389100126742714,2,dark_small_objects_many_parts
train,Thruster_191_jpg.rf.45e93693834350f96c9b7c8631f47fcb.jpg,64d40fc1d79d900e1d52d2ee3420ca3cf7a64c8d815e0b14da5a0a3449fc2d74,0.08616959036286542,0.2047837191243393,0.17416390811695773,11.0,0.3515453670542575,0.0009641561792769531,0.0006170599547372499,0.5057034220532319,2,dark_small_objects_many_parts
train,Thruster_192_jpg.rf.a871d4ddf7a0b18a715ce44e06fef4a6.jpg,a7dc76112dfc2ba789c8a28c518c7ca3a063de8f2380bb68854604e0401f7bbc,0.026897186956620224,0.129287465152751,0.06284165475882736,4.0,0.16667630822845944,0.04242287188818593,0.0061004790979705395,0.30698557447054675,2,dark_small_objects_many_parts
train,Thruster_193_jpg.rf.cd71c861f6ec0d4448d1d3f678f88745.jpg,7575594658a2cfe4a83cbf918ed1812919585b336b6bfef3267e0dd69a7f6c68,0.0332444281655009,0.11192971601823326,0.024451448403152765,9.0,0.13465931103152443,0.0026663300885095367,0.00012271078645343037,0.40811153358681873,2,dark_small_objects_many_parts
train,Thruster_194_jpg.rf.ff461d49b6c4dc2d45b518c8de44e6e3.jpg,ef6d66ef84796f446dbd9669b429374333f5afb0ae6bdf2c177f8ffec527b561,0.06427564871126004,0.14220084254284235,0.037718372718960634,4.0,0.4047317279256443,0.11109884003246578,0.010621495073161923,0.8910012674271228,0,bright_large_objects_many_parts
train,Thruster_195_jpg.rf.ca268782c75fe3fcd7c26fe879ffd9ef.jpg,380cc2c3f99eecd84ca156daaffce09dc8e11453fda0ef4fd1d263f2613bf517,0.13281603690425503,0.28496043622671935,0.08337026857862286,4.0,0.2074303134208787,0.05932540621652844,0.00047681905593332955,0.2722777050278115,2,dark_small_objects_many_parts
train,Thruster_198_jpg.rf.45fa9a39d159027334453b2853fec01a.jpg,9f749181f338c3abe9d21ec887df065e3b8a33d9d8e744d06a257ab7c6844715,0.11165312156132667,0.24971804970021186,0.13326332241881128,5.0,0.41359144670758197,0.06544341542684948,0.00012621680892352838,0.29214984038832703,2,dark_small_objects_many_parts
train,Thruster_19_jpg.rf.fb9a6de33536a2d362ddc6c9ba39fda7.jpg,22f2ccbff83d1b74001bae01c402a88f1767af61e7792670c894c74ae0807383,0.03135842868597337,0.15884241827711437,0.044257429534313726,3.0,0.054310041073053233,0.007988472198118317,0.005784937075661718,0.05669238334148483,2,dark_small_objects_many_parts
train,Thruster_1_jpg.rf.15d8b986a46b547f7a183a9ff8084219.jpg,0d08ef160b323979cf2b5f5e921be5551e628fe050b3eea10def8c879add81d1,0.2097938218444231,0.24879163896493647,0.3973492192287071,4.0,0.027455136357213507,0.007221689237931624,0.00017402556837196848,0.046551839539501545,2,dark_small_objects_many_parts
train,Thruster_200_jpg.rf.03264d49deb33f86e8d0648779be923f.jpg,0ffbdfd4217bf09d4b460d46343d32df2b161684cbfba95559e9f83dffab6a32,0.024623943857993442,0.12278361560738515,0.0896804734772327,8.0,0.17622320741453631,0.011622464488374906,0.003241317773605611,0.4982233231132778,2,dark_small_objects_many_parts
train,Thruster_201_jpg.rf.fc42f3ded69b572623ce1fe0459ad0b0.jpg,a4ba917b31d01f65a674a145271977eba011d0ac174728df1ec2a8a27bab0e5c,0.06534944027554312,0.16267796031650586,0.0262115946003035,7.0,0.3122340901082835,0.01682890785647045,0.009255899321058749,0.6871506029482143,2,dark_small_objects_many_parts
train,Thruster_203_jpg.rf.3abdb065c354155e7aa5e11a4324f4df.jpg,6d05a4ea01d2f61137172d30e1a9c1af118d0f0f5f42939bac51209d8f4e75a0,0.026560842534322157,0.11478831551450484,0.051001481448902805,3.0,0.11441027825547334,0.04691934570608663,0.004663009885230354,0.28328661558391927,2,dark_small_objects_many_parts
train,Thruster_204_jpg.rf.c578b8b1152186dfb081f4d6847e23af.jpg,4fbe0bb44a0cedbc0a4bd29fcc62aae8f982e3ecaf8eb5c4ec30f64cb4714753,0.04170985345789908,0.15154219393700308,0.0033930056235369514,4.0,0.09656697695913383,0.019853766422393875,0.0011619462599854755,0.23136154574063073,2,dark_small_objects_many_parts
train,Thruster_205_jpg.rf.8bb97ddb30ec71610469db8a9f2b9226.jpg,81cf08b96af3b9c1b64697b56fd5dae97382c7538626db7588a6b3963013bfaf,0.05185948079194267,0.16884922872249286,0.00574793581869088,11.0,0.14987236196386522,0.00010563147818049778,7.262164124909222e-05,0.2646068528421469,2,dark_small_objects_many_parts
train,Thruster_206_jpg.rf.4bd7170838a74adff8e9722e54531e5b.jpg,d15ec935444085130ea35174325a0c3bf35e977d43068186cb452e1726d1f340,0.020380044625847523,0.11003119290025093,0.05191495932784735,23.0,0.2552100525956735,0.0001056314781804978,4.6213771703967777e-05,0.5496666006469929,2,dark_small_objects_many_parts
train,Thruster_207_jpg.rf.879fe2064e6d8d2b55f7a63b2c934054.jpg,db6b41223f666de28e613f6bf803037db81371031c8f22180b1caadb86170cb1,0.2191460851412152,0.3545400990264312,0.1836500280043658,39.0,0.5537807266565434,0.0005644682115270351,0.0003344996809049097,0.7519607843137254,0,bright_large_objects_many_parts
train,Thruster_208_jpg.rf.3e9e074b0f1b7879f89768d229957ea2.jpg,8cd7179e313ac58797190e6727ce6c7b86c80dd9cdc8020554a9759220dd4873,0.06837470781979305,0.18213872253498342,0.10757765676461015,7.0,0.41171299047116044,0.006846240179573514,8.912655971479502e-05,0.8966880130278823,0,bright_large_objects_many_parts
train,Thruster_209_jpg.rf.a19bc37a8c996e9e5ab2dc42f3953b8e.jpg,5e2d4ef7c7ced49b6167ef562edcc5bc6ac0235181775f245331aed37dee4476,0.2075501609283488,0.3401105681154179,0.026233237397437003,11.0,0.48992319711273963,0.0006778019849915275,0.0002640786954512445,0.6200754824937832,0,bright_large_objects_many_parts
train,Thruster_20_jpg.rf.e79867f1e1f853437427d8425e3853ef.jpg,ff8a3212619a69ff8ca5c484ec00df9fac58eab6f6e47bc2a38d98949761ddc9,0.044349176877011856,0.18570107351723616,0.04959235097847733,11.0,0.08940006696502918,0.0012306138870044018,0.0010483007185593052,0.08060345658755325,2,dark_small_objects_many_parts
train,Thruster_210_jpg.rf.1d11c54b17e9e4b0b2df412bfa0ffb76.jpg,e25a48a59ffb10b305791ca33db4b2d491378a9ae30f251fc6550b3ca67c9afe,0.024650783972839593,0.14122485881557323,0.023025336920046338,4.0,0.07837085451464536,0.01738628111177131,0.008195242182170286,0.1579190598798442,2,dark_small_objects_many_parts
train,Thruster_211_jpg.rf.5d5a6b343887ba7a13e7ed4fff47ca33.jpg,9d22ebd56d41f6e6889211dd4e7c855ff5dce6e1a9cc98a65c7af21c7a5f69d5,0.18500412730836927,0.3047581614726119,0.2815085317574295,6.0,0.5176129486587002,0.029726458484628418,0.00308641975308642,0.5175942430844391,0,bright_large_objects_many_parts
train,Thruster_215_jpg.rf.d52188494f45bd5f3a3edff3dabab90a.jpg,804f86ad62ac9a9832eca555a44326278f31a0d9b5c562b380242929a0182612,0.07512281601093597,0.17542286013192945,0.1160485211540671,4.0,0.4310281463876235,0.10092647608987478,0.0010167029774872912,0.5310215444202373,2,dark_small_objects_many_parts
train,Thruster_216_jpg.rf.e410be62a741338288750b868294f493.jpg,0a8f5cd0ebedf5e73a2fdcd893b77a8a52e0c463f978a6ac11c16bf25e0235e5,0.04261214390908098,0.15038296253136604,0.1152916852165671,4.0,0.13755639180475782,0.03310446513060892,0.0011003278977135187,0.2282960322176008,2,dark_small_objects_many_parts
train,Thruster_217_jpg.rf.b9ef0a4fb1f12ea878a0932466068713.jpg,a7746146cad8fbf27950707d882782deb6a6a62bc40b28b1d46c8d7c3b99dac3,0.07748477987616781,0.16713397739142272,0.08133631687538297,5.0,0.2750291586892894,0.004647785039941902,0.0005545652604476134,0.4528311436808169,2,dark_small_objects_many_parts
train,Thruster_218_jpg.rf.b2a6cc4f8f80256894bc08d25b594c9b.jpg,443e9deafda76ca84dfe0a1a0ce1057aeb11039493b6ededf5dfe3413c2f3e9c,0.06300850359289421,0.16214372064566165,0.06814504885206035,6.0,0.27912567945247685,0.019051627384960718,0.00015844721727074668,0.2588037235096059,2,dark_small_objects_many_parts
train,Thruster_219_jpg.rf.c391688b53667e8ca97609616e749dcc.jpg,605945c74b88cc13c2e133bfa2c793cd21d7bd7c1de429be136376d2577cedb4,0.039712766953571774,0.13355546555285286,0.08682878531661688,8.0,0.15596707818930042,0.0035826676349552163,0.0013633062652670495,0.3568627450980393,2,dark_small_objects_many_parts
train,Thruster_21_jpg.rf.600b2c6be7ad8438d9ba245c4fd6447b.jpg,b2dbefe9162cfd09fd74a79b676b390c878ff439de2f6c3d16162a89ebfa1b61,0.008779197132541088,0.06659129361437857,0.043723371917126226,4.0,0.06712104717879137,0.009577576882690241,0.0005153853031044076,0.13896996565850983,2,dark_small_objects_many_parts
train,Thruster_220_jpg.rf.d42a2d9f208364ba708c688b68a31edb.jpg,151df6e92c2635f153c4461c6b7421c1c3584f566f967ec3ff3ce481c8262aa5,0.05974079295237824,0.13170180266169815,0.02217862372304879,3.0,0.226912920050175,0.07282520191016924,0.07282520191016924,0.27156752712308274,2,dark_small_objects_many_parts
train,Thruster_222_jpg.rf.155eaff14f6712d0f2b648d501cb57ea.jpg,4e0fb2520481bc49dbc76a4d687da82de10340264639ea0bb30f354bde951ce8,0.034637951129044296,0.10989737083512759,0.06176895440793505,13.0,0.3523293941594595,0.000354305583063753,2.2006557954270374e-05,0.6165412292863274,2,dark_small_objects_many_parts
train,Thruster_223_jpg.rf.0210a9a7a486ace3e6346a2014ea0a84.jpg,cbf29d1cb572bf37ce872aef7c33485bfd8312ca55872b0915231e1abcf7a3cc,0.09655038574044084,0.1735973929178753,0.13217412911209406,15.0,0.46237978917717487,0.0007042098545366519,0.00033009836931405554,0.7254901960784313,0,bright_large_objects_many_parts
train,Thruster_224_jpg.rf.c642d768dae1131ad93a8fc4951bf610.jpg,7c6741d4e9867a9def9f4f4881f2c2b457c9359a64d23c9e65832dfd33969df9,0.1352589761945138,0.2921429478927622,0.19408484066233916,9.0,0.34635791465856824,0.0006337888690829867,0.0002640786954512445,0.4725490196078431,0,bright_large_objects_many_parts
train,Thruster_226_jpg.rf.ad26aae9196d28d4016adf889ada6279.jpg,b5cd06f410bde4d5a1426224e912b38060ac32e3cb6c680caabadfd9c6e1f916,0.11868817613531185,0.23066914479045308,0.006170466366936179,168.0,0.43683787768755095,0.0001309390198279087,7.152131335137871e-05,0.7627450980392156,0,bright_large_objects_many_parts
train,Thruster_228_jpg.rf.cc17e028dc6f8cc6b36620c4ade4fa38.jpg,ad3fb587e52ca92e36edd81f72a1abdf60ac889c5f6b64f2b21e5a980b7f3135,0.10764467693725671,0.2215784653979451,0.012141712974099552,10.0,0.24680354745714222,0.005261768006866046,0.0015151515151515152,0.5480392156862745,2,dark_small_objects_many_parts
train,Thruster_229_jpg.rf.2244ce922b0df90f77f9f0f7b59cf4aa.jpg,a3487a4f51f9a459079795580b104fbb0f89364c12c75d72a607d99e57e4c5ac,0.0702782793978488,0.21523076129705515,0.12378992566875383,9.0,0.39311524834400646,0.003098523359961269,0.0009198741224885015,0.7652076318742985,0,bright_large_objects_many_parts
train,Thruster_22_jpg.rf.9bc8ee20be4da6806e93aac383601a79.jpg,6a397cb68f5f3cb57276f61f8518c6550a039f284831de3f051c934082c5aae9,0.032412490280669816,0.1247253189766507,0.08090662488750383,6.0,0.0989872854095122,0.005611388963391866,0.00015426498868431246,0.3066542553471225,2,dark_small_objects_many_parts
train,Thruster_230_jpg.rf.d1c1ff5146b13177b289a18574af3ecc.jpg,54598e04e1bcb9add9fac8cc7e923bb96b461078470c839ccba163cb955e8a7c,0.04103912809154383,0.15220931920726083,0.0007920376226013782,6.0,0.21850641491164363,0.009433661231046853,9.682885499878965e-05,0.4976276930525296,2,dark_small_objects_many_parts
train,Thruster_231_jpg.rf.7a14cfd80044b244fce1a4ec8b17a02f.jpg,f10aa0caded7b299a1de78d0023c3a3be6c1759c56fd6a082826dc7e2f6872ca,0.041297269331358785,0.1549120516641603,0.02591548433490828,5.0,0.16777249620386875,0.010602759622367465,0.008487929402962082,0.2739816465306661,2,dark_small_objects_many_parts
train,Thruster_232_jpg.rf.4f7f925d5345b569ba4872862d529412.jpg,23ecf43c9bda8a74209c0d81b0356798815cf67ed025f93ccefe7a6b624a3f15,0.023460047957036295,0.10935348450326084,0.10428843778722427,11.0,0.38532492682819486,0.011113311766906537,0.007317180519794899,0.3116612750599679,2,dark_small_objects_many_parts
train,Thruster_233_jpg.rf.fc9500cfaff8965a35813d38665f33a8.jpg,053aa36deff650533c5a3cf8b10c1388b7f7e732810bd28400cb9fcc11a78b2a,0.2916861036353539,0.37979017164933127,0.26975175446155025,15.0,0.11280231508989678,0.0024163200633788872,0.0007625272331154684,0.8980392156862744,0,bright_large_objects_many_parts
train,Thruster_234_jpg.rf.2d413605e7d2a7933c45a259142ba65b.jpg,f29d2d09c58da147aa5a263669474660001249405b0e6544d012d6b617d4cf88,0.037018607623503175,0.1563924412315209,0.09466281965667127,5.0,0.4188497172157303,0.10062278559010585,0.015844721727074667,0.4983693140555885,2,dark_small_objects_many_parts
train,Thruster_235_jpg.rf.68fec69f3d4f89ede250598a3aec799d.jpg,ddeed463405f12add56dd37468d9030d11797d5073ee9ad296fe321fb1787f6e,0.028757885143890525,0.12676946584672583,0.07938961702234605,9.0,0.34803481437468364,0.035898197662903544,0.0010387095354415618,0.7310061398296692,2,dark_small_objects_many_parts
train,Thruster_237_jpg.rf.b82655d3dff392826783f97fb25aa075.jpg,675e3a3b2165b561a1e19d2aaa0a0ef455e068376de7cac338c9effa8967870c,0.04804559011634392,0.1647451923295266,0.13562743243049172,12.0,0.3324813698730995,0.0017495052125789075,0.00035761429194999713,0.46801192748844317,2,dark_small_objects_many_parts
train,Thruster_238_jpg.rf.96e5ffb58f3a274569a14dd4ad2bd44f.jpg,d854d1e81d4e9ca36106e533d65de33fd813c46d99b56ea0582d7c37d27a97c7,0.028477571269617013,0.12229950497967762,0.10431500603170955,6.0,0.21146399227272647,0.017049787272086628,0.00025243361784705676,0.3882288801588929,2,dark_small_objects_many_parts
train,Thruster_239_jpg.rf.4364bc1ab7548fef593f9535410286f9.jpg,3f9ccdbcb571718b27631098ca50e425c7297f7e9d4e802b976f5faa1ddc37a6,0.10231833673469072,0.2739296920346514,0.033420443067363664,14.0,0.20115979223310845,0.005774419008251423,0.00031554202230882095,0.44464779374771013,2,dark_small_objects_many_parts
train,Thruster_23_jpg.rf.7ef32f1e453588f03fc40960e36be650.jpg,686589b2e76d848ecb10c41a6713d1ed567c7dbcf130f7ce9468f52aac3589b1,0.047818111129019326,0.14313535320863305,0.0511510736802045,6.0,0.13001207824740948,0.0003777739211530607,4.207226964117613e-05,0.2157886709895923,2,dark_small_objects_many_parts
train,Thruster_240_jpg.rf.747cd75d412120bc4e8a735a62a7d88e.jpg,9d67a8c38cd1d13fefa194c7967ba7ac46b263d60bfe1be027150a9dcc1b8250,0.1762593950660708,0.3569332207317558,0.060442636527267155,11.0,0.3627330847563402,0.022087941561617468,0.0007327586962504843,0.5340601317913846,0,bright_large_objects_many_parts
train,Thruster_241_jpg.rf.9f70ef52cf83110605773933511c98e7.jpg,1b51e0ed6432d976a3640611394203cfcc4538c4b305a52b05f240824dd57b89,0.05736726516876325,0.1942743444907779,0.045604986302992874,7.0,0.11589683178279492,0.007713249434215623,0.00021036134820588063,0.39290240811153354,2,dark_small_objects_many_parts
train,Thruster_242_jpg.rf.4230d3b4fedb42f71478b0f484c40a5d.jpg,bf16513367ab7b19884d1027f6b1f638e0d5129c5811e6a9301d8db6788dedc4,0.11367595818063587,0.2727467793052383,0.04442136053945504,14.0,0.2677350850553465,0.0070872119891727745,0.001595475451684602,0.37254901960784315,2,dark_small_objects_many_parts
train,Thruster_243_jpg.rf.994a8c838309a8a463610cd0af3f43d9.jpg,6ae2eb091546734f0478833bf224c3e9b37c724a369b21af28bca27596ec806b,0.03956809325257358,0.1335543124934732,0.15724400539024203,4.0,0.46476530005941774,0.14118142206377501,0.02276688453159041,0.6479170792896284,0,bright_large_objects_many_parts
train,Thruster_244_jpg.rf.d4bd4f2d55e33d548857c6be2cb08f92.jpg,e50d996ea293973fb93b8fab4c23dee83922d1c06c8b6adc8495f03309b8eb33,0.10954950418361926,0.2711995717124185,0.13641456155215992,4.0,0.4828579916815211,0.1292269096190665,0.0030633128672344356,0.5190345723025462,0,bright_large_objects_many_parts
train,Thruster_245_jpg.rf.4bcec277f1b87a62ac519d15b62041cf.jpg,a64c47ae9f47669029fb5bb4ce21dd472601bdcaa00300bf8e2719b2a6c965a6,0.16805433117108112,0.3120695636514934,0.03695265452067057,15.0,0.6156158535243502,0.0022017561233247506,0.0010530137981118372,0.7903149138443255,0,bright_large_objects_many_parts
train,Thruster_246_jpg.rf.ff075bf1b9df71aa99a3db5ced2e6812.jpg,520efb3c0e8a472ab0ff7620697d9d3031081c291dd4dcc42d2379881ec4c4e9,0.14241792093259478,0.268599903961406,0.03809344347785501,13.0,0.3365231839088048,0.011414801610880041,0.0019079685746352414,0.9135802469135802,0,bright_large_objects_many_parts
train,Thruster_247_jpg.rf.044e6cd0435ee867cbcbb7f7c41aeb22.jpg,7e0b89929633ba7a44713f02e746e9022365642ce6ac8f244e5700581268cf67,0.10389951028936034,0.27832380717045363,0.02248828925338446,7.0,0.16795184965119606,0.00783983627120882,7.04209854536652e-05,0.2921007460223146,2,dark_small_objects_many_parts
train,Thruster_248_jpg.rf.57e4ec311c5efcd2c3fe534453e6f569.jpg,d429006361904fcc44fa0eaae2973fa7d1807d2142555398522e2dfce7026f38,0.08372517951526025,0.2655701381803423,0.01948962492101333,7.0,0.11705068110296868,0.004956977179199401,0.00011883541295306001,0.32980788274905914,2,dark_small_objects_many_parts
train,Thruster_249_jpg.rf.403593394db50d469053054b589ad801.jpg,ea21ca29553ab78593d7e050f458d0246ded124fe135d085988e06bbddffbf8f,0.05333352319383333,0.20042436949823034,0.06813990275065104,9.0,0.17566514821416782,0.006596465746792545,0.00046213771703967785,0.28233863691380034,2,dark_small_objects_many_parts
train,Thruster_24_jpg.rf.73718d1767305dfbca725e84c7efbb0d.jpg,b9228f744abcc94f3c21c38d8293e93a99f50a4fe4368baa97284a0496033636,0.08533681468450148,0.18866285337221475,0.2568915572820925,5.0,0.8101505248564072,0.12914438502673795,0.0009209744503862152,0.7579718756189344,0,bright_large_objects_many_parts
train,Thruster_253_jpg.rf.af17059b7934fca73e36fb3d35a1d1f2.jpg,2803cb45f91cb26b46da624df075121b85efcbfeb99aa7e56467796b16bde3c1,0.1291750949626126,0.2681752361468571,0.03600861418480967,5.0,0.28863141216082394,0.0008527541207279769,0.0005281573909024889,0.2856132127373958,2,dark_small_objects_many_parts
train,Thruster_254_jpg.rf.5672cc80d0e4c286eab5a193446a43f2.jpg,f6e122192300d3b9ef2400b6fb0384327c9782a523977e4d52d1a5f2ced7a361,0.20704804463102552,0.3021403766301729,0.14686675726198684,5.0,0.5244910983473076,0.00089126559714795,0.000580973129992738,0.5210217644858168,0,bright_large_objects_many_parts
train,Thruster_255_jpg.rf.525a2fab79eca9a220175d85f7b5339f.jpg,35f92ebb4291871d0eca860d51e4b9e899d40c0c9c482b4ca17dd07a30db5704,0.8941768288549988,0.2017070455417758,0.023243417926863127,1.0,0.17627654320987654,0.17627654320987654,0.17627654320987654,0.17627654320987657,1,bright_large_objects_few_parts
train,Thruster_256_jpg.rf.43b9eefc9fb695d9f035e4f048e8e238.jpg,c84112c59bb69ca76b051b369c99ea8388dfbf18a8d4cda0050b009c418d130f,0.029729319337162476,0.1247472501342321,0.07967169518564261,4.0,0.11071829405162738,0.03232818379877203,0.001673598732422262,0.208534143174666,2,dark_small_objects_many_parts
train,Thruster_257_jpg.rf.0317776cf970bc08379ce00aa32df056.jpg,19ca8134bf223c24a6bff75ed09540a4ee7fda00ae15774b6c58a1c10335c80e,0.9030535676088617,0.20092768868243924,0.02700811834896312,1.0,0.1349922077922078,0.1349922077922078,0.1349922077922078,0.13499220779220775,1,bright_large_objects_few_parts
train,Thruster_258_jpg.rf.2dc1c7ae9152f7a014b4ee30964bd309.jpg,a72331369b8e4b22556e148c0a0c329359d3021f509989fd6cc74fdb085f66d8,0.8515405274594484,0.2764149116250278,0.032181597690956264,1.0,0.15254170133523515,0.15254170133523515,0.15254170133523515,0.15254170133523512,1,bright_large_objects_few_parts
train,Thruster_259_jpg.rf.50afe2f2250eb3572e4a1309506cb282.jpg,531a1883dfb6545414b6ff264be72442439647f305e1432e95498039a253fe4b,0.8597985222061407,0.21743212762731595,0.03366879481895297,1.0,0.09540790047149253,0.09540790047149253,0.09540790047149253,0.09540790047149252,1,bright_large_objects_few_parts
train,Thruster_25_jpg.rf.17d3b770759894d8bfb88db5e48a75f1.jpg,5b3f5c86e42444fdb897eda649907c563ad041cd635817e0c81a3de63707eef8,0.30661792332995685,0.43246692954911087,0.0030269211413813573,21.0,0.4783915070111684,0.000965909190512002,0.0005679756401558777,0.5868187579214195,0,bright_large_objects_many_parts
train,Thruster_260_jpg.rf.9855a17edd0f7c59d4c23cfa08a97cd7.jpg,7a31a8b95d45bae780d1c9219dd060bc2a0430c7129087d54de452be5acb1eb9,0.8665548128430576,0.21128925037735008,0.005002018984626321,6.0,0.06497393510534975,0.001744266714237577,0.0007135636558244633,0.11185110305048464,2,dark_small_objects_many_parts
train,Thruster_261_jpg.rf.93ca922c17c8dbc340b3e5bf7640b60e.jpg,cada012141301691c38d9744e6a5f038f2295851cbfcd409b417812ebda51dfe,0.8685632801399018,0.22140957017511081,0.08235542446959253,1.0,0.09580411268275289,0.09580411268275289,0.09580411268275289,0.09580411268275289,1,bright_large_objects_few_parts
train,Thruster_262_jpg.rf.7b508c6f7356a8e73fcb6b3e8cbed74e.jpg,49320348512e6deea3dfdf364afe4fb702fe5162c425fcfa56a2f30cf61448a5,0.8897657173980703,0.21034891736803807,0.01213087474598604,1.0,0.09206349206349206,0.09206349206349206,0.09206349206349206,0.09206349206349208,1,bright_large_objects_few_parts
train,Thruster_263_jpg.rf.62ffc9a7b511e348dda28f6b60be6e02.jpg,14746a8e33ac4fd31c5ab446475e117c6e9e3ed8b9c7f6939d595f97609dabe4,0.8419140140248682,0.2424619031485036,0.0680017583510455,2.0,0.26370141325246277,0.13185070662623138,0.0011099879090602763,0.28812114725178894,1,bright_large_objects_few_parts
train,Thruster_264_jpg.rf.5d6d463493a6076689dc31d83c4415ab.jpg,0732dc755865831776768ebcd2e91b376e9c18848387b80702fa3ce892703065,0.686986490855061,0.16710450391827955,0.11824130637972963,1.0,0.2413601775523145,0.2413601775523145,0.2413601775523145,0.24136017755231456,1,bright_large_objects_few_parts
train,Thruster_265_jpg.rf.57ba2878a570ba7a203bf820befbfa5d.jpg,de8bd494dc09a3821da1c0744cd4981685d086acddfad1a4d88f5f0ab0951e17,0.8077825117130806,0.21473390868006786,0.09019381953220741,1.0,0.1076602086438152,0.1076602086438152,0.1076602086438152,0.10766020864381519,1,bright_large_objects_few_parts
train,Thruster_266_jpg.rf.0b4a1cbd4600c5744c558a19ee5702a6.jpg,fd3419ce3596f242d37024302ad2027fe70eab55f5eeab9127b35baabd457666,0.8832377252283842,0.25068123709590157,0.09258223140940947,1.0,0.15051263710061993,0.15051263710061993,0.15051263710061993,0.15051263710061985,1,bright_large_objects_few_parts
train,Thruster_267_jpg.rf.50ec4b26acf3e199dde36c9ec96e4ac2.jpg,f915247c02af21a2292b1fdd458fd3da58aba0e704da1f20633bfe9dd20629a9,0.6790124062330908,0.3665682963833827,0.0,1.0,0.5141155449672424,0.5141155449672424,0.5141155449672424,0.5141155449672424,1,bright_large_objects_few_parts
train,Thruster_268_jpg.rf.b34688f28c5e6fe1e6b7d0586c0c5a49.jpg,59b73ed7f5fad2cb5d191bb9dc0a0ed1b07c243dc130ff4c5da1c2bee30d50d5,0.6685645876791808,0.19313296158553703,0.07036345986758961,1.0,0.13077272996973952,0.13077272996973952,0.13077272996973952,0.1307727299697395,1,bright_large_objects_few_parts
train,Thruster_269_jpg.rf.d4ace87c46b5692e81e8af5bbfcf2d8f.jpg,0bea84484ac20b07aa9cdba7830e5ccb7e31dea40327b68a54848ec92842467e,0.8869351073762838,0.21988588663261308,0.03971770791446461,1.0,0.13323412698412695,0.13323412698412695,0.13323412698412695,0.133234126984127,1,bright_large_objects_few_parts
train,Thruster_26_jpg.rf.6abe16f063117e63d748394b41570c59.jpg,215978c52be8c54bd2024afcb9048642215699feb8c0c6a0d2a33cc417237c33,0.04943476558819697,0.1935764834056013,0.020012849919936238,23.0,0.09611409999526686,9.466260669264629e-05,5.259033705147016e-05,0.2167563331913394,2,dark_small_objects_many_parts
train,Thruster_270_jpg.rf.447ce26778ebe98e441956a84ba180f4.jpg,f815347762689298908c4794905a511f472d65bbfd03334f7a40cbab7207a01f,0.9026608229067925,0.12999220480944018,0.029550397162343943,1.0,0.1769043230064815,0.1769043230064815,0.1769043230064815,0.17690432300648148,1,bright_large_objects_few_parts
train,Thruster_271_jpg.rf.da09f894e6850d90b5aea5cd7c6e1555.jpg,2dab82fa231dc1329893800401b314f2478ee26eec3c57bd9ef4ca5a50980589,0.7707663040149912,0.3316448076874772,0.1539423475078508,1.0,0.5849364394135318,0.5849364394135318,0.5849364394135318,0.5849364394135317,1,bright_large_objects_few_parts
train,Thruster_272_jpg.rf.1414e17550520bb7af6ab47dc43d1b95.jpg,989d28b12f12f1f276b05efc1da88048a3a735946fd73d3eea9fc869dda231f7,0.8706095719537815,0.24453047625948843,0.020978469474642884,1.0,0.14146205357142858,0.14146205357142858,0.14146205357142858,0.14146205357142858,1,bright_large_objects_few_parts
train,Thruster_273_jpg.rf.07e5a569c1d57d022544471b99baeca7.jpg,98cbc0981d097a27c9b1485e08210ef2e4dca839e54f817182bf45c3f3ec1d75,0.6484656984020724,0.18639441713802313,0.0611274943632238,3.0,0.13898070262246412,0.01607125185551707,0.011756556160316674,0.48708560118753086,2,dark_small_objects_many_parts
train,Thruster_274_jpg.rf.742c28fb6a4ed1b59c8c6b496f98a628.jpg,8aef562d7b204f23757f1eeacd3d696a79df77a1e8b7db06e92eaa65ee624e11,0.8075158921749651,0.2913250560917703,0.12842628628599878,1.0,0.12770266245756148,0.12770266245756148,0.12770266245756148,0.12770266245756146,1,bright_large_objects_few_parts
train,Thruster_275_jpg.rf.e05c0a6d030b9d298ee8c3db733336a0.jpg,de998befda384deea369370619c20800b92f748b702ef54bb90a53816cf88e4e,0.679358658023311,0.29996840851642076,0.10403244916130515,1.0,0.041807214572006826,0.041807214572006826,0.041807214572006826,0.0418072145720068,1,bright_large_objects_few_parts
train,Thruster_276_jpg.rf.cdab672c886e8e2279669761e372eb5f.jpg,9ad2367df7c481bacdb35c48b12e9ac04f4b6243d75b4ce5f7bea4b3cf49aa9d,0.7927752181578285,0.2335999605770398,0.06779738781498927,23.0,0.7989006409620385,0.0008334490901514099,0.00047625662294366273,0.8142202290000596,0,bright_large_objects_many_parts
train,Thruster_278_jpg.rf.f1332b30984f18ae89d7380a15124670.jpg,366c18a21e7f3e98d0d56258115093c000e0a88ade2a31cc15b6827b860e70e1,0.7996460700619338,0.24078552118488894,0.02264871410295075,1.0,0.005062537224538415,0.005062537224538415,0.005062537224538415,0.005062537224538421,2,dark_small_objects_many_parts
train,Thruster_27_jpg.rf.3f1cba4ccafd8fc2ce62dd635de58f3e.jpg,8fd0bfaf95a9786b9e2dfb9d96c2d5a15d41c5c4e1cc22998104b5f3a4b84da5,0.05272036923778762,0.14965724981087772,0.20048012826956954,7.0,0.4574710709320936,0.04196708896707319,0.0027136613918558603,0.507454680277046,2,dark_small_objects_many_parts
train,Thruster_280_jpg.rf.c8ac3b6444f639e93b8f5552dbbc533f.jpg,95b1193bb92f9fa5f09e42c801e00f1dd451b7e1593f122b53481e1765a60759,0.3899462875640444,0.1146994033474013,0.12899108587526809,7.0,0.015323349487566537,0.0019365218082148248,0.0008937792960991499,0.42884523714943984,2,dark_small_objects_many_parts
train,Thruster_281_jpg.rf.90173c815d941edac5aa13ea496ca126.jpg,0d410eb8abdda6af1d9b98f55ace853ebe3253016c79d99e538503a4cf09dc14,0.6492960628695922,0.24912799443420394,0.06963569790709252,4.0,0.2841666666666667,0.06937499999999999,0.03916666666666667,0.7176190476190476,0,bright_large_objects_many_parts
train,Thruster_282_jpg.rf.1f783936a7064ccb983357c4d966c5c4.jpg,70f8f02fb54e259e5311608e38ab870ec9a4a22bc46a700687dd993949f5de5e,0.7499290449433835,0.2665628998110658,0.007063641735151702,1.0,0.05136741973840666,0.05136741973840666,0.05136741973840666,0.051367419738406625,1,bright_large_objects_few_parts
train,Thruster_283_jpg.rf.14fd6e1cfaf3665903641d9f26b455d0.jpg,c64f58a173a9925544e486d581e8722607261a9de44f0e02d1f41d5e4dcbe25b,0.3375029555696566,0.2958462902311591,0.11493023143095128,11.0,0.8133182350954566,0.001072769533345253,0.0006953135864274788,0.8460575719649561,0,bright_large_objects_many_parts
train,Thruster_284_jpg.rf.7f6fa45668e44f7e8a89fa0abd8b2e0c.jpg,5e21e2b5cc1b3035e08030c1e9ab6ad1b4afb521b64172b0d0edf6b81d16fa03,0.6561918144202868,0.18612993797648525,0.07470080805759804,2.0,0.08466646843096441,0.042333234215482206,0.040975319655069876,0.09773020120923777,2,dark_small_objects_many_parts
train,Thruster_285_jpg.rf.1ecc13891d71e3d69aa94afa177c2613.jpg,41a1e34e00f536357e71736ad14bdf0783bc93aa66b966cd9f0aa9891c583487,0.6385522302306136,0.2876292114291535,0.06722782359403723,1.0,0.3647859922178988,0.3647859922178988,0.3647859922178988,0.3647859922178988,1,bright_large_objects_few_parts
train,Thruster_286_jpg.rf.c645bec618cd6bb92f86f3dd5a59f60f.jpg,6fe22d67e8bc776e0ead65da95f08a9aa840c2e7e63a12930319a7ca2d95a90a,0.4847940557668822,0.2002065906801341,0.054028709262025125,16.0,0.616966376880632,0.0009427970306855622,0.00031757373665197887,0.9021078956770276,0,bright_large_objects_many_parts
train,Thruster_287_jpg.rf.aefaa41feb3e488d4f1b8453abdc0cdb.jpg,4854e5e8f5a5a5d1c93d37e6c87da340403ed76062f855d7d9998f77ee3e614d,0.7965339063679013,0.2770173375424914,0.11004482344085095,1.0,0.1678750697155605,0.1678750697155605,0.1678750697155605,0.16787506971556043,1,bright_large_objects_few_parts
train,Thruster_288_jpg.rf.d172f56773c67b191952ecdec411653b.jpg,2d2adf00c9ceece99d112c87e7fc7eae72d3133df26014e45a5f925c8df32b12,0.818527411759253,0.20347908651766486,0.04973442975212546,1.0,0.259579286097372,0.259579286097372,0.259579286097372,0.25957928609737196,1,bright_large_objects_few_parts
train,Thruster_289_jpg.rf.e1736793e17df94218e586366295b70d.jpg,c622e5a98a5fb2296b99be56be6bc873fb1d869df9736039320058f48ac97574,0.8512509845108802,0.2598141281780335,0.08150758930281096,1.0,0.15274557596654975,0.15274557596654975,0.15274557596654975,0.15274557596654975,1,bright_large_objects_few_parts
train,Thruster_28_jpg.rf.76464db2e4d2c5eb9ec194de62343523.jpg,1966a37fba3e8cf3256201c83275cb59e9f2b6c5e800f1bff2115519c55f850a,0.03929400806667025,0.15444093874359,0.06051450991163067,9.0,0.1588158058504997,0.002065047234887728,0.00012271078645343037,0.3105599643788117,2,dark_small_objects_many_parts
train,Thruster_290_jpg.rf.3a2d92f33c6b901aad2b9df228ed4104.jpg,e7215a702068b40f127b5fa238b70e688b2233da1e597489958afc5a499fd634,0.7596019113527764,0.16906650787276348,0.17771253398820466,1.0,0.1328719723183391,0.1328719723183391,0.1328719723183391,0.1328719723183391,1,bright_large_objects_few_parts
train,Thruster_291_jpg.rf.9245e14513acfb3d9f522163b2b80eae.jpg,cb5b9fdcc56ee2fc0e6f480c9d932af3b3d7912f822f4f16be0c9ead6b42ac25,0.839202731440835,0.23785215127416684,0.07335916406968061,1.0,0.11946268656716419,0.11946268656716419,0.11946268656716419,0.11946268656716423,1,bright_large_objects_few_parts
train,Thruster_292_jpg.rf.d0613bb48b796b0f28e5e58b96919a48.jpg,82573efa21843d83989e83a1378028a7cbcf2612413ad36ee070822c55fc04ac,0.7146288167008097,0.33386541509382456,0.08694543277516084,1.0,0.30483582089552236,0.30483582089552236,0.30483582089552236,0.3048358208955224,1,bright_large_objects_few_parts
train,Thruster_293_jpg.rf.31615c80dfc35075c8ef9f08b9260a9f.jpg,448ed19ccf57cfea2fe21e6aff0c1e1526426c38861004313df235930fd6cde2,0.924752,0.16763313258073323,0.020143372404809092,1.0,0.12784,0.12784,0.12784,0.12784000000000004,1,bright_large_objects_few_parts
train,Thruster_294_jpg.rf.0748fa8b6796747762eb0a1be7b8ab9a.jpg,afa569fa80da3de5db14fac0e683e58c1c0d145da9956033226064eb2a65758c,0.7771671857886496,0.32760717887130003,0.16754374784581802,1.0,0.2559069429298437,0.2559069429298437,0.2559069429298437,0.2559069429298437,1,bright_large_objects_few_parts
train,Thruster_295_jpg.rf.1c1621a81e95aa22c7c745e6ec9c79a5.jpg,8a2dd272742f1a10c44b848a2087a5962a09d95f5e490102754091ae14a8f93d,0.7665216699110907,0.3329177730841698,0.0709639455757889,1.0,0.17848847596926923,0.17848847596926923,0.17848847596926923,0.17848847596926923,1,bright_large_objects_few_parts
train,Thruster_296_jpg.rf.dc76cb610f02b83f497b2c5392b0f09c.jpg,b6a6bdbe127f779972227e7fb41715d439e3d9d69c3ed16588111641f5128065,0.9068324702271161,0.17776989721531758,0.016764029334573185,2.0,0.03490910534254188,0.01745455267127094,0.010498531396364214,0.2839564975787886,2,dark_small_objects_many_parts
train,Thruster_297_jpg.rf.d57f8b805e1e0945fc3bfbf814239ff6.jpg,621df2468fa95968d3ce97b783888d7c38d0ea32ece1fdd78f1b9a5c536a5ffe,0.8407289621501622,0.22713858063505943,0.026612751156676048,2.0,0.04791741257906672,0.02395870628953336,0.010522337590006764,0.272407208497434,2,dark_small_objects_many_parts
train,Thruster_298_jpg.rf.e471270e3705e5921152ceb466db671b.jpg,c1737ddbc1b9c68612037f00ac05391a6d90fd2cc96fb572f2f378baab5efc85,0.8430649474778796,0.22149815814081175,0.08433108610265395,1.0,0.11789456970466815,0.11789456970466815,0.11789456970466815,0.11789456970466815,1,bright_large_objects_few_parts
train,Thruster_299_jpg.rf.7a8e738a0d47d1c6b721fba7a53cf644.jpg,2742b8ff6bab7f9ad752daf0db976b7e00bee1b663d71bfcffb278d836742703,0.8946879011912763,0.23654305152070265,0.04685208937701057,1.0,0.08902136115250868,0.08902136115250868,0.08902136115250868,0.08902136115250867,1,bright_large_objects_few_parts
train,Thruster_29_jpg.rf.276834359ae14a48003ddd37cf448374.jpg,e2f69e63f512af785600604f72e42e402bd343334a2720027fa5a600f174c1bc,0.07641076930485577,0.19761404848977931,0.07227103289435892,5.0,0.14901472003534072,0.04023160784437468,0.0037689741553553623,0.14130672963483024,2,dark_small_objects_many_parts
train,Thruster_2_jpg.rf.5e85e3b64cf24fd9a88de6d1d60637cb.jpg,17e4ae8387ca26d93966037f5a5b4ac0be6c028e7d96bd0bd209d05e3b90920c,0.11274105144166052,0.09297086995656004,0.7494123271867341,4.0,0.049243286257185985,0.011731108185895005,0.0007704721745015357,0.10014130281192594,2,dark_small_objects_many_parts
train,Thruster_2_jpg.rf.9c9d3ee818af35a57f735cbf838da04e.jpg,e624d7d33454aaf3559ab95cca4a387be792f17a7fe62fdffd463a8f6fdd2092,0.3911876361453762,0.21189371835634002,0.2952206779928768,1.0,0.32730839288216335,0.32730839288216335,0.32730839288216335,0.32730839288216346,1,bright_large_objects_few_parts
train,Thruster_300_jpg.rf.9b8e399432b5303e3ef4f79cc94fa6ff.jpg,c5e1f3f66af775b48c72c40a10be1109b075e59959edef9fd48e6fb0ccb3a6e7,0.1128054676872142,0.17973276158363172,0.2765727622836244,12.0,0.8037853759503244,0.029604346614655892,0.010448592922819726,0.9415674879592405,0,bright_large_objects_many_parts
train,Thruster_30_jpg.rf.c5e11d7d7c33bcaa4fd36cb0466a5b4c.jpg,fdeba64cc3754cb0c16f83b8b1a6696999594469e5d7a26e931c876e7f0a9535,0.040282575786714486,0.14425135206740922,0.08909819359872856,5.0,0.20544415169156816,0.05363688475879442,0.00379001029017595,0.3751444043004872,2,dark_small_objects_many_parts
train,Thruster_31_jpg.rf.5133ff2ac5762bc46c09078f8a419c76.jpg,c2dfbd6352b6098db80816b1fb589fd4a6a4f522ba407344691f376c1ddd9cf6,0.06707110354497713,0.1759208534421587,0.12281990051269531,6.0,0.17994309725531032,0.01646603453081531,0.0069577015919095025,0.22252023413218053,2,dark_small_objects_many_parts
train,Thruster_32_jpg.rf.b08391010f6bb607b08039c927e1af92.jpg,cd618e9452cb33447e97ef9c5a8543a03dbb22d7078d0e54f1d2326f9750d5c6,0.08614717931727224,0.17848114680865385,0.11665606779210708,7.0,0.32328156691156235,0.023981193695470394,0.004466672626904865,0.45312886210287723,2,dark_small_objects_many_parts
train,Thruster_33_jpg.rf.beb5fe9abddbd1fa664bc8f0d65f80e8.jpg,c66fd9d1adf56cd36755f6db3697da1920db39a11dce132e5ef4be15a2ed4717,0.021881065612220096,0.1105040707348186,0.02877505433325674,8.0,0.10207083217196339,0.000655626201908328,0.000306776966133576,0.20583857921945428,2,dark_small_objects_many_parts
train,Thruster_34_jpg.rf.2495c3b391ff36aa8095eeb0fe828439.jpg,908b082d2d67628b7010b64c737c6c76b05cfc14ef0659b28b4707b2d753b770,0.020343853497482557,0.10370546990308335,0.023029514387542128,10.0,0.09375629988412595,0.0008879001905523213,1.0518067410294033e-05,0.3021420044281064,2,dark_small_objects_many_parts
train,Thruster_35_jpg.rf.4e8c04c58763db349e26f8f6039a1acc.jpg,ead5172ed7fce13bdec26dcd3eb71155a577c1905987bd2726a686864c1e398b,0.15806705694196402,0.2566496676827397,0.08426546582988664,11.0,0.5138707013973254,0.01658348628356359,0.0002892468537830859,0.9315589353612167,0,bright_large_objects_many_parts
train,Thruster_36_jpg.rf.9b5902c52a38b9fd7736b71375647940.jpg,0672c5305f22a72aff433bba0f93d4bd72c88d3c1730bdf65d7d95ad9b0407a8,0.09387153803053037,0.20713289849144548,0.16865729537664675,12.0,0.2998420536877221,0.0023025802572368683,0.00031904804477891896,0.34686833307914666,2,dark_small_objects_many_parts
train,Thruster_37_jpg.rf.b0c882d45d3d8e40ff0b0f0b1b41d025.jpg,20c42182fcf88a74f540925329e03a7cd5c31cd4fd00f097dc3d227d001663c9,0.09358905573774842,0.22514117908013823,0.16466061461205575,13.0,0.3682988954276209,0.0006310840446176419,0.00034183719083455606,0.3534596553229309,2,dark_small_objects_many_parts
train,Thruster_38_jpg.rf.2b580f8810dbdd1e5963224c2881e63d.jpg,985b397cbbd324a7844cef4b1f9cba2b114fdf88b7402206d03d98ff25e56855,0.06174599850265342,0.1928351827019621,0.0908535826439951,14.0,0.12321915971159461,0.000305023954898527,0.00023139748302646872,0.16064594957989084,2,dark_small_objects_many_parts
train,Thruster_39_jpg.rf.5128d6e69deb8fc5f615718d49a9ddee.jpg,11fb9a73d940aa51397e131944981d4fcff1e02a28ec97bc6407d9afcacdc5f5,0.05504036617723624,0.16267308835846675,0.11611594405828737,15.0,0.19668084852755827,0.0002734697526676448,0.00019283123585539058,0.2007565996490472,2,dark_small_objects_many_parts
train,Thruster_3_jpg.rf.df2cb454167a3607097c0c09d3f12182.jpg,8a3cf1020c125ba999bf2376e3fd6394ad2de5611c5474bd8503e4ca920b2f08,0.17033830867971114,0.10677572080909235,0.7020288205614277,9.0,0.1381822508794241,6.693291091229557e-05,4.015974654737734e-05,0.3003904419803218,2,dark_small_objects_many_parts
train,Thruster_40_jpg.rf.b6559d7fcbc06498736961931a242a4c.jpg,65f201447d34cfda35f0c4a4c0cc2a01c96ebfb6ee7ad75444e4cdc77b7184a7,0.017997822622554994,0.09956409045020521,0.0526891783172009,4.0,0.10253713316048642,0.015904194429982102,0.007778110849912438,0.23148513358822118,2,dark_small_objects_many_parts
train,Thruster_41_jpg.rf.90bd8731a5db48f296fd78f081d2c113.jpg,2495f4886f2224378d4184610e3be6b25584ee9c8e8dcbefafb9623e9872ccd6,0.0289220867969484,0.1167793747128593,0.10391975851619945,4.0,0.2133607504290495,0.04762493272819385,0.02577978322263067,0.2758836491383074,2,dark_small_objects_many_parts
train,Thruster_42_jpg.rf.d7cc53d317efce0454da825b71ab89b9.jpg,9474dad79ffb4cd59a2b7d8279b484710f19fc0bcc1fd47a83845d96402aa671,0.04339560751068383,0.1476615786289269,0.14902319814644607,4.0,0.19449659652868717,0.05301807179282212,0.019500496978685136,0.3100831453228784,2,dark_small_objects_many_parts
train,Thruster_43_jpg.rf.79d4025046422d273e0cfbbe11a675a9.jpg,94e9f55ed7d389677f1597f6df7ccc45eead711d0e14bb31ba666c13f7a57c8e,0.036252595444844986,0.127951395944309,0.13495670393401502,4.0,0.2643733773689756,0.0715824607719911,0.011569874151323437,0.40012130837746546,2,dark_small_objects_many_parts
train,Thruster_44_jpg.rf.a82ee1f940d743f473b5cb2210e640fc.jpg,42feb2f1c6ddebe3a324f0498a7dd42b64cd91fcc4b74c03b86cb3024c85e22e,0.05134996129798039,0.15876372930972482,0.18428283392214306,3.0,0.3025872692818088,0.09892242399381537,0.050916211321998354,0.3864162665418523,2,dark_small_objects_many_parts
train,Thruster_45_jpg.rf.8a0c220d54bedd06db73dfca9a6c728d.jpg,0da54d2ab0a291995e42f2b090c747829bdef8578ac854c717d6baee04bdae49,0.04066271111711947,0.15016831049134677,0.08239992927102481,5.0,0.145841769699902,0.02674218639067258,0.017228594418061627,0.19793951059432344,2,dark_small_objects_many_parts
train,Thruster_46_jpg.rf.11cf6116bd8f9fe6dec4a856c0002e36.jpg,9593d6d35de49cc3a02d0ddaaa1e23e42cb9e86324d1111b8e6ca441400c57f7,0.024400025889569847,0.10321154129044419,0.050333842109231385,5.0,0.1726137572815704,0.03123164816363308,0.00512755786251834,0.29397647809524813,2,dark_small_objects_many_parts
train,Thruster_47_jpg.rf.c83710ab8420276765406c4f929b7a7a.jpg,8929cfe4482fe9bf78f4331f9bac8b41d472bc779c0cc471196e4cf4fc777ef5,0.05609646951442998,0.17920222580854595,0.02222020018334482,4.0,0.15823030009799333,0.011397202544671109,0.005742864806020542,0.2969303020263057,2,dark_small_objects_many_parts
train,Thruster_48_jpg.rf.b3e52a50100ba1e6fd4dc9d0554e6177.jpg,12127963a801244bef6ff728ddbf86a6c090bdbde83786687c3f1c46680b6412,0.04850102243520965,0.16353702489903504,0.041519602607278265,5.0,0.1757551534147782,0.0250294944140297,0.008330309388952874,0.2970565188352292,2,dark_small_objects_many_parts
train,Thruster_49_jpg.rf.2c647ab5c25fac30f699eebad994f9c4.jpg,e694785c8100c49d1b52ef7a57fc25f87918916b03be14dfad706f4c702f98af,0.018228787008688095,0.10790017913350464,0.040985451492608765,7.0,0.157895474952099,0.010791537162961677,0.0006258250109124949,0.3129230235236577,2,dark_small_objects_many_parts
train,Thruster_4_jpg.rf.ac8068ee1e00a82c0bd2eba4f6b04e82.jpg,cb30d8c69e24e994f26c42bcdc87f5a548c0d96e178d5c0e95c3d2c313a1b162,0.16734268031748073,0.11851161373342936,0.6891633875229779,12.0,0.3581007414679131,0.0002543450614667232,5.9495920810929396e-05,0.7482140068271568,0,bright_large_objects_many_parts
train,Thruster_50_jpg.rf.2b8f8fd5f9c85a04960ae66abf7eb669.jpg,28335cfc762d0cca56008943f557f39c5b1c65ab9bc88015c7b88e874bb4d3eb,0.22450762640663255,0.29698132096706537,0.245038963766659,7.0,0.7775972176205678,0.09311645078333307,0.01168557289283667,0.9875518672199171,0,bright_large_objects_many_parts
train,Thruster_51_jpg.rf.4aa58afb45216ad4144034ff014f7913.jpg,6b0c96bbb7528c8fb74ab2c695ee22da66bde2ee955646516cb21366ce9433bd,0.050457424220847515,0.1616736880740297,0.13122539146273743,7.0,0.256949374788543,0.027364505379114976,0.0073153158838595,0.2226464509411041,2,dark_small_objects_many_parts
train,Thruster_53_jpg.rf.de196142666ea34cdd35f3e5441e2595.jpg,89d49ee1dadf98a7c42037a30bcccfab720f9eeff40769935e9fd86a304c1a21,0.034564156894230556,0.12760086164373396,0.04411796495026233,5.0,0.2301142788024128,0.012663753161994014,0.00255589038070145,0.1919722603502166,2,dark_small_objects_many_parts
train,Thruster_54_jpg.rf.74ad0a0516b0f2aec9eec561c45f1355.jpg,e027cb50c1884645a74ee340ed7529de9b859b8e4cbb018de5aeaaa4affc60ca,0.023300221013469416,0.1080353825155033,0.13141684438668044,5.0,0.22739886439932194,0.004827792941324961,0.0022087941561617468,0.34881768157252124,2,dark_small_objects_many_parts
train,Thruster_56_jpg.rf.d2bec2cb2c236bea35723ae01ea898d9.jpg,df23fdd3f9bc1dd012cee4f3b3b92e9cbc5d0581bcc518204722b8768d0706bc,0.02177687487387342,0.1041397138128781,0.052509307861328125,12.0,0.13655081015414228,0.008471426793374318,0.0001963372583254886,0.27171849444383084,2,dark_small_objects_many_parts
train,Thruster_57_jpg.rf.64af04b9b02679a973f085b4a8eff97f.jpg,dfca3b69b9b9396f209c77d46987e399672ff7a9430b96b58546e8950b8b0256,0.02565274146724359,0.11067492861616723,0.0554808448342716,15.0,0.13666650889565554,0.0011359512803117554,0.0001542649886843125,0.21909485017889482,2,dark_small_objects_many_parts
train,Thruster_58_jpg.rf.51c65725826a4e3fa6184121f0f7f72e.jpg,04c41eddf074bc38eeec88779df37f160fad9c9cc90f063ed9dc88002e73a81f,0.05454245599005142,0.15846689005149317,0.12020839616364123,14.0,0.4130147060112508,0.009951844781373204,0.0006310840446176419,0.4303993184292318,2,dark_small_objects_many_parts
train,Thruster_59_jpg.rf.3189a83c13ace6a2721410748d10a892.jpg,ce1183a674021fcfc1dcb28eb87a27a595cfed6d3c1b1c8f0c3d565f0323a567,0.0547496825416958,0.14193871719643242,0.16139865950042126,11.0,0.4434662641752871,0.04827792941324961,0.0006451081344980339,0.5607392097775955,2,dark_small_objects_many_parts
train,Thruster_5_jpg.rf.409a79ca565bbf01b8a83d2c848260e5.jpg,4b8660a416a3b1aaee9f11d54a0945ff97bbea05a20c06bc9dcd02ede29875e3,0.20613344030933212,0.14932225583143338,0.6422185561236213,13.0,0.28321694443824696,0.00031607207930806243,0.00011899184162185879,0.5729591039914326,0,bright_large_objects_many_parts
train,Thruster_60_jpg.rf.768b60acc6d7868f194cd7f44da6a505.jpg,3f6e47e6489e40a36d6da48688e3a7c8044cc107ae2777fe05ec1c731a076ec7,0.12818506931457985,0.3008523178202184,0.05221247579537186,4.0,0.22429778752452023,0.02397242863929515,0.007152285838999942,0.266713647367766,2,dark_small_objects_many_parts
train,Thruster_61_jpg.rf.a3d2579928f62a2f132938b49bf5cc1c.jpg,a8de34d065325dbb15784d194c73d70983ad3a94714858a12ddde167cf276dd6,0.019107794963818706,0.125433433571413,0.010639355229396446,6.0,0.09681881051175656,0.003511281503803158,0.0025033000436499794,0.05870484023932107,2,dark_small_objects_many_parts
train,Thruster_62_jpg.rf.45479bea3a41370b90be89878eba939f.jpg,491d20ab778ecf096fab6ae72b4faf52f3a3b7986c04442de594e99a5f09d2b2,0.03952763290514831,0.1736543763352981,0.012816766664093615,5.0,0.1092932384603653,0.0065159427606771535,0.003902203009219086,0.08633229730369339,2,dark_small_objects_many_parts
train,Thruster_63_jpg.rf.31f8d460bef0b0cc87b512df1d258d32.jpg,7efe7055f05cb7d0b449be494644d2c876ac7822b90dbb82b76227b3d39f6859,0.0960549238356147,0.23067820971737038,0.10448232912549786,5.0,0.23601842064205789,0.009950091770138154,0.007218900265931804,0.23236514522821577,2,dark_small_objects_many_parts
train,Thruster_64_jpg.rf.d20c6e9fe40eb5670679d1dca540a5de.jpg,aab5c96dc168e303c13024f8da8201021fff2e625e76b631b0319060e5627c9a,0.05871018176767259,0.16665494018095126,0.1325463388480392,4.0,0.2835022359658303,0.0757397269159098,0.005841033435183286,0.35498477509742365,2,dark_small_objects_many_parts
train,Thruster_65_jpg.rf.ac1a6f34ef5c39ab1d2b647da8a68459.jpg,3f6dd84c05d20107ce7bbed251ce149b844e125be43f8bbd3d399d87c149436f,0.02935884782752239,0.13664091980888393,0.059231384127747776,6.0,0.08633930934863361,0.004283482952842245,0.0011780235499529318,0.1886310209362132,2,dark_small_objects_many_parts
train,Thruster_66_jpg.rf.d2f2046d98bdb3622ddd9e390510accf.jpg,b0e5fa40b5d79580619d346dcb98cd39b39cd4e3edcd51b3a52d8b3bd253fc9e,0.04172787511630456,0.13813148127929312,0.16749034208409927,3.0,0.3856782488118966,0.053391463185887555,0.012579608622711664,0.4356793882691994,2,dark_small_objects_many_parts
train,Thruster_67_jpg.rf.c36404ae9887551deed0e32d0e9cb119.jpg,3f7e05771b679b04c194e9c9f56120c497c8cdf7e064067ab7a2bc3df7e23e56,0.09590467358638635,0.1690721077366725,0.2959570791207108,9.0,0.49591460731671827,0.010621495073161924,0.00031554202230882095,0.6665790161049143,0,bright_large_objects_many_parts
train,Thruster_68_jpg.rf.58593d298f505177ba0fdc9546a7f395.jpg,8aec15799a8bc42142ecb62484c69b72151b76daf8340ae20cdfca8ede943ffa,0.0755722799701933,0.1614571923273413,0.2686379825367647,7.0,0.5595015838456509,0.023602543268699806,0.0008642345388791598,0.5994930291508238,0,bright_large_objects_many_parts
train,Thruster_6_jpg.rf.58dbca2690d4fddd83aba2808b1f6b4f.jpg,3596edc1cd5c5ec73cb59327006c9b9f40cf24458ec2eaf1a1ec5a4785ab94bc,0.027834501596984255,0.10131118734936752,0.060498858433143766,21.0,0.2553817778868536,0.0028900143533908953,0.00027070643968972875,0.537555312613879,2,dark_small_objects_many_parts
train,Thruster_73_jpg.rf.2516c450c7cf037acb3e695f5f09734e.jpg,0fd881e1648fa5f019e4511493c04820f2d02c83635ef734ee3ac323ad820c8e,0.02397474536394696,0.10788118180347948,0.0,1.0,0.0536789570284356,0.0536789570284356,0.0536789570284356,0.053678957028435614,2,dark_small_objects_many_parts
train,Thruster_74_jpg.rf.96af51b51d7d8ca86aa14f9b137c95e4.jpg,2f28bf3663bf1d7df4a768c7be9d278e87025fcf75e8fc6e9158ba4e809e5a39,0.016529802892447914,0.0826484428239586,0.06650252248726639,6.0,0.2069727774885309,0.006964713636849699,0.004075751121488938,0.1486763888669763,2,dark_small_objects_many_parts
train,Thruster_75_jpg.rf.2f1f73216ed060e320be0db909ad16f7.jpg,e4edc2d3eb20da1a22af967e17a5ac010a89fa4355a6f6b41a6d02e645ea1dab,0.04559152562746029,0.14870785744673767,0.038295966503666894,3.0,0.25251075034139897,0.08850953725762428,0.004557829211127414,0.1594433838726472,2,dark_small_objects_many_parts
train,Thruster_76_jpg.rf.22e4025b1568dfc530f999d846c29285.jpg,6c6b4c25301dabd0f20692479e0237937684016d99eff45caa6c27a0cfc2b14a,0.023721713659913827,0.10135384649082978,0.040760309555951287,5.0,0.15173889949460687,0.006563274064023476,0.003951287323800458,0.1543000489090135,2,dark_small_objects_many_parts
train,Thruster_77_jpg.rf.248e3faa180f6035745234016a7987e5.jpg,99249fd014d14f8e6337ca6e2d6bd084757476bb9c878d20c1974268377cf24e,0.016096912235698754,0.09665925496415567,0.050223840451708024,6.0,0.1604583773777406,0.008972788006598335,0.003506022470098011,0.23689667927081742,2,dark_small_objects_many_parts
train,Thruster_78_jpg.rf.2fb9ef78e1bce50941473da03ea81528.jpg,239fb99ad04c763d636b6184fde96a8e8c21a657af2fd6c04c197af75904ebaf,0.17729690273506532,0.32868156850735847,0.18527507407992494,7.0,0.42250375582657107,0.03818058469936734,0.005727087704905101,0.8517110266159696,0,bright_large_objects_many_parts
train,Thruster_79_jpg.rf.feb3615bd16c85bcccec2c317245bb4f.jpg,6200c79ac5c882b185fe6f69401bb2df9103dc15575466c09ca88e165db445c0,0.030590279786436487,0.1365028452469515,0.027858401279823454,9.0,0.1145487661430422,0.008456526197876402,0.0015777101115441049,0.19221768192312344,2,dark_small_objects_many_parts
train,Thruster_80_jpg.rf.51e65096c6ba2bfa30fea489b20a44ad.jpg,9aa2820f3fe59d94cece56bbd594c33d285e5d6153e2d6d879743443e60c40a0,0.02649038523178091,0.12562883664785662,0.026036286821552353,8.0,0.11506590445738166,0.011503259724391573,0.002019468942776454,0.3719837250436938,2,dark_small_objects_many_parts
train,Thruster_81_jpg.rf.f9366b5fc2a9af0be90833504619b86f.jpg,b7b4962ff5c5a8d2f1d1a775fd2fb6707296839ef681a9d7fabba6bb7fc3df66,0.02819035240922349,0.133864059212247,0.02744147356818704,9.0,0.08612193595548755,0.007194358108641118,0.0014918125610267035,0.22655917201773348,2,dark_small_objects_many_parts
train,Thruster_82_jpg.rf.ebc1f24077bb857609ae31a49538ef06.jpg,65f81802ea21db20bfeb00f0b02f04abb237442a6d40e11f546a7c5e4d411b7b,0.08888217932431866,0.21377727592260773,0.056612859987745096,9.0,0.28597924084095455,0.025597470054185577,0.005725334693670051,0.7812820472366407,0,bright_large_objects_many_parts
train,Thruster_83_jpg.rf.f9faec5e5002cb8831f0788f48daa612.jpg,9812d1bb8dc661024e5711b80e7ba7c1f92b87b38c3cfa91ce7c1f0064e5393e,0.053735933330851623,0.1584145698965234,0.20504029217888328,6.0,0.3882954945858248,0.04411540423562575,0.002371824201021304,0.7722680634660187,0,bright_large_objects_many_parts
train,Thruster_84_jpg.rf.e4f1463218b188ae1057701677027e46.jpg,08bb84c894217b8467d0c66b037a5c0d07ecfe599203796a557ce79da2f59e30,0.03717338006380067,0.13602814502201788,0.19454531202129288,6.0,0.3214742123282268,0.017642305069533192,0.001893252133852926,0.40017740473698693,2,dark_small_objects_many_parts
train,Thruster_85_jpg.rf.4a6e8e9780142e4aa220bf83bd448362.jpg,112c5015c0468c16dca84fb026eaa65533d3fa50eaa0274cdd6aa9e8696c1fda,0.032713444499681485,0.12225463792719957,0.034668870065726484,6.0,0.18564739581415976,0.023866371459574685,0.009145459613250662,0.32225605533905866,2,dark_small_objects_many_parts
train,Thruster_86_jpg.rf.d3d771bed167465d1c9ce2433e1775fd.jpg,58d040786984a8b84fafae71195996c6a43b9ee2bb314d5aba039427f86d6186,0.03792190211205887,0.1255711115616236,0.02797399595672009,5.0,0.21375517795693555,0.045424027122589826,0.013799704442305771,0.2331802954525135,2,dark_small_objects_many_parts
train,Thruster_87_jpg.rf.4e84862f672c89ea016a35d0b3f05e92.jpg,d2cb52fc89fa2565c160e5da3ba4a82558bb424183b38098d04e2afe6d0fe0c9,0.038145957571559724,0.12588729193551085,0.012462493485095455,3.0,0.19369897641673986,0.0705271480084916,0.0432765883596548,0.13017686130350412,2,dark_small_objects_many_parts
train,Thruster_88_jpg.rf.c0c1600461750898759b6467dc127f2a.jpg,da5baf528bd28249c3c5bf060d2ce837d59dfcdb91e3686ec8eccc1ba2a5688e,0.03618284622135163,0.12827366642925028,0.01761328753303079,7.0,0.17779039945867015,0.013722571947963613,0.0061004790979705395,0.2829798386177857,2,dark_small_objects_many_parts
train,Thruster_89_jpg.rf.dec01954cc89cd7abc07f4b47b629977.jpg,c21537090c5f4b080f0a87e401832c5b28b485093dc3b5f201c3b86a52105f68,0.03583298642615903,0.13087201747812527,0.012466487697526521,6.0,0.1448215171611035,0.019161289304703153,0.007523924220830331,0.18231141543386148,2,dark_small_objects_many_parts
train,Thruster_91_jpg.rf.115b4987d824b17de68ed20ce1c07e4c.jpg,11609a4cb07792b63a949f5510eac12ba9e26fa3b5619244313f03e19aaa8e36,0.034154234121937466,0.1564025900585417,0.08907823001637179,5.0,0.1364614065811548,0.016324040620776338,0.005539515502754857,0.20932356555473164,2,dark_small_objects_many_parts
train,Thruster_92_jpg.rf.f98ebc8b95161031ee22594b10d46617.jpg,17f1fb41f995309c5f47a21be9ec88498bfebfb943c817fac963b8ad543f2136,0.019146154974373896,0.1061860051884591,0.07330207076727176,6.0,0.13320080568396364,0.011232419488576503,0.0065159427606771535,0.17091859541727805,2,dark_small_objects_many_parts
train,Thruster_93_jpg.rf.17586c661c538821cbd0bdfd3eb1cc2c.jpg,a5a5e3d6f12a7dc71433b2b4739266ff3effd78c13cd1dfd58e1711595d3fdf1,0.06658558169022803,0.1859169293779367,0.10549451790603936,6.0,0.3148729817600705,0.04655476212556803,0.0026316249275899935,0.38040017364961226,2,dark_small_objects_many_parts
train,Thruster_94_jpg.rf.59d0e9b5ae4104c448bf913d31452e63.jpg,0914e55a6b73786085aca398ee3df126b5ad16a75c034e55f29a9afd128abd1a,0.03826446631430227,0.1425862909927802,0.07227009791953891,6.0,0.09398718057274803,0.01319777373670579,0.004060336520045643,0.37769097089218534,2,dark_small_objects_many_parts
train,Thruster_95_jpg.rf.ccb2807ebbb63e756bdb093e5e42c493.jpg,de7e40d85cd0140e7a508a0ff498914cc42e76b15bc223ead00ac773a66a886e,0.04426138130081037,0.13984874975824352,0.06901179294960172,6.0,0.20965502596007943,0.02763071770244897,0.0045724147107564644,0.3633416529238858,2,dark_small_objects_many_parts
train,Thruster_96_jpg.rf.b19c35ad5d9986c3b4c5a4e26ec26db4.jpg,a61d2c6b9f5d7bb88dfe73e14a7aa6fa264512f1314605370437e3d6a7c0e72d,0.028803962074220528,0.11824411735393293,0.05911594465667126,12.0,0.09631774115724294,0.00260138408955589,0.0015322024603945824,0.24054772205847375,2,dark_small_objects_many_parts
train,Thruster_97_jpg.rf.d4f5e5b398b25f295fa447702808bf3e.jpg,8ead278343c230bb3329e68d1077d4177f226f0b05bf0cfb1b51e1ff8f62710e,0.049576816696273694,0.13289629542265052,0.07494914484959023,17.0,0.2792869075987834,0.0026665698959849574,0.0019958953102508377,0.2896265861319549,2,dark_small_objects_many_parts
train,Thruster_98_jpg.rf.53c8c858cf65d6ac9db3197e0fe98dbc.jpg,245d364b56e4eb4ea3cd0b8de55ba84abe86b83e7b0472edfa5b97d8471e5ba0,0.03708373749982771,0.14124207988940962,0.007216199239095052,6.0,0.22752265710787378,0.03319234382623211,0.012332885768930428,0.33121378659645423,2,dark_small_objects_many_parts
train,Thruster_99_jpg.rf.6c61454818d1a1b75ba8e597c8538194.jpg,338acf552ce24fb662b280d8f1c147436d0ac2ed9103512faa86abfe71451d21,0.04735142834395874,0.1938831074054489,0.027414675319896026,7.0,0.18971892149075234,0.021948128226529414,0.0061812272941707755,0.2856952771875214,2,dark_small_objects_many_parts
train,UserView-0_jpg.rf.b5b2b978f7b8a9c0785ee415e04803ee.jpg,80566ffba0f445af13d277d3104f914fec8608f94c87948e428e174c498b8837,0.13796574835683786,0.14153473538253558,0.1916309730679381,4.0,0.03148078918457031,0.007581233978271484,0.0048122406005859375,0.08518600463867188,2,dark_small_objects_many_parts
train,UserView-2_jpg.rf.3fbac31b0290078f166aeef12fd98444.jpg,5d9af9c125ea550328273ee92aa896e3b185918054e3a1f9288414b6c33ee75c,0.29982250812006933,0.20470781914394948,0.03498706069647097,8.0,0.039656639099121094,0.0018520355224609375,0.0005207061767578125,0.12958526611328125,2,dark_small_objects_many_parts
train,VCZCTC5chyJqS5sjuEYayQ_jpg.rf.a35445a87aa143d65eb0cab64c96e7dd.jpg,f39d172e888c0b6a38d434d9fbf2b504986a57f545714cbe3e13365e0c17ea51,0.16034027450980393,0.2589562529862193,0.4266565958658854,2.0,0.19246,0.09623,0.04179,0.16139599999999998,2,dark_small_objects_many_parts
train,View_of_ATV2__cropped_and_rotated_jpg.rf.a3c2c0d42d21e085c7edc33d5aee0767.jpg,54c3f5292def39232dfb037182cc0427c9df9dc53f6b010d546f217331377a65,0.07659471701938228,0.20766380263882703,0.023988084232105928,15.0,0.2995689327811083,0.00010632696046662346,3.417652300712897e-05,0.5949601811862039,2,dark_small_objects_many_parts
train,WYm351D_jpg.rf.56888ac2890f0d31a0ef2781d59f1412.jpg,a6323fed6ff2cc700182b48affe660e0c80e4c2cdb97ff1ef00eaf262914cfee,0.06787017719429178,0.10586473120136614,0.11792273427925858,7.0,0.250337910899654,0.025388372260668975,0.005369028738946559,0.32438244905805463,2,dark_small_objects_many_parts
train,Wi2Ke6f_jpg.rf.8b6daeceb57b70f94ef48c555f787852.jpg,7d7d2390378dd658446a881dd4c36eb5dd70392300de08fee4a15d588af7d16e,0.09176364312662734,0.10235607943548394,0.18972721473843443,12.0,0.5482227799300969,0.024818000427756524,0.006724982334738432,0.5452880452880452,2,dark_small_objects_many_parts
train,XpKT4ym_jpg.rf.4620e4a9fe90fcc0e6432fd46790235d.jpg,31439633a77f57a4152b6996d5759dca1f103f3e8fe2a6cae5fab6b4c0e5f9dc,0.1992512387285161,0.2826560162922803,0.13863018260282628,16.0,0.15296489197530866,0.006574074074074074,0.0010971257716049384,0.6822434413580247,0,bright_large_objects_many_parts
train,YxEyBLN_jpg.rf.1e32fb7f3cd87f10ac361988643c1e84.jpg,186b49b9f6687d8092881e719dc25a5666a4e545ff5014744ad93d67c4e89d4b,0.1220344082849189,0.07093429410067252,0.20401421341241574,14.0,0.08362413194444444,0.0026692708333333334,0.00016975308641975308,0.11622299382716048,2,dark_small_objects_many_parts
train,aJGucOt_jpg.rf.c5c955148fcea7789641b7f7ce0e3cb3.jpg,1cb903ac64f99ec0de2a22fb420efc92538d759db235f3488aa9c249af1bb37d,0.12360641339869281,0.18136698181730151,0.18077814438763787,11.0,0.09535349151234568,0.0005570023148148149,0.0003255208333333333,0.18762297453703705,2,dark_small_objects_many_parts
train,aerospace-06-00091-g009_png.rf.34d8dff82b3994224e9b22c647610404.jpg,d0d4e6dbe0fa6a2e56dcf7f49ca9a5e2e04851b6fc2492372ea8f50f3b2b8315,0.7605943924627867,0.2937434954398242,0.1152945499794156,2.0,0.07235069889275256,0.03617534944637628,0.028208787060761346,0.3424367164622987,0,bright_large_objects_many_parts
train,apollo_csm_rcs_thruster_1_of_2_jpg.rf.ab96cf29f11546ce450a9d82f2395b9f.jpg,9426a17f940752237aa1fab3c69978045c21e8526750450e5115a84c59d693ae,0.4885058833103554,0.19570907991487335,0.12728295419730393,1.0,0.17054551068474263,0.17054551068474263,0.17054551068474263,0.17054551068474263,1,bright_large_objects_few_parts
train,bf5f00bc4c8f2fa62372cd8056fbb0f5_jpg.rf.0bb7ce3dfce89315db5c906f6d76db2e.jpg,8a231ec77fad8bc853545f808e792f3340316053900ba007ded6ca7d5f169b97,0.10721334154050075,0.16140706321686285,0.2376826566808364,3.0,0.055637359619140625,0.00039206610785590275,0.0003746880425347222,0.07524426778157552,2,dark_small_objects_many_parts
train,c1_radiamic_jpg.rf.ffbf400b58df843c198f44bb46f96831.jpg,a906f5aba802e16897bdabc4dd0c6420400e079ce81727a29d1ed51ac0b74bee,0.6650332916702163,0.19906649681559166,0.1009876101624732,1.0,0.28077904371832,0.28077904371832,0.28077904371832,0.28077904371832,1,bright_large_objects_few_parts
train,c67177aa55c1e1a8feffe09e4b0b027c679a802a_jpeg.rf.7a75b823f93c7a6801600d2b302511f1.jpg,6e035fe4eedb4f10e82bea3b18648e5e2cdce40fdb29d1223668d48c1bd74ee6,0.3148138408526991,0.24713669675077143,0.31288999669692097,30.0,0.14610001929012345,0.00017385223765432097,0.00010127314814814815,0.2619212962962963,2,dark_small_objects_many_parts
train,coro_silo_1_jpg.rf.457c13dd6e6c6952eba26a9520242626.jpg,e0615592e4ebe596d189ae50fb73ca1639c1a9febb582c7ef91cbd287cea2c6c,0.75834728937237,0.3375452202827339,0.1648236592610677,13.0,1.00814497716895,0.05886130136986301,0.0077454337899543375,0.9306335616438356,0,bright_large_objects_many_parts
train,dNfJskS_png.rf.6907f30d06a27f78d7215c5d7545196b.jpg,b78da16945706ad6451e830a7c77802d4f94271c8fdc54f2cc492715138f440a,0.1754269939746732,0.17783905782933845,0.30590221928615197,3.0,0.240673828125,0.058375651041666664,0.032241753472222225,0.20803276909722218,2,dark_small_objects_many_parts
train,dawnblueglowceres1024x576_jpg.rf.5eb52dd84e0414eade9a30943ee5bc54.jpg,43d3f0a5d4fa7c447607225567bf7a5ef2f7fd5a71df02a5f23075e6c0b8942c,0.09002742725779547,0.1481569400822577,0.49059914981617647,4.0,0.5321400960286458,0.1475677490234375,0.030868530273437497,0.9404296875,0,bright_large_objects_many_parts
train,divert-after-firing_jpg.rf.11c23dd906ebd9fd51ed2b3016ae8342.jpg,9732441edb2b065a689f5b531fca464f4bf1de3aa0bb0f70bdd6b454a4371a59,0.5035646021371512,0.1293042739823518,0.46990344477634804,1.0,0.22647619047619047,0.22647619047619047,0.22647619047619047,0.22647619047619044,1,bright_large_objects_few_parts
train,eIRjWT4_jpg.rf.0d4f7792f70e04929c458e6b916baab9.jpg,56bb0da2cb31b27bfe5867ce19bc27b683c37ebece5ddcd58870c2653c84f81c,0.06713388106584751,0.15340866702397007,0.18521673165115657,6.0,0.04889389641288434,0.006937454245973646,0.0005948023426061494,0.06304904831625183,2,dark_small_objects_many_parts
train,ecf0cbcac25e9463f88c21a13f84e83f_jpg.rf.bcefa6806cc96ddba758f7d7cd53e097.jpg,5712e0dab51fb91440c768f76cd26b05d13e8bbe6878b6080610a948d26018ca,0.21356122549019607,0.11010772497247191,0.33641590791590076,5.0,0.133153125,0.018218750000000002,0.016415625,0.5184000000000001,2,dark_small_objects_many_parts
train,f0de6f6f9e60e4d62b8e527c374359d3_png.rf.afd4126ec753c90184855434b5ab1008.jpg,a77801dee61dd6eb975c4262d6d7636dcd02922bdb7a44e5d9ad7f2c13d1f5a2,0.10335502995642701,0.15513958353688373,0.09496272217993643,15.0,0.18000486111111114,0.005590277777777777,0.0004618055555555555,0.4199722222222222,2,dark_small_objects_many_parts
train,fQncjW3_jpg.rf.6c981332f149718626d381adcd72e868.jpg,a25dd2bbc98f939eb63c9cb2dbac1bed3d28c4b2ab6340f23b4ab6c599f7b6cf,0.03212990763435003,0.0967294662672657,0.043749704547956875,6.0,0.028603877314814813,0.002414400077160494,0.0007291666666666667,0.06916666666666665,2,dark_small_objects_many_parts
train,fdj097T_jpg.rf.2ddd8a1dd4babbdb9bdf4f94603b5289.jpg,b177abab2321250cefff698fb631b93dde6509b24f64e4ebbdb18312bd83eae8,0.38908494604439,0.16868732202854117,0.24484329223632811,48.0,0.2816492716471354,3.0517578125e-05,2.0345052083333332e-05,0.6209665934244792,0,bright_large_objects_many_parts
train,gE2yfcJ_png.rf.b72c181d1f68c818f56f6a89d2f99f8b.jpg,57d7c7b3010b2f590c35236db9b9b6bcc1189dec23931635ab4213b4a3629e42,0.049915457321975526,0.13514455026714853,0.09097279567344516,5.0,0.03271421471762348,0.008548860565173474,0.001125474203031665,0.05203162108172731,2,dark_small_objects_many_parts
train,https-_airandspace-si-edu_webimages_collections_full_A19800081000CP-JPG_jpg.rf.078429ac183cb45b261bda31b0215f0a.jpg,f4764a665197ceff4f14f421f8fb1793c970a23927b06749806c585c52d15cc8,0.34756936174929254,0.3691843141629378,0.26017503925398283,4.0,0.14719660837307896,0.037416534181240066,0.02461755873520579,0.6040275569687334,0,bright_large_objects_many_parts
train,i1123mages_jpeg.rf.856ae22f6845b56092d906bf20b6a3bd.jpg,81fc133e6aa2575e2dfeca374de40aa133cf2928270828a5c900906705b434ac,0.5708839276804869,0.22188308862755987,0.20245690439261643,5.0,0.16020594783715014,0.02946087786259542,0.02341762086513995,0.40744274809160314,0,bright_large_objects_many_parts
train,iQiMhEj_png.rf.2e85e96e752e4e29745b679e758dc183.jpg,9a0ce5881c4e41971bf3dd512b522cfba76eb0f5363f9fa3f41833b2d220684e,0.09749903833061002,0.23252168822256172,0.11080613977768843,7.0,0.38561848958333333,0.007405598958333334,0.0020616319444444445,0.5104687499999999,0,bright_large_objects_many_parts
train,ihqjNlw_jpg.rf.eaaec6b50990dbf9bb7161d7cddc29a5.jpg,95ab09b06d33a500cecc76e6425bcd5d01eb9020468a2fc3470c887e821c0718,0.04170958076427185,0.06988323298774551,0.058398811489928,6.0,0.07402250501844618,0.010469648573133681,0.0009091695149739583,0.09861585828993055,2,dark_small_objects_many_parts
train,im3_jpg.rf.3610d2bbd6db0c5941b7c1658b7812e1.jpg,9050214b88d4187c2a380315783613a1d7ea95e8149aaaaafd6f4eb0088e1b7f,0.6734818865132739,0.28073822733324005,0.028577778386134726,1.0,0.05088737297970505,0.05088737297970505,0.05088737297970505,0.05088737297970503,1,bright_large_objects_few_parts
train,ima516467348ges_jpeg.rf.c0f721d8863afb3ad6f008e6956be9cc.jpg,ca222db387a76c105dc99b30349eae06912b5894663de48f4801a8645ef97ea1,0.44254662252294746,0.12625364222036747,0.33775960884842215,24.0,0.13030880368341669,0.0053584186711121695,0.0033539731682146537,0.5094466936572201,2,dark_small_objects_many_parts
train,images_jpeg.rf.3051ad22a4a1c5eff00de0d665d01559.jpg,d6a3d3e28ab3f81b5386ae3ecae18613c5a280e2663d8a50b9172421a62c4527,0.6700219191634897,0.17886532302361585,0.13773514990713082,1.0,0.1072996164340227,0.1072996164340227,0.1072996164340227,0.10729961643402267,1,bright_large_objects_few_parts
train,imagesqtbnANd9GcRwZL1NaAycep4TzcTfYmbMR8hN0WzkNo7rjwusqpCAU_jpg.rf.aaba54d1af1717b3a1fd882a7eeeaeaa.jpg,ec4f1d846ee1172a1daf01705f5a37627f471a96b830fe9d988d87e451e4d129,0.16335521090092253,0.16802226931865943,0.27730754777496935,7.0,0.5226435751965761,0.09029561063003881,0.012103115357818254,0.7224445107992435,0,bright_large_objects_many_parts
train,j74cptK_jpg.rf.6f9e4d0a1e44c6927f5b8fa0b349cb24.jpg,fb14dcaad489491e3c906af1652e40b8cb54ea92c02199552b2548a30aa727fa,0.11491074800290486,0.10356070649761075,0.16522638657513786,8.0,0.08546604938271604,0.010406249999999999,0.0004614197530864197,0.18887037037037036,2,dark_small_objects_many_parts
train,jD2SKkg_png.rf.fb314a99825ec17d5ec6f2ff904d74df.jpg,14d083271f3ad2d0b8feb12ebad2efd5dedf7256142de8a5961f68ed4f50cfd9,0.11884490551621883,0.15613944053893675,0.12188961552638633,9.0,0.1097366898148148,0.010850212191358023,0.0031645447530864197,0.30757426697530865,2,dark_small_objects_many_parts
train,jyzexu78g2r11_png.rf.cfa01de36bb86c1fd6ea46e423f88c0c.jpg,69f1bc06f59984f68f3708b240e1a613e0c6debbd70345a42a4b2fa299bc574b,0.14675150686359612,0.1256818131482265,0.2504221897499234,8.0,0.18501536051432294,0.013342327541775171,0.003743489583333333,0.2919336954752604,2,dark_small_objects_many_parts
train,kerbalosiris_png.rf.7957e94b7fb4331b65ee60b12112f3c2.jpg,7c65061be427fe3e1183b17f9c3222d4164fbee1367b74dce9c5b44ab0ef5f77,0.10908318847239983,0.13951224138002521,0.12778730205461092,7.0,0.04725925611413043,6.114130434782609e-05,4.245923913043478e-05,0.0534065047554348,2,dark_small_objects_many_parts
train,kerbalspaceprogram_jpg.rf.daaa984b5648d86f99b109a50c9a1adb.jpg,8d1867c09c35b454f8d5eec62c38c5f9e30f80222489ba471aed3d5d9197120b,0.12123950430305715,0.1759318859890723,0.20987632601868872,13.0,0.1899727610257122,0.010992747839966689,0.004169124535896456,0.5414110482667686,2,dark_small_objects_many_parts
train,kt53eXoytVU5B3zfLyEFAc-320-80_jpg.rf.19c397c7225d96d289fb190483133335.jpg,ee01b12380a50db839030c57a9d10325523c1ea04e1072f7c43e1878ae165b65,0.2032453533496732,0.23213423537614403,0.21009599274280025,1.0,0.005690104166666667,0.005690104166666667,0.005690104166666667,0.005690104166666662,2,dark_small_objects_many_parts
train,lN3tumZ_jpg.rf.41fc2f3fbc567d8066a3d3fd7ababf92.jpg,6fed3127292e570ee9eab756a86e93410d13e6e8e4bd5052a50365da96d4da3b,0.12402127073071,0.11283394672616243,0.15269004971373315,9.0,0.2819367395523496,0.013899044990460904,0.00042884711600314486,0.23909601227162514,2,dark_small_objects_many_parts
train,lg_plasma-thruster-mdash-smaller-cheaper-rocket_jpg.rf.32b6522a9a07ac21fb542e666e7b39f3.jpg,2043c11f567ec1c242fb5db31b8e1edb3bb25b71f3adba6bfbdd1fb3349b64ad,0.28714809712640155,0.17710573193080412,0.31371890797334556,0.0,0.0,0.0,0.0,0.0,2,dark_small_objects_many_parts
train,ljlMs8l_jpg.rf.039ef06f5f5695181988937cb8b57f8e.jpg,fd9813e6a518c622b4d9260c406e264b5e9e3747b6f0ed7dd003157e56cc1360,0.1388286736916989,0.10869672880190016,0.2018930622175628,5.0,0.15876870748299318,0.021330498866213153,0.007551020408163266,0.17741496598639453,2,dark_small_objects_many_parts
train,main-qimg-de0d1f7d7981a04988a3166f6739d9a4_jpeg.rf.ec395f6c0d98fdd120967de4bef98a96.jpg,011d22f95b0c0305368df28baeee8980da36de48f8618d0292f05e2e8c6e4567,0.1564906559638781,0.14585680454932687,0.16159316418217679,4.0,0.24541743111684103,0.06122006247830614,0.047160377514421245,0.8716219566618734,0,bright_large_objects_many_parts
train,matthewbakerkspfakoacomakingofwip0002-1-_jpg.rf.3f40a14a0b94341360a816f1abcdb2ad.jpg,412cf6b6a66c1ab5dd38c671a28304c54fe8b027553b6ef852f4b7a9b1a2db41,0.180692340160511,0.11572989830518007,0.026389378192378025,20.0,0.2071690025907762,0.0002895146190027228,0.00019080895072243304,0.48946938605734563,2,dark_small_objects_many_parts
train,matthewbakerspfakoacoss001cam002printcompv0030001_jpg.rf.90c83ede4af6b8d198e947f04ac8c99c.jpg,2869ffdb3a164914d29b33f1ef48917c15739f5f117b12b4f6ba8ec272653054,0.15592719113108208,0.21377897996005113,0.20381194469975492,20.0,0.23651957947530863,0.00021219135802469136,0.0001388888888888889,0.40746652734374994,2,dark_small_objects_many_parts
train,maxres5631default_jpg.rf.2a2e087239626705d85f45c2e341bdb2.jpg,e041fe8c7dff4d80cec3550d5553c616c420109a3c6b45f636dbb33e0b004a13,0.1662664249727669,0.23069641263610705,0.34403737386067706,1.0,0.0157421875,0.0157421875,0.0157421875,0.01574218750000001,2,dark_small_objects_many_parts
train,maxresdefault_jpg.rf.9ef2acea867313ac42e00d0a2fb68257.jpg,a3404375a71548ecc7ee59d0431398c7098d0e0af164743c223a53101726507d,0.29908189082924835,0.18116235013700377,0.49524464326746326,1.0,0.005690104166666667,0.005690104166666667,0.005690104166666667,0.005690104166666669,2,dark_small_objects_many_parts
train,mvlg2ox2uc631_jpg.rf.642297084742bbe2c763d3e598e5fd43.jpg,c47a82ce664d6f066a40402ec5d85323437394c2bf2c7272b64c666ee30e750b,0.14266930027825084,0.16086509904474433,0.19117786183076746,10.0,0.1871392975794969,0.012674418604651164,0.00014356905552918842,0.3598504983388704,2,dark_small_objects_many_parts
train,nErIxMD_png.rf.b76925d280c88ea859f7f3ae8a2fc925.jpg,9aeb7acec9436cb2284681813263bb785cd4e679327a2cebcc11c1ab20ab707a,0.07197801501019249,0.14856486155526122,0.09801859388164445,7.0,0.2811302708168229,0.033667641352171186,0.0019183996939305334,0.5435465799469844,2,dark_small_objects_many_parts
train,nOEf9l6_jpg.rf.abc7d8b30eb32b647b3966aa07694f84.jpg,a3cb899ba547c7a73d66d7f0e7a7bcbb0cd9654af54d429faf9a9aad28229130,0.19174898965141612,0.15968270292140277,0.2550251979453891,4.0,0.13968541666666667,0.03089236111111111,0.02038402777777778,0.30580555555555555,2,dark_small_objects_many_parts
train,nZPxF2Y_png.rf.f2e9cda9c9d23a2e4b876725e61e5877.jpg,601e66383fcb7c3b388ab91ce4f07217fff4edca674b8514cb354401c69da846,0.09577376920413347,0.14282774005042867,0.04429644790350222,3.0,0.1605084737141927,0.053466796875,0.045024871826171875,0.23726654052734378,2,dark_small_objects_many_parts
train,nasa_orion_spacecraft_1_jpg.rf.fa483d03add4e2c414217a14b40b14b2.jpg,d092de68d17f058eba70c04c0ca3d9846d6474e077d27a9e78457f864797595f,0.060162925720214845,0.13014015884165497,0.15852714987362132,9.0,0.36113834381103516,0.02081298828125,9.918212890625e-05,0.5956562757492065,2,dark_small_objects_many_parts
train,nsgajPY_png.rf.6cd4a93235fecd1fc6b9412b55075c35.jpg,b21df2e99448fbbe3724e841f35c8defecb7024bab67079bc86170b471be2813,0.11603871357570807,0.09814165871426817,0.49080903296377143,9.0,0.14458289930555557,0.011076388888888889,0.004403645833333333,0.3824934895833333,2,dark_small_objects_many_parts
train,q6hExLx_jpg.rf.536b5c527f12af7a2f03d2006103d275.jpg,b8c4b4f3824298cd20c4a854e1d33504b6bb4b61a3a32a1bfd322c715cee1f94,0.100035648748327,0.14393784183552913,0.1846517525467218,6.0,0.21873565197428832,0.025085131619222528,9.039256198347108e-05,0.4256968357820631,2,dark_small_objects_many_parts
train,reaction-control-system-akser-640xy_jpg.rf.f4b41e0d607ab97d6c5c66d5b5310a6e.jpg,7d4f88e7dd249a2719186b683e68c11786eaf0b2c0da359c52d2c09aa6ff83ab,0.8748481012658228,0.1657984438796038,0.1116375493068321,16.0,0.0260996835443038,0.001698971518987342,0.000826740506329114,0.4072784810126582,2,dark_small_objects_many_parts
train,rq6t9vm_png.rf.e92fcdf4187e4d6860b9f169c7a3543a.jpg,07e6642fec39da90d29cd240005d1cf980d0ea0fcd66a904ff0ee1635e12d670,0.16073997269112622,0.11654361787621273,0.40714102352366727,13.0,0.11480447779404587,0.0002916819180087848,0.0002440214738897023,0.17429424414348463,2,dark_small_objects_many_parts
train,sXlB9jf_jpg.rf.150da4159ce43c0d2121201cf54d2db8.jpg,5175a6a46da1fb6ee8ef27d6b38554e2a41fa11d7534faf7c2ef2bfd1153f1ba,0.3297833670505239,0.3291760828330353,0.05734112683464499,7.0,0.08889345010034665,0.014415708812260536,0.0026939655172413795,0.12230432402846197,2,dark_small_objects_many_parts
train,satellitegeosynchronousorig_jpg.rf.b3dcbe4c2a92351da3e7e34dd4f8e9ea.jpg,3ea2100ccd9c9c02556da9adbee3014f8b36e25f82a7a070ea7fa20727835351,0.10798116698389493,0.1804274753757231,0.1086206174364277,8.0,0.5887752342724737,0.03722455683029856,0.013202817421259843,0.5579470336593667,0,bright_large_objects_many_parts
train,screenshot1026_png.rf.45c77aef372375aa04fdb0cfe7415785.jpg,787fac3d75eff0c4d359ee09461b4d7ad5a993f5d3681cb1be04a8f4c9e27934,0.040659451593137254,0.07325882932037106,0.1710408977433747,8.0,0.10484939236111111,0.007597222222222223,0.0009791666666666666,0.19687500000000002,2,dark_small_objects_many_parts
train,screenshot1495_png.rf.1a948f02b9215b6ed3e0c01ee503cfb1.jpg,f20bfcb73fd90a79129bc991f6908c88014502aa0a06681cc7e8708f0ff67f76,0.10807245880991286,0.11527946749246211,0.2756754557291667,7.0,0.06409635416666667,0.006516927083333334,0.0031822916666666666,0.16959244791666667,2,dark_small_objects_many_parts
train,screenshot77_png.rf.a5d8fac0d69ed6037b7c9aa448a3097d.jpg,96e7b28bf8d4d8fde3803b4a94af99c28540ed07168d05be2f953f8952de89a8,0.03382715391842038,0.11570013347916455,0.10156389872233072,7.0,0.12455469548241133,0.0009282404028608962,0.0005559179316888045,0.21668255546635526,2,dark_small_objects_many_parts
train,sm_MO-15023_001_250x175_jpg.rf.868c1ec48ad1aa5b643d28448a3e3b81.jpg,713242a43af948bba46d6e4bab440cb11711b912aef2ff468fff5ecce0eb5104,0.510431731092437,0.20267906642230868,0.20591381297392003,2.0,0.09396571428571429,0.046982857142857146,0.044045714285714285,0.11529142857142854,2,dark_small_objects_many_parts
train,space_thrusters_48003060_resize_png.rf.d38423d7a2e578562f44221c06d7f189.jpg,2e451af2c6c353668d5e8c68fc5c85aee13612c276bfd1779f4f679cae05a25f,0.7478002937380692,0.28349180924747674,0.13015160654105393,3.0,0.03308243029870439,0.010420046287283975,0.009700863019920836,0.5448705470118747,0,bright_large_objects_many_parts
train,ss2006no15_0102_jpg.rf.70b6072d8033674a5872b96f18581f7c.jpg,d3df2883002c5aea3b51f0da693c70305131c281ecf6eef7401f091eced46cf3,0.6859245098039216,0.23991149406814508,0.26890698601217833,1.0,0.07405555555555556,0.07405555555555556,0.07405555555555556,0.07405555555555556,1,bright_large_objects_few_parts
train,ss_65398e623d014d17fbf963b94ae69c4034d95c40-1920x1080_jpg.rf.510b579cf20eea4a8dc467f26590f429.jpg,aa7162524ac4a675d723c1062e77239d803835ea3fd1475c57acf89d72062988,0.13788118796901477,0.12279427113981398,0.41664476581648285,11.0,0.1775337577160494,0.011552854938271604,0.0004918981481481481,0.2735185185185186,2,dark_small_objects_many_parts
train,t6l887870f4vng21_jpg.rf.ab58b965757f98f0de78e43c65d0f0a7.jpg,c24c7bdb69fe04282c4bb5d7f5951654cea78d7bc86f8202f9fb0d89b438fdcd,0.42425401793285566,0.1250047109735622,0.33610337201286766,4.0,0.07121819227988159,0.01727961372477079,0.0146799181881389,0.29704182013147473,2,dark_small_objects_many_parts
train,tZjv0oS_jpg.rf.3323fb43b30e11f5299abd6243ab2f46.jpg,f8e3ce905eba1b47786a009c1b89172ca3c6107f8787a3ea3009a5b4613bed68,0.12712682688816268,0.12029439348152779,0.20110047284294577,8.0,0.12708043981481482,0.00025921103395061724,0.00015576774691358024,0.2898746141975308,2,dark_small_objects_many_parts
train,technologyglobalnetworkfuturisticsatellitespaceabstractpolygonalsymbolizesinternetdillustration188797173_jpg.rf.af74a8c993587b33d6b2c45fa10f813e.jpg,fe27b4702c25d4ae241db513711dbd2a29dbf1bef7c2a089fb6f57b2dcee1b0d,0.10704399414804681,0.17364700962656238,0.06428085027956496,5.0,0.4654476744186047,0.08223110465116279,0.0021715116279069765,0.6435000000000001,0,bright_large_objects_many_parts
train,thrusters_comparison_600_jpg.rf.d3c11014eef57c461db49c3a7843f0de.jpg,0f2b0d01cf0dd9bbfa80cd76ef7282efbcf45a2e8afb9ef64ab6f863f7551fce,0.09457172480772764,0.1635379770013726,0.36847106335209867,1.0,0.11224899598393574,0.11224899598393574,0.11224899598393574,0.11224899598393578,2,dark_small_objects_many_parts
train,tjD6qF7_png.rf.5b9e2c617e3fa9b3e8feb7c5165307b7.jpg,073ab9d35a76a6b0aa82ada75773d3739063f096d4d9db3be59bd6dafdefe8ab,0.07440593379327039,0.09907177477505344,0.16911365284639246,5.0,0.11193981481481483,0.014351851851851852,0.008636574074074074,0.18858024691358022,2,dark_small_objects_many_parts
train,tnur3LY_png.rf.549f42ab20e383b5ad65299c1d944fc5.jpg,cb3abcb79422b1b0e376b0f2938c328c88e3b8123384a45269e11017bda06256,0.17185777606843536,0.13810589416307675,0.15539374258003982,4.0,0.2927633628768233,0.015648942170495818,0.014418629175674314,0.28690899039237394,2,dark_small_objects_many_parts
train,tumblr_inline_pmxd8vSsqZ1rr2wit_1280_jpg.rf.e2b9bd30cc6d9008c63a47caa9fa4657.jpg,6e174ddb2fcc9b45ed93abda75b22ac61cae0d7dba815cd5f0aa833571507e3d,0.42154314901266365,0.12052493546755919,0.3486572265625,2.0,0.09818395846748229,0.049091979233741145,0.047740260785576305,0.3281310367031552,2,dark_small_objects_many_parts
train,uzHecGo_jpg.rf.dacaa2568fe2baca4e168f57d7bfa7bf.jpg,1996d0c5b9865bbcb2ee074e9b529bf91557618197af0137dea1a6a6d802a338,0.05185817275940487,0.11864298777951159,0.09784241470636106,12.0,0.2889883126369613,0.0004235654573492411,8.87712036360685e-05,0.5319614377891406,2,dark_small_objects_many_parts
train,vqFmcMg_jpg.rf.3080eae95db5b80d16dd5b8f208b25f1.jpg,981779117ee97ae5bf39a0b89906bac037ed0108b788f9d5f55457681fbde679,0.07935784881082061,0.1756764890997503,0.24397081861308978,11.0,0.2076027199074074,0.01468364197530864,0.000708912037037037,0.34807195216049386,2,dark_small_objects_many_parts
train,wwp_20170814_mr-106d_518x208_png.rf.84c41fe335c34b87953995faf45f347c.jpg,791bf7ca0b8acadf7be18932d380e84009ad824506d9b948eb4d28327210aa31,0.3303517924841454,0.2530881904502292,0.4569856232287837,6.0,0.08895158895158893,0.01316546629046629,0.0103021978021978,0.4196242946242947,0,bright_large_objects_many_parts
train,wwp_20170814_mr-106f_341x252_png.rf.3c028d3b394f2f0fc74f789aaf5a355f.jpg,5e206e26855ef6d8ef866c795f2d0b97ddb2597795c8cd6aaaafd8ab5f90c75c,0.8628698660956726,0.1892861631998982,0.09863092759076286,3.0,0.0837406321277289,0.029651352231997396,0.021016617790811338,0.27003910068426207,2,dark_small_objects_many_parts
train,wwp_20170814_mr-107s_343x254_png.rf.3086494569423236098803d47143f615.jpg,f96867090515646e252646e865fa605117030fe206f738b009ef1333b348be43,0.5826202246928017,0.12983966773810804,0.45427605124080883,1.0,0.12462982943458599,0.12462982943458599,0.12462982943458599,0.124629829434586,1,bright_large_objects_few_parts
train,wwp_20170814_mr-80b_225x274_png.rf.80a3ca8a40424a32c0d19564d4deaada.jpg,1219b69a3eb02105e8ffb7f14fd034dba9c13db7a09ca28f7b18d04f79985447,0.6683001203916518,0.19427650618409192,0.07383420607622931,1.0,0.12043795620437955,0.12043795620437955,0.12043795620437955,0.1204379562043796,1,bright_large_objects_few_parts
train,xhuC4pe_jpg.rf.9c291a43e68d624e5951630f39222592.jpg,5ed3a5e7b7f82f569b3ca0dd35fee3c204568c309b02c25525215265642b0288,0.19384765152202857,0.18927694128183706,0.217269837622549,11.0,0.10363956404320988,0.004992766203703704,0.00021074459876543213,0.12219328703703705,2,dark_small_objects_many_parts
train,y7H0uoV_png.rf.a1c57d9c91f8d287d0266ef2315331f9.jpg,287a085a92560343472cb1e1279f1ac317a9a2012dbd7b332862d54ecdb5de59,0.06703547964324619,0.11051189666106315,0.17691164203718596,13.0,0.3551161024305556,0.0169921875,0.0005490451388888888,0.3950759548611112,2,dark_small_objects_many_parts
val,Antenna_10_jpg.rf.7703dc7073b223ce078dcc6aed5edd7a.jpg,45494d5bba57dcbdcf688a1044d84bf6afe52bf51b4495243cae51ddea4484b2,0.027805686747822838,0.10712193919253024,0.12305365917729397,3.0,0.2555154115982729,0.07941140894771995,0.0022087941561617468,0.40457045089201976,2,dark_small_objects_many_parts
val,Antenna_11_jpg.rf.deac4cf388bd9b70ff867a7ce2e79605.jpg,8ca34cc83172ffed859b77d8cf5c05903f94c76845271295432eaf41d97428c6,0.0365598673788567,0.11827179964921639,0.0538451026467716,3.0,0.13651399691820626,0.06583959596597055,0.0034359020206960506,0.2806220385066447,2,dark_small_objects_many_parts
val,Antenna_12_jpg.rf.bedd9855e1d0b02e2567913cea6e40d4.jpg,34aa9d73aff4d538cb86ac85232304fba0886fdd438b5e013e95a0bfa04918d4,0.020456946783081735,0.11038544703499135,0.04590871848312079,3.0,0.07223633396266436,0.027215499424135807,0.0042948775258700635,0.20243598441222413,2,dark_small_objects_many_parts
val,Antenna_13_jpg.rf.9802244ea303332b39c32630d89107cb.jpg,633597eea858b04281a1518efe3ed9b42af5ac01c4943e206c2b25eb21b9b8f7,0.08942396291425675,0.2145587768965174,0.06476512235753676,5.0,0.03898872287872493,0.0005329154154548976,0.000319048044778919,0.12040382366810587,2,dark_small_objects_many_parts
val,Antenna_14_jpg.rf.6cca60990079092e7baab2c286ff0618.jpg,96700000e84619f106fe78c499a53b8b3e11e91c644cef2c78fd6c0ae3c6544b,0.10415023347531693,0.2781915365788938,0.02768571891036688,3.0,0.16763169935156114,0.03371741809493257,0.005427322783711721,0.2419681407738142,2,dark_small_objects_many_parts
val,Antenna_15_jpg.rf.5808625a21b87204db0ba039467e980f.jpg,5c2fd7cf00985e387e7a6b93611e5676c2367cd28957bd7f1c929a21237fe03c,0.07120076491785922,0.18394005352005866,0.10814885158164829,4.0,0.1989878113128827,0.04462728351626006,0.005846292468888434,0.36811307623670564,2,dark_small_objects_many_parts
val,Antenna_16_jpg.rf.04a390914429b595b27f08064c70b9b1.jpg,e0fd099957f39d13fb52894836438ad3d7bc54c425f6761060e6a344c820b01a,0.052994320209225676,0.19683504288109566,0.03267082139557483,7.0,0.10567852929369426,0.0020247279764816013,0.001966878605724984,0.12818894656295857,2,dark_small_objects_many_parts
val,Antenna_17_jpg.rf.db9d80bd003f4dcc84c7105353d36466.jpg,15d0120db217e80a0dd2d04355597d00537c1ba7c8daab088412a4418fd94a68,0.06499675503871284,0.20091109671055865,0.015733111138437308,9.0,0.14729501601375763,0.013810222509716065,0.0006047888760919068,0.23827629911280102,2,dark_small_objects_many_parts
val,Antenna_18_jpg.rf.febb8cf3c0eedaa0e9810eb7e8dae1a8.jpg,9b98869beab4f56d49cf1bcc65ba78543395e70617be071ec5137ed33a2cfaf7,0.06333141498907789,0.22473117592176448,0.015219946468577666,9.0,0.08993298238048406,0.0015216137520225367,0.00014024089880392042,0.10473365623800286,2,dark_small_objects_many_parts
val,Antenna_19_jpg.rf.54e8fb0034f78d2866a6fd5b5aa3eee0.jpg,881b81102cbfa7a0bdca67810fdd0e1ea464b7c87356c78b3488bffb22b4be8e,0.1571183272615555,0.2664760625529274,0.09091559765385647,9.0,0.3837429244084025,0.010749464893320501,0.000308529977368625,0.45366528354080216,0,bright_large_objects_many_parts
val,Antenna_1_jpg.rf.be1f86780bc30d6cebfa08d03f452f8f.jpg,c7e68d6943dc2e309403385c7731e0ef5bfe2e17cfac8cae46a18882d46dbfac,0.04794672715724101,0.15035308609817552,0.02296945908490349,9.0,0.30836344130129534,0.007292526737803862,0.0004487708761725454,0.659950880625194,2,dark_small_objects_many_parts
val,Antenna_20_jpg.rf.4a33622cece286027044d2ac884d68f6.jpg,b8a2056a78b781df34e543e8efd3550f29cb48c118d5d6dd7340d49ba8979b86,0.019674340696771094,0.10437842284606746,0.010418482387767119,5.0,0.17731358040273681,0.005301105974788192,0.002531348223410764,0.3937543715717674,2,dark_small_objects_many_parts
val,Antenna_21_jpg.rf.3e0d2a6558f4668049f0931575243d2a.jpg,d78535c346ca99c964f3e9b2ba815334a5c8b103e6d16b5a4eaae384dd6b6666,0.047610747086297686,0.1471850462890241,0.08533255633185892,6.0,0.3072783273468,0.031339458354588595,0.0011569874151323436,0.5817490494296579,2,dark_small_objects_many_parts
val,Antenna_22_jpg.rf.3e753ccae2a739d51f708612091f3097.jpg,b6e2cddddf07717ff23bb42f49857d3a675c787b22df4b8de3e11b4bdd915699,0.13784829282657146,0.22220923123897107,0.11500671985102635,5.0,0.314789980488985,0.01838558183319397,0.003516540537508305,0.5839420664847041,2,dark_small_objects_many_parts
val,Antenna_23_jpg.rf.7bb912b6b9cb0b516105433e59c9b4b8.jpg,07833c34ca2e21ea7669beff9397c84f8590cb0a366c2b7a62c3b5c835e1a7eb,0.02034416285240639,0.10571843551628837,0.08816336837469363,15.0,0.39906950163643595,0.0015251197744926349,0.00029450588748823294,0.8173520064090091,2,dark_small_objects_many_parts
val,Antenna_24_jpg.rf.d218c5f2aba5c0235998ac715650d6ce.jpg,e86b14ca49634993838936afef227b07a6fe05dde2b0f585f6b62d9b37462577,0.14874890853567638,0.29558127588412636,0.1220981523102405,15.0,0.30341469058475196,0.01239028340932637,0.001902017190028171,0.7081604426002766,0,bright_large_objects_many_parts
val,Antenna_25_jpg.rf.7b3c32583dd8a14e7449a2b3019bc912.jpg,5ce3f1545d4f704a581440a0e13900c45e8ae88f1d1ba05d2f764b4600880a24,0.023420615075271038,0.12043481295599576,0.01263900457643995,12.0,0.06614111389839898,0.002420032009985152,0.00046630098852303546,0.1875792141951838,2,dark_small_objects_many_parts
val,Antenna_26_jpg.rf.8a3afb48f46f38ece30aa7f696281346.jpg,de562f4e31dffc6c436e954f531fc15d079ab0ab9c98efc4cd6cc8e8dc1e2a41,0.07609056633502788,0.21762696779339608,0.01600990108415192,11.0,0.37253592358273424,0.0032518358410159056,0.0002892468537830859,0.593667772816756,2,dark_small_objects_many_parts
val,Antenna_27_jpg.rf.4e64036f57fd52ea6c5a975d8499f2a6.jpg,6761be49080c5f70f361d0e1b6fae84e106ddf0c966ad1a1fda5f47c7734e05e,0.05937681413031549,0.20964892395532975,0.0050965673783246205,6.0,0.2581677175969021,0.014657803441862259,0.002335010965085275,0.5254300574812384,2,dark_small_objects_many_parts
val,Antenna_28_jpg.rf.58f25bf62a4866fef703d022c2043d5b.jpg,68e2e717f0834080d02c50b0060d2c0bdbcdb197968db8cc2704904dbc07e4f8,0.08437352379697284,0.1607511873803462,0.009404279671463312,8.0,0.45611599324740065,0.017607244844832212,0.0005048672356941136,0.4604354129305615,2,dark_small_objects_many_parts
val,Antenna_29_jpg.rf.c436e27a683bd9de96c3cbd938ce1c46.jpg,e452e68db85df2faea986e2eccf8b78eb835fd1b087eb579981f8500a104e2f4,0.05103115386258667,0.14577006433320472,0.020221562479056564,9.0,0.36766781138300314,0.010802055230371971,0.001575957100309056,0.7759143268349207,2,dark_small_objects_many_parts
val,Antenna_2_jpg.rf.bd46191016da068ae8f0ed1d130847bd.jpg,51e5efa7a02f8b69f5f289483c1d481322352833ebf6748b444e848093b88337,0.009785226219397194,0.05726646941047476,0.019533157348632812,6.0,0.07597550692702389,0.006927900400913669,0.0008992947635801398,0.1268426339344409,2,dark_small_objects_many_parts
val,Antenna_30_jpg.rf.8b862d93af378e37bd2de9443c15a169.jpg,f3a98fb845212d77a204a92030ff72ce54af51cd72d722189d6b96c0ddfefb03,0.17920675004194336,0.26974302189523586,0.05139443266625498,7.0,0.5695393261775414,0.03742678986829627,0.01652037787910183,0.7036814988947264,0,bright_large_objects_many_parts
val,Antenna_31_jpg.rf.c12f5c0ad4e28af0269692c3afa39220.jpg,afc8e4738a722cb56aa5edf261bf2d3f3e90ddf9c561d198c806eed239a63d2a,0.09028313090693893,0.2089399008354917,0.13561419318704043,3.0,0.22554593152387512,0.032241382635021305,0.005385250514070545,0.21736287507866642,2,dark_small_objects_many_parts
val,Antenna_32_jpg.rf.75bdcafee076e1d08a291bf663f155be.jpg,2e8c5b5f387591f54ab4473ba8c6c0299833e67616ef62b88abb6d5540475bd8,0.03877693162331556,0.15797415162211598,0.06901601155598959,4.0,0.12210775058857354,0.021123785382340516,0.0020825773472382186,0.209337589644612,2,dark_small_objects_many_parts
val,Antenna_33_jpg.rf.c02379c1341b517b9837c473fdc3016c.jpg,a83ce976f504e88d9c6536c59226a0c9487ced2e6cd0dcdf82a70ea2c67f84e5,0.03099563785496458,0.11543583325127096,0.07589314778645834,5.0,0.23580104724891182,0.03748639225028794,0.00044175883123234933,0.4333443773041141,2,dark_small_objects_many_parts
val,Antenna_34_jpg.rf.8f7a62a919627c3adf4b16217bb9b1ae.jpg,67a885dd5171ff22c79d01ba1fd0f81d5d6a3efece9295ccf18f63fbd7809bed,0.015765902467198323,0.10120344438409094,0.024345951454312193,5.0,0.052893607995133644,0.013421054015535186,0.0018511798642117496,0.18772120810522266,2,dark_small_objects_many_parts
val,Antenna_35_jpg.rf.f834cd67b302c35f7f93b8c426bbc844.jpg,6853a6ccf7bdbc6b78d52b5378b234342f77b17eafb27cdbc64c6a0778c1caa9,0.027446855659839103,0.10922664935551343,0.0196500535104789,4.0,0.06628836684214309,0.019518027091035627,0.002576926515522038,0.1399271097928467,2,dark_small_objects_many_parts
val,Antenna_36_jpg.rf.c3f7882d4391f3fd9f8eb5f7b7bbdd96.jpg,f30c706402cf3a08cba1a9cd86a31d92ff423ea84503c79e01f5e5f75c6ff30c,0.03798019832881658,0.12100608440246902,0.0905568291159237,4.0,0.2605395417979234,0.047386523200227196,0.0005066202469291626,0.4554410839219068,2,dark_small_objects_many_parts
val,Antenna_37_jpg.rf.ae420ab90413fda8ffcbbcd478fc93e4.jpg,8b495d8fc060c109c2689dd11f2dc695f39d6e331b1086a8d9a8712625dc3c9b,0.0315428317187928,0.12161316168328304,0.09661053676231235,4.0,0.2797823461250563,0.07907044826250292,0.011643500623195495,0.5526192617368485,2,dark_small_objects_many_parts
val,Antenna_38_jpg.rf.8a1ef6ebe4d1ffcec82734197afa456c.jpg,0fe87799a087feaeb9e4f0400e146540b241dacff91e8c4ab020bf8934173f09,0.012076301910744436,0.05664304439523424,0.07477363885617723,4.0,0.18841890657677227,0.05544774536460004,0.0021877580213411586,0.15974314879384058,2,dark_small_objects_many_parts
val,Antenna_39_jpg.rf.916e57fa157735ad78f9c97bc23dadc4.jpg,9f4b83f752dc70b834bb566b8506d306c04edda3f18329b78193714cacf5eded,0.02804217827526174,0.08609675372819971,0.08402508006376379,4.0,0.39803522500775707,0.11848602937696227,0.0011832825836580788,0.28891553465966163,2,dark_small_objects_many_parts
val,Antenna_3_jpg.rf.8b21a95b078bd35861369f63d8b2c64e.jpg,d5d9f079450015cc29e27b25e7203e9128840cb5af7f6e1cc6bb67230eabb184,0.015042871264663896,0.08929213800986385,0.08252490174536611,7.0,0.25416734595852025,0.010798549207901872,0.00033657815712940907,0.49892452760729744,2,dark_small_objects_many_parts
val,Antenna_40_jpg.rf.f5864ac50dbefa3f2563b3808cae3486.jpg,bec97521377c65134e60ad3653cfbc1d2a01d14bafc61e88dec37eb0427d304c,0.04688789462216369,0.12303491245764689,0.06297063640519684,3.0,0.3232044344172202,0.11132147245931699,0.08458279209111451,0.2065713379157047,2,dark_small_objects_many_parts
val,Antenna_41_jpg.rf.05c3fbd80d3db87390ceed25faa380a4.jpg,12cf600b19ea0f9d5eb4baf62dcea5ea58eb28a6fc9e11ac078bb0a33885671f,0.0678620690887851,0.20369135000923205,0.060330955654967065,8.0,0.24345469430113575,0.013828629127684077,0.00020510231450073362,0.3419248413963086,2,dark_small_objects_many_parts
val,Antenna_42_jpg.rf.1a9999bb9732243697725c512df276f6.jpg,14083cfb3812805dc3f97929babdba047325060ee4436c544191855d2b755cb0,0.0783557318328657,0.2204102127192619,0.02649106605380189,5.0,0.17593396056075322,0.01492513765520723,0.012912680757370974,0.2566408448111744,2,dark_small_objects_many_parts
val,Antenna_43_jpg.rf.4c3aa6928001a62efa76b01e0b5f8bc4.jpg,68682f75a00ae9010092815b16f38ce95871fea458996dbf154b743d87ba7e7b,0.0952208754627477,0.27306869068330947,0.010581966474944469,4.0,0.2075039398927508,0.024140717717859854,0.021786423629189037,0.3410658658911345,2,dark_small_objects_many_parts
val,Antenna_44_jpg.rf.259c19b9dd94961f64b7f58ad2aa356f.jpg,76a5a4decfffce7039c961dbdb4e77569560c98837d19c91bd88cf29ba331dc4,0.053692575519638075,0.20116341142092176,0.025251007080078124,7.0,0.20194689427764542,0.027452155940867425,0.001276192179115676,0.16521254384719353,2,dark_small_objects_many_parts
val,Antenna_45_jpg.rf.ab21132a306d41082dc935fd3d6d344e.jpg,1153c1b23832cfc2ca60441291d510bda10f1542ab77a83d98f06b0d38a01ec0,0.03834806945513008,0.1638131722538432,0.008464927299349915,6.0,0.2775770579913647,0.019438265079840897,0.0062056597720734795,0.5941445918726893,2,dark_small_objects_many_parts
val,Antenna_46_jpg.rf.3375c76300812582e70a0fa79340004a.jpg,5b887388d468085c8140276324f8afb5d8751e074160de9c9b3ebf0b2fa8d028,0.022691960487676726,0.12689301990939714,0.02523451412425322,7.0,0.2635336849873871,0.015487854261657963,0.0005995298423867599,0.6085894044494932,2,dark_small_objects_many_parts
val,Antenna_47_jpg.rf.e7b53dd421a7b21c56b14732bef8a87c.jpg,f6f053b3414b6124adf2fd4dd179c05be79af5584c220cb5a9d1d9c5216d4b3e,0.03397865801627805,0.13143076920399455,0.04413069556741153,7.0,0.07957619200381455,0.005721828671199954,0.0007660659097164153,0.1690078131710746,2,dark_small_objects_many_parts
val,Antenna_48_jpg.rf.467c19a52b61ad52347aba07fa409fbd.jpg,a2b00b0c4d1cde55b43b7e8be944edd6c09ea04d70906a7a3be6bca5af911f28,0.05345840759140484,0.17507662024390666,0.11394067652085248,7.0,0.3607311459259142,0.015461559093132227,0.0014900595497916549,0.19481564457346603,2,dark_small_objects_many_parts
val,Antenna_49_jpg.rf.864860a7da45e276ede14b530017c13e.jpg,4afd8e91646c1e075280afc3cd7d9b2b16ebe14f76a64b43b534d7998a6f9286,0.05027631409932844,0.14758656736836678,0.13972118602079503,7.0,0.31953713491349767,0.03212918991597817,0.008835176624646987,0.21264552184514957,2,dark_small_objects_many_parts
val,Antenna_4_jpg.rf.6381d792ab4c98a96bdef656cc83a4f3.jpg,418d9aace402f4eb8c6bd77d3f9317ff07413f4c5fdfd4b2fb96aae6a083f0e5,0.005813865198316958,0.05655050133376767,0.03933004491469439,5.0,0.03696399490224333,0.009252393298588651,0.00020510231450073365,0.10864111828092698,2,dark_small_objects_many_parts
val,Antenna_50_jpg.rf.07a4b0a0d9cd02930ece30cc4a14af59.jpg,1d0d4012eec83febd5479bc2fee6c0e9311bacf4cd72a82bdcd0c220a1c152e6,0.04761798599151536,0.14273166702066514,0.03472660289091222,5.0,0.3902974334162508,0.013536752757048421,0.00029450588748823294,0.3383381804093982,2,dark_small_objects_many_parts
val,Antenna_51_jpg.rf.002deca97f6d690712ea38dd16102eae.jpg,468a291d2dbd066ca41a72ee1f75f012a96f5e84008b183c573acbe6cf2048af,0.056177231773211767,0.15362627120708874,0.07516139161353018,3.0,0.2567407664515722,0.08282978085606552,0.03327215324123012,0.3099429044240745,2,dark_small_objects_many_parts
val,Antenna_52_jpg.rf.dc06855431033f9f034360d340695bdf.jpg,cde4da09f7313b3677c64c91cfb03e9a3636fb1238c199ddcf8abb0fb1df2868,0.09384751146477942,0.19897309240945893,0.04707922094008502,3.0,0.3673855765741602,0.10270892826152123,0.01907276223733318,0.28333219387603054,2,dark_small_objects_many_parts
val,Antenna_53_jpg.rf.9c6104cd1ec2c605641dc36a04ee2c63.jpg,b7fe0f7bb55080a8d29bf8910ce47391203a5e7e72d3d32e8470848616a990f8,0.0661575234584698,0.16697779264204937,0.04479657341452206,3.0,0.2992775840700363,0.11329711612121722,0.013363204644778571,0.3050484970558175,2,dark_small_objects_many_parts
val,Antenna_54_jpg.rf.8c79c69812567eaea442a32adc6e06cb.jpg,335659787123f6295e92743b7b5e77479cb0cb79f689619a0619d69dc4600cd8,0.12751134241235038,0.3130248280386347,0.021175070369944853,3.0,0.12310696699255146,0.059006358171749526,0.00379001029017595,0.3195125927562069,2,dark_small_objects_many_parts
val,Antenna_55_jpg.rf.793d7bdcfcb0e0f895ad46dbb0358730.jpg,577f7d136db2e01d314182c29cede748d2814ce460714cb6ac7cf5fea58652b3,0.009567522847665695,0.06670730186435159,0.013148904314228133,3.0,0.01854510585558343,0.006920888355973474,0.0034639502004568347,0.06884075120037444,2,dark_small_objects_many_parts
val,Antenna_56_jpg.rf.5df12949e06bb6988d276c895914ee7f.jpg,810ac8e47ea07553b4844574d030f482c18fc6738a9bcb645717aa084b3249e9,0.08047789286124672,0.19912803124745487,0.06331609838149127,6.0,0.4434662641752871,0.07311283958018888,0.003872401818223253,0.6028780938457035,0,bright_large_objects_many_parts
val,Antenna_57_jpg.rf.417259a4cc4d88cb20d269e36934b2ab.jpg,af0973c66d56707d989c324ff1bdf31a0f4e6ac55f87d885e42f927d1f3f3200,0.019289290060354115,0.12592632234498594,0.0389522253298292,3.0,0.058287623565379434,0.010802055230371973,0.010528585477704328,0.06792042030197376,2,dark_small_objects_many_parts
val,Antenna_58_jpg.rf.e20903420312148f1bfaf277b70da221.jpg,8fa16a9393fe49f68430861733b5305e0b6d2440f2356b1dbe59a05451baa888,0.009620993127611622,0.07104136506882089,0.043070071351294426,4.0,0.05312500547816011,0.006258250109124949,0.005329154154548976,0.06838146225679158,2,dark_small_objects_many_parts
val,Antenna_59_jpg.rf.81222c4f6b7f0fc9e38bf6f8aa742741.jpg,a6bcb7c46cfb31873d2a63c23aad76b5dbf9d3b28a20cb364d8564c4d96a852f,0.014014513626860972,0.08284825700284118,0.03069332908181583,4.0,0.10254940423913178,0.020031659382904986,0.003530564627388697,0.06014055644082623,2,dark_small_objects_many_parts
val,Antenna_5_jpg.rf.a28ba25d086b8427c27a57881a5707fe.jpg,28fcf037815e28a25d882f73371ffa1d858c26220c8fb8b082f1da1ccd499cfb,0.03902961272510168,0.10992488032487763,0.12162071676815257,8.0,0.21672127296663843,0.013391252824539353,0.000981686291627443,0.5245886120884149,2,dark_small_objects_many_parts
val,Antenna_60_jpg.rf.c9c8efa9588bd3b18c7e36fb09268fbf.jpg,b6807d50731429bdc7b426df2eeba33943c772fcd5669665d9fda1216b2a8519,0.020195232517519715,0.11375965477722749,0.035171882778990506,3.0,0.06491050001139458,0.00639849100792887,0.006047888760919069,0.06257548904630932,2,dark_small_objects_many_parts
val,Antenna_61_jpg.rf.8e7cb5d4bcbb9e33be91c96eabcd3973.jpg,1c40fb740581389b84a1a79fdc05aed76fcbc3845fe2306cdd08bbdebe709535,0.07950908948355842,0.20338610119851552,0.03966826644598269,15.0,0.37001859944920384,0.0019072762237333177,0.00019283123585539058,0.7554076014073174,0,bright_large_objects_many_parts
val,Antenna_62_jpg.rf.2828e89aba946ddf09df7dab2697f1d0.jpg,081a8b25ef818303ea05b27f3778eb010c3393b060b3b0bfde055b6cdbf9b9fb,0.23806960877635794,0.3185803486285212,0.16159964168772978,8.0,0.3092750071435208,0.02913066419842685,0.0031624322680284056,0.9340937896070975,0,bright_large_objects_many_parts
val,Antenna_63_jpg.rf.ed03f2fa4af6975dca2b43d759110617.jpg,971c103dd6b2358d80082898835f1ebe57cef10885b465dacc02e18d8cea5533,0.0357742846107234,0.1179650024778825,0.14640956205480238,6.0,0.3347567784561931,0.039689927372744536,0.000632837055852691,0.7122765129801718,2,dark_small_objects_many_parts
val,Antenna_64_jpg.rf.bdc2a07bcc9775277a63214dededdf42.jpg,fdba176538ba8f2a944eff674e485f02870c559a102d663faea913506ff85320,0.0664047186662733,0.1821453924209401,0.03220996482699525,11.0,0.18275668028756392,0.0031589262455583083,0.0004102046290014673,0.22432583570428105,2,dark_small_objects_many_parts
val,Antenna_65_jpg.rf.7aceeddb1edb502364f6cbc5cf5ec95e.jpg,51f6027bfcb1ce8ae3f82c06476e6dfc99c2df7f050bb783090d6831cf913e29,0.02809040327061025,0.10270311720033144,0.010988328036139992,3.0,0.11646656043418584,0.018126136170406714,0.005080226559172018,0.14325432511696967,2,dark_small_objects_many_parts
val,Antenna_66_jpg.rf.0e7e87f05ff0315eea0d109c092c93fd.jpg,8ed31425736d2bc95be0a72859b92e8501a48705e577cb49ee7033bb0247bf1f,0.07031810657462739,0.16618591410820283,0.0,4.0,0.2972335729699691,0.048171872233529145,0.012074741387017548,0.31751415994825105,2,dark_small_objects_many_parts
val,Antenna_67_jpg.rf.d24521eaa83277c201a124a6c7952ad5.jpg,af1bc51b8e4e2bb3761d3ccba178b9d793879ba8a26a74a0a74f3d25aa0ea1c9,0.06996346896450004,0.14183129940044337,0.0,3.0,0.2693484232540446,0.06208464590049558,0.01711815471025354,0.3527339086716207,2,dark_small_objects_many_parts
val,Antenna_68_jpg.rf.0e4e66bca857c2819e43e38573968201.jpg,5592075d7909274e1d86ee8fc0ee57d8e15e823694b02276a8a9d9ebf8ce66da,0.039157561921598666,0.10901995851930804,0.0210843329336129,4.0,0.24224161052648188,0.045271515145140565,0.008638839366321498,0.27150988610686,2,dark_small_objects_many_parts
val,Antenna_69_jpg.rf.afcbb61b3db2f8784e766d6b09f13634.jpg,763e2ae1e1df02346cec3e475aeb8e3fdc1a3976cef6fe6b105bb0c49e858f34,0.02783583854106568,0.10231523270504207,0.01468332515043371,3.0,0.12474077346361713,0.027150638008438994,0.009140200579545513,0.2469011143892421,2,dark_small_objects_many_parts
val,Antenna_6_jpg.rf.31d654e4bb15b8a63efbfe85c0a8b2ea.jpg,986fab018bb3d1f7a8649ec855bde3f23419b54ec2f9c25f0efd774d8a6de3b9,0.11708290543532132,0.17874172962501306,0.24323139564663757,4.0,0.2596420000455783,0.061586790709741664,0.001290216268996068,0.3782261980517033,2,dark_small_objects_many_parts
val,Antenna_70_jpg.rf.25e0c386a774c68a3cfade332b96c3fa.jpg,de468ea18f52faab4dd9990c816826b8734ed8171ab4b609cacebacce76e9443,0.06295635995397762,0.20936865772698185,0.13116800644818474,5.0,0.26810729129962996,0.0017389871451686135,0.0015759571003090558,0.47506779770951557,2,dark_small_objects_many_parts
val,Antenna_71_jpg.rf.4a5480427bcdf6b63554eeee8f314efb.jpg,5c330ad191bf940986a59613abbf76b3c59e18fb4979f564ee1c21c324b8f827,0.061678916606058884,0.18561029669766557,0.06928516462737438,7.0,0.4157476505266922,0.02358851917881942,0.002371824201021304,0.5811758147557967,2,dark_small_objects_many_parts
val,Antenna_72_jpg.rf.7a34e586454b9ffadf73cccfbcc4813b.jpg,2bd1fd767eaf4087206b5f59fb94dfef9fb1f2df49df13420230de574f275d31,0.03974795548190159,0.13203054779554807,0.023557818169687307,7.0,0.20748465676916522,0.022263242685122368,0.0015251197744926346,0.40697032327280186,2,dark_small_objects_many_parts
val,Antenna_73_jpg.rf.664f545c85be58d9555ba34f7ae7eccd.jpg,97fe826f2f97cad901dd82d0234687d8838ab2707a2611fb0497d4a1dfe38ed2,0.022658316421071512,0.09898672416760873,0.038219605240167355,5.0,0.14760354599112624,0.028423324165084574,0.003264106919661248,0.3314102800084846,2,dark_small_objects_many_parts
val,Antenna_74_jpg.rf.a87b129db5729bd291aadc147c228be4.jpg,0d2175d5f5448ed6677c4bfe91e9f17e7dd546fc7b16c1f28e1e62cbdcc52b90,0.011228586924797916,0.07683822726302315,0.020795945560230927,5.0,0.03250608733151371,0.008765056175245029,0.0017091859541727805,0.12180623265614515,2,dark_small_objects_many_parts
val,Antenna_75_jpg.rf.6fa2a01021461d056410cedd0ecba792.jpg,f9a0fbb3287398aa95cff810c2aecdc080970030c4fc78078cbfea03b4bed8e5,0.05197694810849572,0.21646198788960305,0.031051809647504022,5.0,0.06349932596718012,0.012811006105738132,0.0026663300885095375,0.28110586960751827,2,dark_small_objects_many_parts
val,Antenna_76_jpg.rf.92520b4cfc30e80316bbd65228c4d8e5.jpg,8c1efc88a9e65e2ae7f1996905a94d7961746f2428936b1daa81e9bcb00e692f,0.026466888006677392,0.11620949830702515,0.01759953218347886,7.0,0.23164641062184568,0.006358171749522742,0.0018161196395107698,0.4107831227090334,2,dark_small_objects_many_parts
val,Antenna_77_jpg.rf.78e95769551e5e0ab7ba21701368cba5.jpg,5aa3f21ed8ad077e5b228553a13cd2b0ccfbafd848e7dd64add67827dfd797f2,0.01645780568984137,0.09506348112860913,0.08234751084271599,5.0,0.21795539287611293,0.021740845337077763,0.005259033705147016,0.3453291892147738,2,dark_small_objects_many_parts
val,Antenna_78_jpg.rf.174d531eba773dd9b05725bb7f48f7ba.jpg,6629bed004970c1172a8f14187f8cbaf38031b24e103232ad67190b3f288a5d6,0.043156524276438596,0.14018699317748437,0.01888402864044788,7.0,0.29273885216330353,0.009087610242494043,0.0010518067410294034,0.5953261214451123,2,dark_small_objects_many_parts
val,Antenna_79_jpg.rf.104c1e911ca32d062f181258fc189054.jpg,d36e0292168d0432b8ae87a044a79d53415c4a184097c876d334cca6cd047143,0.005611457708930496,0.05338754312306403,0.012828480963613473,6.0,0.025572927896894887,0.004488585267342978,0.0003856624717107812,0.08498598467517572,2,dark_small_objects_many_parts
val,Antenna_7_jpg.rf.6b84e1645a1ce3cfb972ca0a5701de62.jpg,e1ff412108f1eeb700fffce935051a253a386a2f37d2bb74da876e3533205b8c,0.028617351573312116,0.09360669936409294,0.16314498302983302,4.0,0.2676515083785172,0.06599736697712497,0.0576179732735907,0.41832457704221415,2,dark_small_objects_many_parts
val,Antenna_80_jpg.rf.4fc1d50b391d6e82309ee55220e9f819.jpg,08a046e307f8a0e810d30b329053b56ef69d81481c407982cb41956851559302,0.04607848465034146,0.1364437078659716,0.07713777878705193,5.0,0.3260916439213459,0.04180931795591877,0.030628612298776225,0.47338315391263347,2,dark_small_objects_many_parts
val,Antenna_81_jpg.rf.95c80564d00fe126a499b2a8e4d727d4.jpg,55c3308d2d1ed83e5f5d69190bdb9014fc143bca8f10da1f2d6df0730feb7464,0.04434316164238179,0.12409456047821701,0.06791776021321615,4.0,0.23364659644103658,0.0609083753617777,0.013549023835693763,0.3464178091917391,2,dark_small_objects_many_parts
val,Antenna_82_jpg.rf.abe6b7452526fdb5c65ef6d297a15ee3.jpg,40e073d0c7788d282bbe969e5d4f61ace5014ee824047eeadb536fd57f7aef7d,0.04150885870478525,0.12965292211586266,0.1658331179151348,5.0,0.2617210713703464,0.05511292021870568,0.005574575727455838,0.32546055987672823,2,dark_small_objects_many_parts
val,Antenna_83_jpg.rf.4a8f2ab6d088f4db8e48ea92440644e1.jpg,3e68b63378d88a5f92644ce4346cb1ffbfa4fd1cd19c14e75fa3c0d9e2f8c3bf,0.025751906906716464,0.12766263877094788,0.04469679664163029,4.0,0.14387839711664713,0.020002734697526676,0.018063027765944952,0.30400720838219847,2,dark_small_objects_many_parts
val,Antenna_8_jpg.rf.de62989b0ca4ffa50e3151b9a4c51022.jpg,093ceeed0df90a770ede178d69d7cebedb29c9e934ce8f53ad64838335643601,0.03122508983924784,0.10837073058890392,0.0687006856880936,3.0,0.1858735342634811,0.07771098804972242,0.0017880714597499855,0.28940988382794547,2,dark_small_objects_many_parts
val,Antenna_9_jpg.rf.d2509ea0cdb80abd31d95d0a4d855d24.jpg,429b37e30e4aa87867d4f9398b482a31b6f3488b9828f51637e2a8761d1fc3a1,0.10349043441921381,0.20622572902707575,0.20015513102213542,2.0,0.3199333154526187,0.15996665772630936,0.008588002040505078,0.5755170944890585,0,bright_large_objects_many_parts
val,Body_10_jpg.rf.8e146abec27393b92cac7b3bf903765a.jpg,641b87ddf23835cd9759b62c6c5b78a43fa4cc2a47e50b6924234c9f0b4796e1,0.021156480760512644,0.1049985732242652,0.04678473379097733,5.0,0.0708321719633901,0.014329113835290572,0.0014024089880392042,0.1767298276614654,2,dark_small_objects_many_parts
val,Body_11_jpg.rf.79ed76269ed6e4444e3fa807b1a3d177.jpg,089fb2cdeb2a1680902e16e6e43ab6ac1d8a3996c6526e7e310654ae64a53ad9,0.03241861550816169,0.1282650764843778,0.05590956444833793,4.0,0.11511849479443313,0.018529328754467986,0.010691615522563884,0.1693829575753751,2,dark_small_objects_many_parts
val,Body_12_jpg.rf.bcfa3724b1c6d647d94e62266d7bb80f.jpg,6d129f8a5f8817ff6fdad9f61b6f58e64300909141a1b459e4a2e68d60781f55,0.06606669685283267,0.19769070866385255,0.05962832581763174,6.0,0.26573897312107875,0.03746886213793744,0.01893252133852926,0.2728176324882066,2,dark_small_objects_many_parts
val,Body_13_jpg.rf.fd33a82089b92be7bcd4d98bb1fed4d2.jpg,2786c9109997457f011ed3e574f3c3f3a17268edfc4df72deab31aabb9b20248,0.006845137646957768,0.06375419419523397,0.021643535763609643,8.0,0.04879506772758907,0.0029582064591451964,0.0012306138870044018,0.11052735836983982,2,dark_small_objects_many_parts
val,Body_14_jpg.rf.577a92af8f84af3ede7d2e2d80fb4cee.jpg,22ff3c486fc3bbf5e9034b47b12d2415bbdee5ec90d3631e6e80136b1eced166,0.032500601437531085,0.11600185425787589,0.0686287524653416,8.0,0.33197124360370023,0.004383404593240037,0.00044175883123234933,0.23716839601225,2,dark_small_objects_many_parts
val,Body_15_jpg.rf.37a9e1c5f73d867b4534ac7b3f4f9711.jpg,b6bedb5de76804d13ac92dbdfb6f4ccf91c14bb266abfd068b3e8b884f0e0cd0,0.03841424391061471,0.14565822768655814,0.06297151902142693,10.0,0.2976402715765005,0.0035910435149978876,0.0006994514827845531,0.1941775484839083,2,dark_small_objects_many_parts
val,Body_16_jpg.rf.feb0647f39759d832e972ef5314cdfc0.jpg,ad56a20aca46eea1bac87d846edc9af547b66457dad4291626d41d5f284f841c,0.04193301180357461,0.166304078984191,0.04705589518827551,2.0,0.07874877070087143,0.03937438535043571,0.014493896891385177,0.11780060198405809,2,dark_small_objects_many_parts
val,Body_17_jpg.rf.822a5b1096f9a41c42f3cf8bdefeadcf.jpg,de45829374f8cf85765e422ce0d7e050eb034b4e2d04aced3322d6550e1a6a35,0.04019648574868893,0.14810371649952347,0.047417434991574754,3.0,0.3230992537431172,0.05679581100435272,0.055854443971131415,0.3897049156188042,2,dark_small_objects_many_parts
val,Body_18_jpg.rf.17096005b273a0cb74bc60e3f2513cce.jpg,4ba592154f4c22fea7d06dbb275ade765e7d419b7f1c31d6190e9e5b18c341f9,0.05683434975330835,0.20562651440326907,0.04846481996424058,3.0,0.20718489184797184,0.037212922497620295,0.03664669986869946,0.1333252694816521,2,dark_small_objects_many_parts
val,Body_19_jpg.rf.034dd0acd99eb1c6a275ab70a4b2296f.jpg,4515accc4623211ca01b27b48eb644a54588d425e6dbfef61803aecc45884b3e,0.05692685375008804,0.1950715847856974,0.049502357782102095,4.0,0.318834177408243,0.04506203030255221,0.04333443773041141,0.18537567907272723,2,dark_small_objects_many_parts
val,Body_1_jpg.rf.72ba8641ec25f796e1ebd2b4aeb29fd5.jpg,d6eb1790893b5a1868cb3ecf1bef8fee283ddc2cd136d1c1ec49a4c8b94f27df,0.02496279749245148,0.12209755627204134,0.037442319533404184,18.0,0.14226387376916697,0.00010781019095551384,6.135539322671518e-05,0.18936027360999355,2,dark_small_objects_many_parts
val,Body_20_jpg.rf.9938d8b04be13184885e1c2ac876e057.jpg,2215c80ce1c1c9cd44dbf5423a59939a628c36cb2fced60d80506ec1c798e12a,0.0522263912954124,0.19728364301096937,0.0457859712488511,4.0,0.2183585854601742,0.036967500924713424,0.012337693072274902,0.13208589053847247,2,dark_small_objects_many_parts
val,Body_21_jpg.rf.9f28cb814db7ee25fdd0ef5328d85479.jpg,ef48774b557f6174820d9a40521f55eff49f59706c6872449092af51b21e7cb9,0.028948381965474133,0.10465439925609381,0.10498450036142387,4.0,0.2759923358348804,0.04039025536114661,0.02513467508813264,0.1700771500244545,2,dark_small_objects_many_parts
val,Body_22_jpg.rf.59d4c088eadc20bc4cdf5fa7002500bf.jpg,1bd9c7aa78d72f9f598e4491923a8a13198630a50b4e8e63fe9cd2ff95824710,0.03141653928977678,0.12235263110936176,0.09222417345233992,3.0,0.1924333023050345,0.04921929644647093,0.015903317924364578,0.12731068793419897,2,dark_small_objects_many_parts
val,Body_23_jpg.rf.be7af6b369df08f7da6c1c22474b8bb5.jpg,07344add8504e3d0f78263a1cb1f855d38e0bf18481641f257da8d64544f1d67,0.05543982587854993,0.15921027086486303,0.07056772568646599,2.0,0.1994015219643543,0.09970076098217714,0.06827628158268866,0.13112524038166562,2,dark_small_objects_many_parts
val,Body_24_jpg.rf.c9551b5a37ae6487b33d18d69a0bcb16.jpg,129f3926221377a89f38b754dbff7ca37449e12eb2cc47166533fe4d5c724b3a,0.037262185550602095,0.12341323916107225,0.06234749438715916,5.0,0.09566357610785926,0.018652039540921417,0.017223335384356477,0.2471710781194396,2,dark_small_objects_many_parts
val,Body_25_jpg.rf.6beb39084b35b22219a0d3f6611a644a.jpg,9af515deec5fdec3c72f52d4e595d0093b5327812ff4aca386d8a1eabc01b40f,0.031188104739465237,0.11019991226505772,0.053851995281144684,4.0,0.15089570109054828,0.037596831958096016,0.033482514589436005,0.31578919689296286,2,dark_small_objects_many_parts
val,Body_26_jpg.rf.b93a9d9702062035f9734761b53fc41c.jpg,71931b35197b511ba2ae5e2f188bfba59c2a51194eaedbf0b6ac966548054d2e,0.021195514477346404,0.08259052299680011,0.12702244777305455,6.0,0.24147729762800052,0.04424688007825442,0.01306343972358519,0.39491837103183997,2,dark_small_objects_many_parts
val,Body_27_jpg.rf.f9502e8f9f8fdbbf18bf1168d9281e97.jpg,026d8ccf96fe6dfe7cd6b12dca43d057e806c33a091a3b176535a96df68af24f,0.0220915713260571,0.08996592194316025,0.05271854774624694,6.0,0.20476047730989907,0.02749598122174365,0.006955948580674454,0.3143534806914577,2,dark_small_objects_many_parts
val,Body_28_jpg.rf.b2cbde30be7bfdfd509423b41df8402f.jpg,8b69a2364edb35303d49a68b1763cbbf7095fcaac5d6704663c48e62bc9a643f,0.021511097746978403,0.08979248201970583,0.06616633546118643,5.0,0.2554505501825761,0.04117823391130114,0.01619782381185281,0.18057418129992797,2,dark_small_objects_many_parts
val,Body_29_jpg.rf.273a1f8a6edc74e07a55f084c483155e.jpg,1bce8d4f870562fc3d5a9725ec9b9d90891e9aec3716db41b5715f18ca0102fe,0.04925199182464306,0.13191680000961986,0.09285988901175704,6.0,0.3247681204388839,0.012012509488173308,0.005967250244106814,0.2489784327027752,2,dark_small_objects_many_parts
val,Body_2_jpg.rf.45af54a70cb2fc5a24e6b250f351c9e1.jpg,fe48a86a9bd7e35e6d74232c2de74b265be290a28056feed9ff5abd5beff65d7,0.02924404277801134,0.14557270207595321,0.027072893404493144,10.0,0.1171414697596797,0.0001297228313936264,9.46626066926463e-05,0.18936833746167478,2,dark_small_objects_many_parts
val,Body_30_jpg.rf.7b24acb861c89b7de7dc41fccf1df297.jpg,87a66ceb8a818357f33448c26025449f9725a30322196c8b6d930c417253d4a2,0.022267037438854713,0.1145759049168279,0.030712681190640318,4.0,0.06864791996451905,0.013508704577287634,0.006037370693508775,0.09617720839972864,2,dark_small_objects_many_parts
val,Body_31_jpg.rf.2710c6d656791c27648cb8584574e524.jpg,b2fafdafd1429875aaeeb017b395aedd266db4daf85811ef4875ee734a91a399,0.03146074267111546,0.11874978615616992,0.1307209239286535,3.0,0.15428076578542793,0.05117039795108047,0.04613750269525477,0.17648265307732353,2,dark_small_objects_many_parts
val,Body_32_jpg.rf.404a7cd8c7d379d426dde19b64dd4516.jpg,49f06b0156b9db6c9c4d4a6815307e0d4355bf40e2f3b38c90077c859f65ce94,0.03294796303016173,0.10272828842345294,0.06947463540469899,7.0,0.1919056459232847,0.018161196395107698,0.0046279496605293735,0.28469778962813375,2,dark_small_objects_many_parts
val,Body_33_jpg.rf.87e1708ffbc4d427d9692daf74096034.jpg,1b82c1084af5c9d7c9f838d7684be91ba4e3c79be96909b32a0eecd0ba94677d,0.0482833465616936,0.12797936708995553,0.06587967966117111,14.0,0.11915042063504584,0.006309087434941371,0.005395768581480838,0.4023160784437467,2,dark_small_objects_many_parts
val,Body_34_jpg.rf.2d1aa8b5a1cdd9405526ea87c3e72ea4.jpg,695a39aaec5e5249e1551ef744d1d9f3839cd4b0f31ace7bb2cb29dab76f173f,0.02444391304143084,0.10596944755808092,0.06610366222905177,3.0,0.18827340664426317,0.043755160426823175,0.04081010155194085,0.377283078007247,2,dark_small_objects_many_parts
val,Body_35_jpg.rf.c7def8a654974839eac8c818ca2ef143.jpg,b5eb8040329f3e791b9c3c762eb8a6820fc7df0f6418c7884ea95ec8a82b6043,0.024044535834763497,0.09247058500699593,0.09676634096631817,7.0,0.30780598372854967,0.036126055531889904,0.006710527007767593,0.356573003276378,2,dark_small_objects_many_parts
val,Body_36_jpg.rf.eb11155559a9cec188d1d0d5a412eb2e.jpg,dbab700233f7b982f74fdd4fe410c6fb7c049b033644c9144154bf0e14f91381,0.05355555878659587,0.18181617581356185,0.028040266971962123,5.0,0.23803087753989416,0.040468264361106294,0.0007012044940196021,0.3427136964520806,2,dark_small_objects_many_parts
val,Body_37_jpg.rf.696825e05185a01e158540fa2319eb86.jpg,d628002841516e6dccda7f8a244b4c57c0a0443f1d113efe172172e4a03dca47,0.05510236777852607,0.18569403592688624,0.15636364805932138,8.0,0.28167559825890925,0.0010334001230613888,0.00033657815712940907,0.44220059006358176,2,dark_small_objects_many_parts
val,Body_38_jpg.rf.6fc98776a4835661938b2571e99edcb9.jpg,bab2f2d03722237f026e4ccbc6df88601e92f4a09e32f51dc48c7f117e795c01,0.0970948444730151,0.2511026649182395,0.06874053057502298,6.0,0.19955929297550867,0.001965125594489935,0.00034709622453970305,0.2293166586904655,2,dark_small_objects_many_parts
val,Body_39_jpg.rf.1be694e22ac2aab6eb778aee64e7cf20.jpg,7991db33bcb9ec51b9c5b708b83fb9c453e8a2d0b0c9ae3e007028d2807edced,0.08299976794943435,0.19783607808633594,0.09776419845281863,7.0,0.2442575734467882,0.023854976886546867,0.01978974383246822,0.26357049822332307,2,dark_small_objects_many_parts
val,Body_3_jpg.rf.38e235b5123c3591933aea5d84f59b1d.jpg,00038a206659d37a275deb0fdc7b725829de3abf7064b8867ca4deaaa6b49a7f,0.034344226167047465,0.15303423921671916,0.017150630202947877,11.0,0.12782081420359823,0.0009641561792769531,0.000327813100954164,0.22225377642445315,2,dark_small_objects_many_parts
val,Body_40_jpg.rf.aef33a84b7eac0faaca1525e052105cf.jpg,73209ed69d6187a5ff4e5e436a65ac34ae9b5218e152ec3c81a458f7173ad8d3,0.043599101179580636,0.1463534298906048,0.11181161917892157,3.0,0.19757313124619816,0.06075060435062329,0.03521799571213451,0.24250280920050413,2,dark_small_objects_many_parts
val,Body_41_jpg.rf.f3fac59a267ecb8a1e5f5ee4768464e5.jpg,3a93274d3d8eafbd989c8ab50fcd3b6dd7f6d76b3795babf6991e2b229b503fc,0.05492883341536395,0.20846098411297598,0.06616652993594899,3.0,0.15241380882010072,0.03159802751175832,0.03141220832084313,0.2178116459548389,2,dark_small_objects_many_parts
val,Body_42_jpg.rf.38fb4d9b86a4f2246c30be42875594ca.jpg,d22bcbf77c9bdee42ebf43cdad6dff16e2c4db8e66438a9382cbb01e7a6e3873,0.03043468113430276,0.15535081345620627,0.037706304063983995,3.0,0.09719395491605706,0.021157092595806445,0.01963372583254886,0.15540602369720594,2,dark_small_objects_many_parts
val,Body_43_jpg.rf.a16160d246efa1b7496eb94b47ac8ecc.jpg,5a2c0c5df9ac73c3cf88383d80426eab57d8a6a84750a7663491373904fb1562,0.057502783249063334,0.1777768620330013,0.059678447947782626,4.0,0.288393137311617,0.08120824546364516,0.0353459655322931,0.6338240011780235,2,dark_small_objects_many_parts
val,Body_44_jpg.rf.3cdd63b5ec7aebfcc3764fb01d59fa48.jpg,2788c7b5595f3908089d5d59574b4e903a1585c1827a50ee22d9bd0f7fa08d79,0.014039227647998231,0.08875341506322443,0.0792999267578125,4.0,0.18809635250952325,0.0390448192382465,0.022622609988307417,0.3919172157974361,2,dark_small_objects_many_parts
val,Body_45_jpg.rf.fb1a89eea07ac8451fc3d8a13115e6b7.jpg,a77db8a3d0845bac65d35897bb6ed1ef953399d5e130ab017f0c36442628258c,0.049394377584252205,0.17045963472993494,0.07916888816683901,4.0,0.2131574011257838,0.043532527999971954,0.004151130604596045,0.31657454592626477,2,dark_small_objects_many_parts
val,Body_46_jpg.rf.dde7f80439d82090a4135f0a56c4cf4e.jpg,1ea4aafeda60ac3cda5fcf12ff2586f79819aae63de5101ea6dfd2292ec3c98a,0.08496748525073061,0.20952448237553176,0.05074772928275314,4.0,0.2747652279703461,0.05589826925200764,0.003548094739739187,0.3688265518093705,2,dark_small_objects_many_parts
val,Body_47_jpg.rf.1ef4dabec5222ea3df3411cb86f978a9.jpg,265a679d0aa4d1398309c5bcf83c90cd8e177576e7ca93f1e012c6bf8e97e692,0.06497516893958322,0.20361740453386068,0.016454320795395796,4.0,0.12693729654113353,0.03497345064484518,0.001840661796801456,0.16677272384638706,2,dark_small_objects_many_parts
val,Body_48_jpg.rf.a671c57d4b0e97eb76abf9677b6f9f7c.jpg,c0101bb50c817dd62cfa5dec39333ed67ca99db904de4375fb59c5cf800347c1,0.012413285666551758,0.07311493551979849,0.0780528423832912,4.0,0.17883344114352429,0.03452818579114274,0.004785720671683785,0.3278411491339247,2,dark_small_objects_many_parts
val,Body_49_jpg.rf.4032d67783311bd1af6467b11ae80ea2.jpg,f1de6c48a10af8529e96a7d58824463a528241bfcd7c59d050aa6f3c9774bfbf,0.02684225239670149,0.11107311341265974,0.01855798796111462,4.0,0.1772241768297493,0.03844791891271231,0.00618462363725289,0.35797190624194714,2,dark_small_objects_many_parts
val,Body_4_jpg.rf.5c52d88d6829d77b45920058088c5744.jpg,519208f1212f17c88ef5aa1f8f05ad04a6d82cca24d3ba1649ce62455436ed74,0.04196790016442902,0.17396077153323572,0.022638881907743567,15.0,0.12735451321507518,0.0003874154829458302,8.414453928235225e-05,0.2904082587865306,2,dark_small_objects_many_parts
val,Body_50_jpg.rf.fddb77e0f4c27fe439c17708479904ba.jpg,64f7f04d81f5ad1bff3653992c06f43b80b8c57ed6b00b9020d625622e87b1ee,0.04831697687919109,0.153827351108975,0.017396470612170648,4.0,0.24831579445592666,0.0676837637852421,0.008588002040505078,0.5185266992376154,2,dark_small_objects_many_parts
val,Body_51_jpg.rf.3f186ed499066159282d35f8f7541777.jpg,95f69bf8856be5c04de85d976699f283434443f36f8b90ae5cd98ea90aa0a3bd,0.026896753859726858,0.12946307757255024,0.055232874552408856,4.0,0.17064512566461038,0.03937789137290581,0.003669052514957568,0.30654907467301956,2,dark_small_objects_many_parts
val,Body_52_jpg.rf.ccc06dd7f1e9bf7aa41ab283bcee0b06.jpg,852b4790014db9544fbea0099b3765d70486f3cdf36fe46bf33814d943d13b3a,0.027244599410637626,0.1290501744450169,0.06507671580595129,4.0,0.12337517771151395,0.03770201263219897,0.0031221130096222784,0.32441225915816885,2,dark_small_objects_many_parts
val,Body_53_jpg.rf.51e47db469859a19974d81621eb0c9c0.jpg,3f9fedf78a09aa8257b50151ac18a88e39b78aaa42bfb9c80b8aad0820b84a0c,0.01869163697117194,0.07848616931526967,0.11900357265098423,3.0,0.17693317696473115,0.06768025776277199,0.04069440281042761,0.1750206417072927,2,dark_small_objects_many_parts
val,Body_54_jpg.rf.9880768f3e535932e78b4318b6e54077.jpg,d062eec824062952ba350d1351a86c98b77331c790571427a04e90bb91f1ac63,0.04367028031027748,0.1467590774621748,0.0,7.0,0.1340089438633212,0.026076042121353955,0.0005329154154548976,0.15100263477588632,2,dark_small_objects_many_parts
val,Body_55_jpg.rf.edcff5b1204353a04aae4654bbb775f5.jpg,671adaa7e0999cebfbbda6454b0f492a3e56c115a325ca685efd8f82b3c8a5f9,0.060209707578133514,0.16201778290659508,0.0002722185908579359,8.0,0.1657875315322896,0.000929095954575973,0.00023139748302646872,0.29528597748782975,2,dark_small_objects_many_parts
val,Body_5_jpg.rf.a4b7601951ae4efffc37cece7b318701.jpg,fcf01af6dedd54771de332a679a8182c0139c92afcc8f6d37d4643c2eff71057,0.008023972394266526,0.07220346682415794,0.023266859615550323,3.0,0.03680972991355901,0.013224716757209697,0.0031449021556779156,0.022186110190780206,2,dark_small_objects_many_parts
val,Body_6_jpg.rf.6448b1c93189d85c34871aab0206146b.jpg,3224c66831869f27700d2900ede97ea3da0ce1bd4504bfd318e58ee652c62526,0.0378544902368789,0.1702764071025908,0.03699061449836282,1.0,0.09112152399784729,0.09112152399784729,0.09112152399784729,0.09112152399784727,2,dark_small_objects_many_parts
val,Body_7_jpg.rf.f92faba086a195d71fd6911a6fa85df8.jpg,54e63d01a7a4b6ba0ad804143f42fcbf047ea6fdc28d301543c974fa89899bce,0.02928676125571563,0.12890703595823402,0.030168759589101753,4.0,0.059427080868161286,0.00494436818845572,0.003534070649858795,0.09343023979440686,2,dark_small_objects_many_parts
val,Body_8_jpg.rf.878b896c05a5a64a42aeebf2d8d5c525.jpg,556c733f00e5e4879e241f3dca4511119b32e01fc40887d3a093410c2a8e461a,0.04117852951711724,0.1750503782397793,0.07101031284706265,4.0,0.13897347168097998,0.02009915031545437,0.0031817153916139443,0.10211991648654477,2,dark_small_objects_many_parts
val,Body_9_jpg.rf.14f8ffc4e6247e7925744e283c7d2486.jpg,9e886b309b180c101afa36130be45a64b874b70d5eda30af6043e1364122529c,0.015082118092667404,0.09269374232658341,0.014412777096617455,6.0,0.0858309360904694,0.006675466783066612,0.005897129794704855,0.09718694287111687,2,dark_small_objects_many_parts
val,Solar_Array_235_jpg.rf.8d210bf8cf4a72a2ae13a92dbf01f0fe.jpg,703adcb38bff2c74108d19fef85674fedb73a9f4f9f3cec7f7dc8ff68dd3d2ea,0.23136877300289008,0.2678852982693408,0.5304689893535539,3.0,0.35100360087540716,0.15445369757736158,0.02274277280130293,0.5135780359324104,0,bright_large_objects_many_parts
val,Solar_Array_236_jpg.rf.7091dfdc5dd92b5c1edfb0eec637c360.jpg,c9940c1839858eeea27b22c95b5668a9c40bbc77a378a19f9c0970c867d57b90,0.2196186717161781,0.2282452343699545,0.35365552715226717,8.0,0.29136810200668894,0.004049435618729096,0.0004389632107023412,0.6649665551839464,0,bright_large_objects_many_parts
val,Solar_Array_237_jpg.rf.27111e28a297caa5d8d7723cffee4d3f.jpg,99aa30fdb679e7affc66da46f28a04fd5530f3c2ffddc8e70c5116f56aed0b9a,0.32361225680677863,0.216767573234606,0.21034569833792893,11.0,0.3066059083319028,0.024891149986735125,0.0033958082991307607,0.4697950966775386,0,bright_large_objects_many_parts
val,Solar_Array_238_jpg.rf.434a8f8eeace4d820bdb561d3fdec17c.jpg,22af57ba7c33a4cab981a1c1a8f354827ec614e9ac09429dafb76b6ca462b567,0.14869182301535838,0.23923215717726726,0.19104169957778033,7.0,0.1332666080566263,0.005734767025089606,0.0031559252496562297,0.2716575370257659,2,dark_small_objects_many_parts
val,Solar_Array_239_jpg.rf.43a92bc87d7a1adeef697d694a24a9b6.jpg,5a1f41110e285787bd0d61609bdad23ad7db086ec7d5e04c4ce489465aaeedfc,0.22281335742488123,0.20155229289828314,0.5271839815027574,3.0,0.16991427891102467,0.04290023017699817,0.04107468846733868,0.24890864354313835,2,dark_small_objects_many_parts
val,Solar_Array_240_jpg.rf.b7e5174d713f29f654c352e9e9f628fa.jpg,1d235f4861e092e961cd5f9164eea28a70765bb31ba32a87343271b864d20cda,0.2324207342511473,0.2211494968393103,0.4186304129806219,4.0,0.3277230866941886,0.08494760241346458,0.0036122578596379804,0.41348443950460456,0,bright_large_objects_many_parts
val,Solar_Array_241_jpg.rf.31cce12a18cff3f76fa74c2aee812f5f.jpg,aae6d284fe09824539cdc23769cf16e26e5d8289f274b02af3a4219facc65e18,0.13317640117570465,0.1864686424453386,0.763626038794424,10.0,0.28471832275390624,0.00929718017578125,0.000384521484375,0.5610992431640626,0,bright_large_objects_many_parts
val,Solar_Array_242_jpg.rf.c8a077274a15814a6182854b5acdaa2e.jpg,9a65f9da0d2d6e5edb90ebe938051104ed7775fa2cdaa302e977d70dc751e4a0,0.5659263929427022,0.21676744914911752,0.16887144200942095,5.0,0.3248757217402044,0.05860955012813784,0.005469015345663383,0.57854939224586,0,bright_large_objects_many_parts
val,Solar_Array_243_jpg.rf.90bcc63c6ba133774dfabcd3ee8a6a50.jpg,9f6b7789b768cccbc95b856fe167b31c3d49310bcd89fc76b36abba3b1905aca,0.2902926984126984,0.20416595921882805,0.5211935005935968,3.0,0.01879455782312925,0.005325170068027211,0.005306122448979592,0.0348299319727891,2,dark_small_objects_many_parts
val,Solar_Array_244_jpg.rf.2a15c27fe5d8f448d75cfb8d7ce3e48e.jpg,67916fb4dde4a9ebf911318ec4380f0cca7e42d646f2faacf2b9c7d7a69ee924,0.22907383994321712,0.24237643451073004,0.3478694242589614,6.0,0.1282522624434389,0.015229072398190043,0.007352941176470588,0.2398897058823529,2,dark_small_objects_many_parts
val,Solar_Array_245_jpg.rf.2a766cb7013ceea63bc6b6a07368352b.jpg,d6d4445608e0596338cacd4c9700486ada3e920591b0d995c810b965059bdb30,0.27340015771271037,0.2113698447902116,0.3148776185278799,4.0,0.46938765935986304,0.09302041917361575,0.03089734116791574,0.8369116732932222,0,bright_large_objects_many_parts
val,Solar_Array_246_jpg.rf.e9e905fecda9e3262ead2a532d234d77.jpg,bfd62fe8db3ca546bf0bd124fa2309324fe0db31fd291c533f649888b3569387,0.10259753940792003,0.18639332422281146,0.4966800764495251,6.0,0.21938888888888888,0.02684313725490196,0.0016971677559912855,0.33511111111111114,2,dark_small_objects_many_parts
val,Solar_Array_247_jpg.rf.5a6aed4ae5a5a7fae6691c78cd38d74d.jpg,8d10f6160204002553f99cd99298f3ceefad123f59f9791603c645b4cb56c10b,0.331863077001634,0.3283067646855357,0.3795210296032476,7.0,0.14701497395833332,0.009208984375000001,0.0010595703125,0.37861653645833326,0,bright_large_objects_many_parts
val,Solar_Array_248_jpg.rf.f5bb7934217180293b45ce7f777267a0.jpg,4ace02930e9d9ef8d3c56e2cdc56c13294299dd4d13e93f391665eb36c139a3a,0.3618032078609799,0.27040458156715697,0.31226803648705576,3.0,0.5799512512187195,0.12279736756581086,0.05283149171270718,0.738849528761781,0,bright_large_objects_many_parts
val,Solar_Array_249_jpg.rf.6b458c45aab68217dd40ed326e4fe5e5.jpg,8cb5997070654499f55ca11b6b05a79509fa94f4a1d256c63aad15f1868bcf05,0.2051931251512951,0.25580723710751085,0.28121176326976105,4.0,0.33815308641975306,0.09282962962962962,0.014696296296296298,0.5560888888888889,0,bright_large_objects_many_parts
val,Solar_Array_24_jpg.rf.05303c533c773d21ab77b3cc7c31645f.jpg,1aa69f492248eeab96e15ccf360b78d369c800e7365aa3336121f83433f339d8,0.13499994468273419,0.24328383379999516,0.15867050769282323,3.0,0.45400499131944444,0.12600585937499997,0.06531684027777777,0.7016232638888887,0,bright_large_objects_many_parts
val,Solar_Array_250_jpg.rf.78b608fcfdfb039e78614f6a02d361a6.jpg,ccd3e2619147a80d7c9ad52bc7519997947ee6590e0acfa9abe573a52b6d3cfb,0.187311547532127,0.2710157932559796,0.4385210224226409,12.0,0.3458777808621168,0.001615973351310624,0.0005948368164333585,0.6216837847483841,0,bright_large_objects_many_parts
val,Solar_Array_251_jpg.rf.8b9c5255f8ebd9d1ca415aba34583640.jpg,05a316a10263abfadae6b419bbf158a2c05d493f5e6987b8aa374ef39f5db04e,0.5206004232400063,0.25880350166230187,0.5780322504978553,4.0,0.4602106263362103,0.07920262887006096,0.009977036978383086,0.5637025892786444,0,bright_large_objects_many_parts
val,Solar_Array_252_jpg.rf.eae3ff6f73312e374e0705a1b4c5beb7.jpg,37882655578627d99f3f1872d8a517277e0f0b0efd146ded31f3423c899eda0f,0.38301700649406556,0.3036436241075783,0.29961568794998467,3.0,0.22920374985166725,0.0443811558087101,0.018689925240299037,0.33572643487203824,0,bright_large_objects_many_parts
val,Solar_Array_253_jpg.rf.f02b12a296f443bc52fe43068d791ec7.jpg,8c0f504dc62613481c04c3d8b2533ea094850f4d688ff3b2a892fd52f6aec3cc,0.4829677203843365,0.26871422942843654,0.21237519208122702,6.0,0.36995979779484933,0.059009672411734264,0.004736695458344942,0.8971858456394538,0,bright_large_objects_many_parts
val,Solar_Array_254_jpg.rf.b86cb08a72c4724733106c9eaf4bfddc.jpg,6e15cbcdf679ad44e6732cf6e3b61dc4bd6c911f977cfb49e25ef577bce6ee0c,0.3634483890335446,0.27800297031498256,0.5750880222694547,7.0,0.45180866254164687,0.03789861970490243,0.010471204188481676,0.48476915754402666,0,bright_large_objects_many_parts
val,Solar_Array_255_jpg.rf.8a0f485b1d0aab6d85ccde86543c0355.jpg,d6cdb55bce27494c8675bbfb78963da0177525ed4d02f868301e21b3a4640420,0.5014241937212043,0.17917512881566805,0.2578617170745251,2.0,0.0568107302533532,0.0284053651266766,0.021937406855439646,0.0613412816691505,2,dark_small_objects_many_parts
val,Solar_Array_257_jpg.rf.a634089f03c8c57f7661f68f7c200f87.jpg,ac585e248f56348de6740dae4d032e456c9408b7091cb890f29619692cf33da8,0.12103369879807879,0.2210221953019925,0.22948500689338236,6.0,0.4320736050652948,0.03672338741590819,0.0012465373961218836,0.7977839335180057,0,bright_large_objects_many_parts
val,Solar_Array_258_jpg.rf.8f5dfe6ace786140cf4ac13313778864.jpg,087d8d11599a8556eb3884191d1022391bdc2961e4b256a515a6265d239faab5,0.19749494242141302,0.2665370290781319,0.30291050929649205,4.0,0.2240079365079365,0.06718253968253968,0.006666666666666666,0.36091269841269835,0,bright_large_objects_many_parts
val,Solar_Array_259_jpg.rf.208c1fd2843a8640a5637fe0b829cfe7.jpg,616870c57dcc40d1657795a721c52add0a295350f63164a4647313aea2aea200,0.26309162989587287,0.21938717014771222,0.578889435412837,3.0,0.21210134128166916,0.05355191256830602,0.0330849478390462,0.2531544957774466,0,bright_large_objects_many_parts
val,Solar_Array_25_jpg.rf.b0a58fee3258ba1c91b7bb960a5abfe7.jpg,49288da4cd60859af3baba94a04936b5cb0b1cdb3c09c7ef3cc698d13f8010d5,0.46821171299288944,0.26279574289835017,0.13983269485772826,1.0,0.46719413919413916,0.46719413919413916,0.46719413919413916,0.46719413919413916,1,bright_large_objects_few_parts
val,Solar_Array_260_jpg.rf.a0c2b244e993fbe1c038a1ecc53c75a7.jpg,790e872f297e1cc7d42e512c93d505f5e69a2e11bb5b50aad4f32d48881c494f,0.20437434441595967,0.16470208769195818,0.16226036221373316,3.0,0.07845897608755999,0.0165959471784907,0.012372605781813855,0.14077804655589485,2,dark_small_objects_many_parts
val,Solar_Array_261_jpg.rf.01f75f0f47a29ccff72dd78f2067b324.jpg,a420304ff655d76c938e32fed4ede7b69c50cea7e0767207ef658ed19e22e195,0.22366079308027234,0.2042502676471652,0.20120713477041208,7.0,0.33855936413313464,0.041589667163437656,0.005027322404371585,0.589090909090909,0,bright_large_objects_many_parts
val,Solar_Array_262_jpg.rf.bad5ad37cdd678532bb3cd42b0fb27ca.jpg,dfa105ab08c32ab2f296ec3435bdcaf805a24ca6ee900171c1e64ca84d9c05b0,0.1587430630798566,0.14907219686965614,0.8062620275160846,8.0,0.33965141612200433,0.03437314319667261,0.0041592394533571005,0.3798177857001387,0,bright_large_objects_many_parts
val,Solar_Array_263_jpg.rf.79c8e606ec3b4f26960587de2bd3f689.jpg,e7f1849eac0781ae9632c342e53bf5b8a11a4cd4af7f57fc402f904c4d4605c6,0.19064184562713976,0.3003038606372901,0.5096177045036765,3.0,0.2899603174603175,0.060515873015873016,0.048492063492063496,0.5493253968253968,0,bright_large_objects_many_parts
val,Solar_Array_267_jpg.rf.29a7ac0736bd3b3692a790c5d7f194a7.jpg,3c64ab2a693c7fe7e002125a67ebc02ed51dde3789d07dfb33dae7cdd175a8f3,0.20279807320024795,0.2501041374714648,0.18555351706112133,6.0,0.44367897012973956,0.06489909148814912,0.05087750176003218,0.406533909953401,0,bright_large_objects_many_parts
val,Solar_Array_268_jpg.rf.099963b68e3dd59cffff5d1f0644e738.jpg,d4db9a1cd24a069e42edf03b31bd20f65d13203be89dc8da83234eadceae0f94,0.10353785927137149,0.20989502105845645,0.6188633937461704,17.0,0.13920567038884932,0.006830601092896175,0.004137958343232755,0.35780470420527444,0,bright_large_objects_many_parts
val,Solar_Array_269_jpg.rf.7c8cd273dc5c0cb42316b983dcb3760f.jpg,27012652285c2e57907a674a72cdebc7cd9c44b22270bfa82661e47e22068e09,0.2158690476190476,0.24441567729178088,0.4708033842198989,5.0,0.3436507936507936,0.08214285714285714,0.003492063492063492,0.7177777777777778,0,bright_large_objects_many_parts
val,Solar_Array_26_jpg.rf.60ace05f2a8967054b1830771e788659.jpg,35cfd11aedd636207d9fc0369b438c96959b7946cfce7732824bfbb83e3f5ea6,0.3167620080277852,0.28114716388056316,0.2826107847924326,1.0,0.43584637608490623,0.43584637608490623,0.43584637608490623,0.4358463760849063,1,bright_large_objects_few_parts
val,Solar_Array_270_jpg.rf.4668d0c71e64993283900d607adb3e51.jpg,96c879b045e70197f1aef4e5584c94557d0d96ec9ea39ef23e41a3d69dfca8ad,0.30925240337005044,0.2766878787618638,0.5589425479664522,5.0,0.36606698145159683,0.0814256968103122,0.01490247644093798,0.6687187456418227,0,bright_large_objects_many_parts
val,Solar_Array_271_jpg.rf.3d57ac5ab4d05e470a2d4b85cda4d672.jpg,eb18284dd6de70b10567d61700e8f81b54f986a6fd86e5ca8fa9f8b195433152,0.43429164528618747,0.27244836253210547,0.20221618951535691,3.0,0.2881046788263283,0.11399682791435369,0.04381443298969072,0.5778350515463917,0,bright_large_objects_many_parts
val,Solar_Array_272_jpg.rf.aa42d433bf6b9e162f77b7f93ab731d3.jpg,a3fbf69c0570b71be338f9f05649717616637e2000642d8f58fed07f775f5d8c,0.5913841156412412,0.13274452699849756,0.3320985382678462,3.0,0.2502885801854874,0.09443537794053257,0.03478883891255025,0.34303228117661105,2,dark_small_objects_many_parts
val,Solar_Array_273_jpg.rf.528d64e0cf152e4c9479c074c5713981.jpg,cdedab3050564f7e16a273e48dd2b91c81bc09217c3a5a2083100c924ad32f7e,0.3392853252412076,0.2207635987987492,0.35279092227711395,5.0,0.925297619047619,0.15684523809523812,0.026190476190476188,0.5133333333333333,0,bright_large_objects_many_parts
val,Solar_Array_274_jpg.rf.14c7f4ea9e99e079c87f84b3a8c29a50.jpg,dee7724788b7b54095b6903621ed518883db03e9849b45c0540c9e53e4e13780,0.20881040871930362,0.19447641542855418,0.7941535500919118,5.0,0.1894682498709344,0.02223898971446726,0.00490449148167269,0.2527103768714507,0,bright_large_objects_many_parts
val,Solar_Array_275_jpg.rf.1e7a32782c26b3ced6054afe83d2d72f.jpg,14a7447828952f2ad790645b3a0658b36e6d643fa6fec9da6a2f97e6ebbbc4a3,0.2830982726423903,0.2902664367079494,0.26414681228936887,8.0,0.4216865079365079,0.02619047619047619,0.01277777777777778,0.6825793650793652,0,bright_large_objects_many_parts
val,Solar_Array_276_jpg.rf.ec0e67d0a4cf82ef845c99a1bf95e4c0.jpg,cc0f36f2e102651b52d6ce49576bb62a3a598bb2f0414e636c779a65d36a1aef,0.2902044801257142,0.17064746721090937,0.4285960178749234,4.0,0.47421146597897246,0.12052172188057925,0.0710970045625868,0.6237452886332077,0,bright_large_objects_many_parts
val,Solar_Array_277_jpg.rf.8f5d1e03bfa39f75d1a9c7088ff434f8.jpg,5c10cbf7e17ff28c5f186315046cb23873478325230858a434bd50992e503f71,0.3033934328823432,0.2305338925296923,0.5574366550819546,3.0,0.5244709388971684,0.1811028315946349,0.06613015399900646,0.7393144560357676,0,bright_large_objects_many_parts
val,Solar_Array_278_jpg.rf.e5546dbdfd3f00eb8fea330e5d4ddd86.jpg,c3381b0d7880d66f59ade741e95c8ec0788907e263431b51fcf2dbe72a11220c,0.20846831486217673,0.2615199431779065,0.5887442196116728,2.0,0.0918737060041408,0.0459368530020704,0.034141583054626536,0.10033444816053513,2,dark_small_objects_many_parts
val,Solar_Array_279_jpg.rf.9db2dd85b881eaebde89f2977808b817.jpg,8d166f4aee14f6b91ac681324d2c97c5b8dfd4f36c05f64854527a033e31f606,0.12841417063596428,0.17345259697901314,0.20785903930664062,2.0,0.12091405861897667,0.06045702930948833,0.03676105315449578,0.1702533532041729,2,dark_small_objects_many_parts
val,Solar_Array_27_jpg.rf.aa0997e5e3bee526786461672b8b40f5.jpg,070b9918abe042d5a75c01dcdc94a5cd0b1bdecd36809df8a94446ebf4f16e9e,0.8834958545146454,0.2357285513784739,0.07639513202742035,2.0,0.3472077546296296,0.1736038773148148,0.11257233796296295,0.5065755208333332,1,bright_large_objects_few_parts
val,Solar_Array_280_jpg.rf.7826c5e573689d6fdb45e12d2562bceb.jpg,09bb70cd5cb68073aeaf3595c9f814d7b0b411f794755a39708f7c4ad99ec9e6,0.2945661462427696,0.28458913618467874,0.4883369894588695,4.0,0.1208311853114962,0.025915057302613315,0.013086409961533886,0.18255541896339764,2,dark_small_objects_many_parts
val,Solar_Array_281_jpg.rf.a019c78aa8e49c93ab453947f2ed5c6b.jpg,58357b024b85134b91c17c58ccda8cebb8e5f410f8fb6ca94bb2f0a33c9a0db1,0.26617273576097106,0.30788308802395586,0.39037152458639707,2.0,0.2534325396825397,0.12671626984126985,0.10236111111111111,0.5716666666666667,0,bright_large_objects_many_parts
val,Solar_Array_28_jpg.rf.0009e1da2518d4ea4c0fed8ba5c2b1e6.jpg,2b1f0c0b84942d4f8717aa399005c3b7644f1570728f9330176a714e850edc4e,0.4420578171291584,0.25958556314267794,0.14451120413985907,1.0,0.2749134948096886,0.2749134948096886,0.2749134948096886,0.2749134948096885,1,bright_large_objects_few_parts
test,Solar_Array_200_jpg.rf.75b1f3d5bb1e8220960de0496b4051ec.jpg,b37cf262e8dfa7df30b5cea0a857b7b2036712ad63eb76f0cd4c71813573246d,0.4296832085561498,0.2930276107484949,0.3836494894588695,11.0,0.47812954545454545,0.0007363636363636363,0.00018181818181818183,0.83605,0,bright_large_objects_many_parts
test,Solar_Array_201_jpg.rf.265f38e96f1ae20b6ee8f34b9d617e65.jpg,fea21c7ee5e2f890742e2823bf702f05de9965a9c8ce6344dd25dc8e12443b01,0.22316522609043618,0.3202033471018772,0.3988713582356771,6.0,0.44797959183673464,0.052168367346938777,0.0325,0.48783673469387756,0,bright_large_objects_many_parts
test,Solar_Array_202_jpg.rf.f662ea6704b262f3a7f857a2c5f2b248.jpg,a188f0f708a763c42a2fe0a84905815466c0eb3548d017c83e17854d7262f150,0.10893281096222272,0.20502830950249182,0.19068642410577513,4.0,0.4399227799227799,0.11218146718146718,0.006486486486486487,0.4009169884169884,2,dark_small_objects_many_parts
test,Solar_Array_203_jpg.rf.5e3f1c05c26fddadda10669c1252aff7.jpg,b17f97c339942668de9ef7d59f6502f1ce4a9a3f3c15c15c8a9f2af6ff81c65e,0.13792302106027596,0.22215150777519607,0.2901329190123315,9.0,0.5089814814814815,0.06372222222222222,0.020703703703703707,0.5627654320987654,0,bright_large_objects_many_parts
test,Solar_Array_204_jpg.rf.09d2512e2e61ee22d6947c7a00e4d468.jpg,2da37b2ab4eeed67356921647138db88b5500d36bfeabef16aaa47d52b718d99,0.10067754234310212,0.1789459254509317,0.3246442607804841,5.0,0.3006608422939068,0.01863799283154122,0.0023409498207885306,0.3663082437275987,2,dark_small_objects_many_parts
test,Solar_Array_205_jpg.rf.d68c8eaf9e41d90ad48d19f0d422beeb.jpg,243c6d816e0ab36dce74b29e550de336fe7601623c44b618fba1d17db591dc8b,0.253319165085389,0.23527290696817463,0.4512800927255668,5.0,0.22380148883374693,0.05050124069478908,0.027632754342431762,0.3175384615384616,0,bright_large_objects_many_parts
test,Solar_Array_206_jpg.rf.42b384e51d7aa910faaaa8fbec6b0277.jpg,dc388580b9db47db45912c7304c3640c98ff6d897abc180800c005b16866f8f0,0.27232952069716776,0.276952738675137,0.5189327464384191,6.0,0.2721626984126984,0.016408730158730157,0.006071428571428571,0.31055555555555553,0,bright_large_objects_many_parts
test,Solar_Array_207_jpg.rf.8527a160d4fdd162225326dd2ab818df.jpg,c221b0c73ce0135a8329b1cbeaa0082713c056e22331eeb149810eccfd663400,0.25553888241784595,0.29778476612156396,0.3373093848134957,4.0,0.36270837049810706,0.04243721630889378,0.03153554934490892,0.5061544865314861,0,bright_large_objects_many_parts
test,Solar_Array_208_jpg.rf.f8db8ac0d82f294172bc194171c20e3e.jpg,ba0f96e30896cf2738d446bbd195b85a5eed7520982fcaf90d7a67f4b16fb0aa,0.4392149849507612,0.2517149552882406,0.4817783131318934,3.0,0.18771982116244412,0.02587183308494784,0.017287630402384502,0.24953800298062587,0,bright_large_objects_many_parts
test,Solar_Array_209_jpg.rf.d6f86e0792f8c71c19da8843c140ed55.jpg,4edb93c14226d42088e990a40796f7fec6c52c2ada71f459896186be8abce650,0.2357409769174475,0.29766395154409925,0.299022689520144,4.0,0.18944658944658943,0.04153054153054153,0.022275022275022278,0.2869022869022869,0,bright_large_objects_many_parts
test,Solar_Array_20_jpg.rf.cb0a78f74fae3ba7d67ebd313a03d1fe.jpg,884c05845e1d73a13c99c0d885f18194ca0f078f0becd48ab80405af862002d1,0.5732669182986988,0.28403327838519393,0.1910432404162837,1.0,0.6029344498786109,0.6029344498786109,0.6029344498786109,0.6029344498786109,1,bright_large_objects_few_parts
test,Solar_Array_210_jpg.rf.8c4a342025e270874c7f366b4618c65c.jpg,bdb7f6160601922de61e7d5be192f598f36c66c0374387a58127ee9a4b021343,0.4068716739883568,0.23471971234165973,0.3849015478994332,5.0,0.6448087431693988,0.07476043399065495,0.00411815949948523,0.6789617486338798,0,bright_large_objects_many_parts
test,Solar_Array_211_jpg.rf.53b831f6c5b9d635894fef57ba7cec3c.jpg,eb56f647412bc73f694853097a9fb6238973a71c420f4bdbd82324f5e074235c,0.1332789998915663,0.24269599192163913,0.22241251328412223,6.0,0.2718082892311352,0.026292838595865294,0.0021803333927969716,0.5974311708390319,0,bright_large_objects_many_parts
test,Solar_Array_212_jpg.rf.a95b8ef071cb286e2f1076fc8fc2eddf.jpg,68fd05a38cbc8a126def1464e2d82bdcc17492c5175e8e2cf2af8d647af3ef5e,0.12706887163236427,0.19789358696001785,0.6798986696729473,11.0,0.4509827325535132,0.0038792074480783,0.0031033659584626403,0.7631893053234662,0,bright_large_objects_many_parts
test,Solar_Array_213_jpg.rf.21a62ef0acc4c6170cb1ca46a66ebf92.jpg,4f18081a538b5ac5b5263583375302656c79dc7f1d3fcf13a7aa9605ef98d2dc,0.19459710378069792,0.19353568464372134,0.3701983582739736,2.0,0.0901356047442774,0.0450678023721387,0.03366510538641686,0.10569489562086072,2,dark_small_objects_many_parts
test,Solar_Array_214_jpg.rf.eb1cbe4b3e00535df615b7fc66e7a3c1.jpg,923d9f29a14dd37b7abcde588a66c5752a2f9ec5d18d6bbae109f2fb907ee121,0.2106957622240206,0.25496106809561336,0.3413002762140012,5.0,0.1652269299328123,0.02245303715891951,0.0026395173453996985,0.3142891966421378,2,dark_small_objects_many_parts
test,Solar_Array_215_jpg.rf.c3364e627d317927d9dcafa2c3922d9e.jpg,c5f81bd0ed145cfbb5fd5c6de2c723376ccee2cf090bba4c55a264e1468a1265,0.31517705241074123,0.2624122245088059,0.5031261967677696,4.0,0.3933127572016461,0.08184427117175655,0.06650422352176738,0.569078947368421,0,bright_large_objects_many_parts
test,Solar_Array_216_jpg.rf.09037121e49bc056f5fdce2b0ac2203a.jpg,08351dc9f378d436a87dfdac3006ad55c41a47003eb30038c4fd8329262407e8,0.09349504901960784,0.22145042232320739,0.06057030172909007,6.0,0.323021875,0.049764583333333334,0.0036854166666666667,0.3819062499999999,2,dark_small_objects_many_parts
test,Solar_Array_217_jpg.rf.015632e27d0d9044b3e29f60cacbe0a8.jpg,cd96387ba24d796759add5e05807d38605a4b13a544fe5f52463bc9dcaf69478,0.28289705882352945,0.2548626443386947,0.6512441597732843,4.0,0.1556746031746032,0.03160714285714286,0.016071428571428573,0.22130952380952382,0,bright_large_objects_many_parts
test,Solar_Array_218_jpg.rf.eccf3fdcc8d1aae60aa5e2abfebdf2f2.jpg,626068c7289a6aae76d4a195c763ba0c3ada9f601d02e1fc60b32718fc4d99f3,0.3461962531594669,0.24536942114366284,0.4235292322495404,4.0,0.2021331787109375,0.035247802734375,0.0146484375,0.484375,0,bright_large_objects_many_parts
test,Solar_Array_219_jpg.rf.b4d6bc373cb6248a500d2716ec680f83.jpg,00b0e361749d1809ab1bb4b007d95c8b724e79b378272814a176aaf1838fbfe0,0.17098706699346405,0.2654577172264106,0.18921742158777574,3.0,0.22595312499999998,0.05974166666666667,0.053314583333333325,0.3603333333333334,2,dark_small_objects_many_parts
test,Solar_Array_21_jpg.rf.d5af5001520d232731810fdc2eedc8b7.jpg,7900fd1ea3532d1c0d5cfc2594e6edcca2752b28aa1758313571a0edebbd7e20,0.29720683823529415,0.30719805841153636,0.307251844219133,2.0,1.0878784722222221,0.5439392361111111,0.4800347222222222,0.8115333333333331,1,bright_large_objects_few_parts
test,Solar_Array_220_jpg.rf.d0517b986f3a57586494205946e7b7b6.jpg,64672080e11b4c2d23e9522a4e09b6836db610b786b7543521b723e9affab65b,0.1588595449043815,0.1995076899214227,0.18087431963752298,15.0,0.3235,0.013185185185185187,0.00014814814814814817,0.49400000000000005,2,dark_small_objects_many_parts
test,Solar_Array_221_jpg.rf.6135c210aa06da024159970776e8446f.jpg,38b18d8a1390c3c3099764d4405aad3edcd9674076c41419c14baaca8ef55b21,0.2081798894395137,0.28298475405189577,0.3001038196040135,5.0,0.2551166111375536,0.04069490718705379,0.004957956528637157,0.3930072981120102,0,bright_large_objects_many_parts
test,Solar_Array_222_jpg.rf.9068051a3a944f66f372f65b288c5739.jpg,b6ba2ce173d211aaee5404fb528ebd9a1a09ba18661a4089829883c517f765ba,0.11656155594187488,0.20002205774554088,0.7335344501570159,7.0,0.3268121543676042,0.008562763869893561,0.006065291074507939,0.5886900160551823,0,bright_large_objects_many_parts
test,Solar_Array_223_jpg.rf.e3013412215a71734c22982bc0118b21.jpg,309c05c35c744a1d65e2d080563809ff643f8d8f0efec7a8857d0fbaa67904d9,0.475891788869351,0.1645408027681122,0.24643046061197918,17.0,0.5651992198383952,0.0256736854674999,0.012239780281017394,0.6488874736297418,0,bright_large_objects_many_parts
test,Solar_Array_224_jpg.rf.e04a9965d8dd4cca61e73d80d7be038b.jpg,632ad4af29cfcbaf0f0039e04dccf5b2baae82ca5d5d2fd64455c85a9160c167,0.1816812601578946,0.2321838113732464,0.11940874585918351,4.0,0.5915742615854493,0.09936791620051078,0.02264455553509977,0.8196460519545504,0,bright_large_objects_many_parts
test,Solar_Array_225_jpg.rf.832b4f34ff802bc362f7561203e357b4.jpg,744d64b2337ff71983087c52fb8e2d9b20294d33ce0b9ccab6ee7f3f004045e5,0.23427439172283496,0.20021982872130548,0.5773112577550551,11.0,0.5561116536458333,0.011786566840277776,0.0017344156901041667,0.7942708333333334,0,bright_large_objects_many_parts
test,Solar_Array_226_jpg.rf.84a4e4bebc994c855a4ddf2c2dc12a20.jpg,44db14c8688a78cac8cee274d0e19d676a64ec4d69b030872f1a74fb6e998c85,0.3980467559493279,0.28476669125602827,0.5419096105238971,11.0,0.21269500151641518,0.013018661384487071,0.002445219501099401,0.3019988247782243,0,bright_large_objects_many_parts
test,Solar_Array_227_jpg.rf.97d9e56ba2a387eda1ee1fcc555b1fa4.jpg,a27b8854769e0f3fb19f8709bd78057c77bb4668d4025ad3e00433bfd1f6744e,0.18703719265483973,0.2408333230654008,0.20580788406671263,3.0,0.28267857142857145,0.09511904761904762,0.07503968253968255,0.6222222222222222,0,bright_large_objects_many_parts
test,Solar_Array_228_jpg.rf.4d92859c85aebeac953af5a0db24f25b.jpg,87e4091f8fcb30a64c25e117a3ff2145265d4c3db77d5d29807f97c432145fa7,0.3393632016129915,0.3381309997014665,0.5438812255859375,18.0,0.540162797018726,0.01041919993896304,0.00042916613020900393,0.9953650057937427,0,bright_large_objects_many_parts
test,Solar_Array_229_jpg.rf.2414254907de33968ec499d5ba979395.jpg,0aec27b4d34ec79f3e56bbe67c576748492f8ee876f03c062f67de83c74cc342,0.49728794764433554,0.21172459773458455,0.46051899031096816,5.0,0.16103515625000003,0.04095052083333334,0.004375,0.25138020833333335,0,bright_large_objects_many_parts
test,Solar_Array_22_jpg.rf.08c9e15bda851e418b94e5d84077f833.jpg,21e95bbd27ecff5b41f83bfaf14effd420786faa576c256fe7a26153984cdfbd,0.3414064189554498,0.35397344112399,0.48910690008425245,2.0,0.5389335993543758,0.2694667996771879,0.24439982738522237,0.429680494530129,1,bright_large_objects_few_parts
test,Solar_Array_230_jpg.rf.622522226d5f883cf1f86c8c46642260.jpg,0c50708565c348cb5a13e953c2c46df783909412d3202c5403cbe89d8fbf4d5c,0.11447230573710966,0.21661428222349832,0.2038603389964384,6.0,0.4256972222222223,0.04328148148148148,0.009482407407407408,0.7399652777777779,0,bright_large_objects_many_parts
test,Solar_Array_231_jpg.rf.286a093ebdfa4e4b717ff11e690e0199.jpg,fef7e14e5745cb15489e540c22a9db9c8805ff0e501d8ce2824c6cd39d49db43,0.2982284823828008,0.34142915739446367,0.2987818100873162,7.0,0.3379401967005076,0.01070748730964467,0.0021811548223350254,0.5615482233502537,0,bright_large_objects_many_parts
test,Solar_Array_232_jpg.rf.86d8d7a8f3f72ca6238de14b6653dbd9.jpg,529d791207100fddd75425a2480edfedd4e83c24d9bbd33ea46ccd3120cdf120,0.5469584655035089,0.2216812752083,0.2583248961205576,5.0,0.0811013656196802,0.021922238483660667,0.001091676986425679,0.15297578637700837,2,dark_small_objects_many_parts
test,Solar_Array_233_jpg.rf.1ef05fbb243b91363af99d32c98366be.jpg,5608eee5626dfa3868df708b90ec6ca1d790227696552ffce0a22880d16fb035,0.47749479455578875,0.24893905095478883,0.2682961856617647,14.0,0.5691324313243133,0.0008466584665846659,0.00015744157441574414,0.8450988109881099,0,bright_large_objects_many_parts
test,Solar_Array_234_jpg.rf.f81867b6add11c24e0a1b9a6f74d7820.jpg,027bb50320544dfea5431d69ca8c8e80e293c883705bee134c43b6f36ac8e088,0.21252622969187673,0.2868883213298382,0.41192839379404106,38.0,0.21021428571428574,0.00045714285714285713,0.00034285714285714285,0.31999999999999995,0,bright_large_objects_many_parts
test,Solar_Array_23_jpg.rf.98cb2a30f1e76b211e9b7c09bf77ae87.jpg,987aef18b9132095e4bb1c98bfe87c20e90364331a95046602e34853b74ecfaa,0.3225926380487615,0.30432538567115175,0.4527158550187653,2.0,0.804053651266766,0.402026825633383,0.31447590660705416,0.6107103825136613,1,bright_large_objects_few_parts
test,Solar_Array_2_jpg.rf.eb2926baf0289a247a39d20036a6a69a.jpg,fc716ab1a008f2d2a66cdde4aabe1f52f7f43ab4e9fa27f8e7e875f596eef31c,0.1872917648040197,0.14996258307363938,0.5745641970166973,3.0,0.35340340340340337,0.07695195195195195,0.02437124624624625,0.7380380380380379,0,bright_large_objects_many_parts
